user_id,signup_date,plan,country,session_count_30d,session_count_7d,avg_session_duration_min,feature_breadth,days_since_last_use,engagement_score,churned
usr_8c5ba85fabf0,2026-02-04,free,FR,11,1,9.4,3,10,12,0
usr_8b5a6a53efe9,2026-02-16,free,FR,0,0,3.5,3,28,14,1
usr_a0675d35c1fa,2026-04-23,free,AU,7,0,9.5,4,16,22,0
usr_2fae83445c4a,2026-04-26,free,UK,20,2,1.3,1,8,50,0
usr_2d40f6fe214e,2026-02-27,free,AU,2,1,6.0,2,13,20,0
usr_623b58c12aa1,2026-03-23,free,FR,20,6,13.7,0,29,34,0
usr_4b83cc15856c,2026-03-30,free,IN,16,6,13.2,4,20,27,1
usr_da6583a29ddb,2026-02-09,free,BR,31,9,12.8,1,10,58,0
usr_47f1ae04775c,2026-03-06,pro,ES,37,8,8.8,3,3,58,0
usr_dad9518cd224,2026-04-17,free,US,10,1,12.4,3,24,25,1
usr_f7e9fe36e5fc,2026-04-14,pro,FR,24,9,9.6,3,27,38,1
usr_f33484079c5f,2026-04-10,enterprise,ES,52,10,21.8,9,0,85,0
usr_dc2ca17b12c9,2026-03-23,free,UK,19,4,1.0,4,13,32,0
usr_4432579a9c86,2026-03-29,pro,US,37,9,20.6,8,1,76,0
usr_942838ea8ba4,2026-03-03,free,DE,4,4,11.7,3,15,12,0
usr_60c57f2a4745,2026-02-27,free,UK,0,0,8.3,2,24,6,1
usr_4671f8d3a297,2026-03-01,free,IN,19,3,11.1,2,26,32,0
usr_e718aedf2a8c,2026-03-05,pro,ES,52,13,14.9,7,3,90,0
usr_401717c9813f,2026-02-03,free,ES,31,9,9.4,2,2,42,0
usr_3f58fbf7dcdb,2026-02-19,free,DE,8,3,11.8,3,12,26,1
usr_06fc95c86adc,2026-03-18,free,CA,13,0,9.3,3,17,39,1
usr_c4b959f9427d,2026-03-22,free,US,14,3,1.0,2,11,30,0
usr_aad92a52ca13,2026-04-17,free,DE,9,3,8.5,1,18,20,0
usr_da9c2ee95b86,2026-02-05,pro,IN,32,9,6.4,8,5,59,0
usr_4566a4563146,2026-04-15,free,ES,3,0,9.9,4,18,31,1
usr_2a0d5a3bba23,2026-03-05,free,US,20,1,8.0,0,5,47,0
usr_d1890c5ffcc0,2026-04-26,free,CA,28,8,1.3,3,6,52,0
usr_c13f57b643dd,2026-02-27,free,ES,33,7,3.8,1,5,63,0
usr_ddeed22501dc,2026-03-27,free,IT,16,3,7.1,3,28,38,0
usr_0d5f997b628a,2026-04-10,free,FR,10,3,7.6,5,19,9,1
usr_b5b780e952d2,2026-04-04,pro,DE,41,10,6.8,6,1,83,0
usr_f522089f9442,2026-04-07,free,IT,23,3,22.8,5,3,47,0
usr_4d3ce7d8aef5,2026-02-10,free,FR,15,0,13.0,0,24,36,0
usr_25a51156f138,2026-04-14,enterprise,ES,32,12,40.0,8,3,94,0
usr_148f608fef49,2026-03-21,free,IN,14,5,8.9,0,25,15,1
usr_9dbfd16d1dd2,2026-03-18,pro,US,26,4,13.9,3,5,55,0
usr_d4a7571b424a,2026-02-08,free,UK,11,1,4.2,2,30,23,1
usr_4410e2ac0cf1,2026-03-01,free,FR,7,4,3.4,4,25,15,1
usr_85f594f79b17,2026-03-12,free,AU,7,6,14.1,2,12,13,1
usr_356d8b926ff2,2026-04-15,free,IN,12,0,1.0,0,29,19,1
usr_65ae88f76a3e,2026-02-26,free,IN,25,5,9.3,3,10,51,0
usr_195428158269,2026-02-16,free,AU,22,6,1.0,1,11,35,0
usr_0af6f3704775,2026-04-20,free,DE,13,2,11.4,0,23,15,1
usr_f4a31c6443e2,2026-02-06,free,BR,20,5,1.7,5,3,47,1
usr_33c7d47a3f1d,2026-04-03,free,FR,16,0,5.0,2,10,46,0
usr_ef2c9ad795ff,2026-03-14,pro,UK,30,8,16.4,8,9,74,0
usr_93ca17337ff9,2026-03-11,free,IT,17,6,8.0,4,28,22,1
usr_6934b4bd127f,2026-04-17,free,IN,9,5,7.6,0,14,20,1
usr_b8db83b4bbd9,2026-04-23,free,UK,3,1,8.7,0,25,25,1
usr_d7b9367f64ff,2026-02-28,free,DE,18,6,1.0,2,29,39,1
usr_245732b38eec,2026-04-09,free,DE,0,0,11.7,4,25,0,1
usr_bcfeea4969b2,2026-02-15,free,IN,28,4,2.4,1,7,52,0
usr_7f15e7cb2912,2026-03-20,free,IT,18,4,2.7,3,29,33,0
usr_86afdbd0dcfb,2026-01-29,free,IN,15,4,3.0,6,13,37,1
usr_7e1645fd7160,2026-02-25,free,AU,12,4,9.7,2,24,24,1
usr_297934a688c7,2026-03-07,pro,IN,37,9,20.3,4,2,78,0
usr_55137fd7de95,2026-03-05,free,BR,0,0,8.4,4,25,4,1
usr_a596d0867312,2026-03-21,pro,ES,35,7,18.0,10,6,72,0
usr_14f9bb249ea9,2026-03-10,free,IT,16,0,10.6,5,27,29,0
usr_672ff8f9c491,2026-02-12,free,AU,24,5,1.8,6,4,54,1
usr_2a3b31ca2a7e,2026-03-30,free,IN,10,0,1.0,3,12,32,1
usr_2470ab209a5a,2026-02-28,free,IT,1,0,18.4,3,22,13,1
usr_129a7c41ac62,2026-03-13,free,FR,4,4,5.7,3,15,10,0
usr_cfe6f8c9f76c,2026-02-18,enterprise,UK,43,11,40.9,8,1,87,0
usr_377c174da8bf,2026-03-09,free,IN,20,3,1.0,4,2,48,0
usr_90f0fed1c369,2026-03-31,free,ES,8,1,8.0,5,20,18,1
usr_12f982eef4bb,2026-04-07,pro,DE,44,10,13.7,4,2,80,0
usr_160854cffa1d,2026-02-01,free,US,19,3,1.0,4,4,48,0
usr_d76315253360,2026-04-17,pro,FR,48,11,10.5,3,2,97,0
usr_5ddf44520745,2026-02-23,free,IN,15,7,8.5,4,17,26,1
usr_c8a2950054c5,2026-03-22,free,IT,7,4,11.9,4,21,18,1
usr_81d8833aa67f,2026-03-31,free,BR,26,7,1.0,2,6,52,0
usr_768d0a6aa254,2026-02-24,free,FR,27,8,12.1,4,6,56,0
usr_c449b8066b50,2026-03-04,pro,IN,45,14,5.5,8,1,85,0
usr_494ff8d7e1e4,2026-02-04,free,FR,28,5,9.8,1,8,51,0
usr_47e51ad52304,2026-04-06,pro,CA,28,8,9.5,3,3,57,0
usr_3370512213d9,2026-04-07,free,IT,8,6,6.9,0,29,20,1
usr_7c41568369c4,2026-04-11,free,IN,21,7,8.0,5,8,56,0
usr_1dd107020b90,2026-03-22,enterprise,FR,27,5,23.6,9,6,66,0
usr_0800884b92c7,2026-03-04,free,ES,28,5,10.8,0,6,51,0
usr_ca8be57b100c,2026-04-08,free,CA,25,5,11.1,0,3,42,1
usr_2ec2369853e7,2026-03-23,free,DE,18,5,15.8,3,12,28,0
usr_374db9a0bbb4,2026-03-24,free,UK,19,3,4.7,3,2,41,0
usr_7d62035c8fa0,2026-04-20,free,UK,13,3,9.7,6,28,38,0
usr_08bc5b116788,2026-03-09,pro,IT,39,9,12.8,3,4,70,0
usr_c26d85cb12c3,2026-02-25,free,AU,23,5,14.8,3,21,40,0
usr_1484c71cd283,2026-04-23,free,ES,19,5,11.8,0,28,37,0
usr_f92a4952637c,2026-03-14,free,UK,26,2,9.8,2,7,59,1
usr_924bd18bee2e,2026-01-28,enterprise,CA,48,10,30.7,9,1,100,0
usr_1ebc48c24658,2026-04-12,pro,CA,19,4,13.5,3,22,35,0
usr_e16ab47d956a,2026-04-03,free,BR,0,0,8.4,5,11,0,1
usr_6e19160695a6,2026-02-26,free,CA,22,3,1.0,2,5,41,0
usr_9ba7d3919213,2026-03-08,free,BR,19,6,11.0,2,28,27,1
usr_9eb5816e9ecf,2026-03-23,free,ES,11,4,4.1,1,10,15,1
usr_87c89f5264c3,2026-02-08,pro,FR,30,5,19.9,3,5,75,0
usr_c6fe9c166104,2026-02-08,free,CA,17,3,13.3,3,19,34,0
usr_9970b5d2f525,2026-02-11,free,IN,27,6,1.0,1,3,46,0
usr_f7b0a7c523ae,2026-03-29,free,ES,5,3,8.4,4,19,18,1
usr_411995190ed0,2026-02-09,free,AU,9,3,17.9,2,20,33,0
usr_83ae6ab23e2c,2026-02-20,free,FR,26,7,8.7,1,13,37,0
usr_e2066160e236,2026-03-14,free,UK,19,3,5.9,0,13,38,0
usr_b1fcf7d62ed5,2026-02-01,free,DE,6,0,10.5,0,25,17,1
usr_d4a947415c1b,2026-03-15,pro,CA,15,4,25.2,6,2,53,0
usr_ba4e720f7582,2026-02-22,free,US,25,10,7.5,6,3,64,0
usr_f014f9f9b09f,2026-02-04,free,ES,30,4,4.1,1,3,50,0
usr_bc78577610b7,2026-01-31,pro,US,37,9,16.2,4,8,71,0
usr_5619844c906f,2026-02-26,pro,UK,39,8,22.0,8,0,83,0
usr_10a2793bc7f6,2026-02-25,enterprise,UK,38,7,32.3,9,1,76,0
usr_8101a17c2f6e,2026-03-29,free,IN,9,0,14.2,2,19,15,1
usr_dfc491f1b665,2026-02-21,free,US,10,5,5.6,5,17,15,0
usr_b5264c695545,2026-02-13,free,UK,11,2,8.0,1,25,25,0
usr_c0fe2e504b82,2026-02-25,pro,BR,42,10,19.9,5,2,70,1
usr_191aad98da17,2026-02-23,pro,BR,36,8,21.3,7,2,67,0
usr_9dc9b161f9d6,2026-02-18,free,IT,32,5,8.4,0,5,64,0
usr_4f2f270894a0,2026-03-21,free,DE,17,7,4.4,4,11,13,0
usr_0d2dd6ffc047,2026-03-06,free,IN,0,0,14.9,3,16,16,1
usr_47889e7daaad,2026-04-15,free,AU,30,8,12.8,3,6,64,0
usr_dd6fe8facc1b,2026-03-06,free,ES,7,0,7.3,4,12,18,1
usr_b23e7a2fc0d4,2026-04-03,free,DE,16,3,4.3,6,25,17,0
usr_c2fb1d830d28,2026-03-28,free,DE,12,4,8.4,5,17,33,0
usr_242213d5a6fd,2026-01-28,pro,US,27,11,11.2,4,2,52,0
usr_fc2ab79e25f0,2026-02-05,free,AU,15,4,17.3,4,27,35,0
usr_d2104e6e1189,2026-02-05,free,FR,36,5,9.4,3,9,72,0
usr_c8ce93b46c15,2026-03-23,pro,AU,23,5,27.3,4,9,47,1
usr_12cac52063e7,2026-03-13,free,CA,12,4,7.0,6,9,43,0
usr_53c671aac121,2026-02-03,pro,IT,30,6,20.2,6,8,55,1
usr_cf8549f686c6,2026-04-20,pro,AU,32,9,11.8,8,2,71,0
usr_39049fb8bef4,2026-03-22,pro,IN,32,6,5.0,7,3,73,0
usr_0a8e1ad53583,2026-04-07,pro,IN,32,7,17.3,5,6,72,0
usr_3de82be5c94f,2026-04-26,enterprise,US,44,9,26.1,9,2,85,0
usr_f6d35c12c147,2026-03-28,pro,CA,24,4,18.1,4,6,41,1
usr_fe99c59211b2,2026-03-06,free,IN,3,3,8.0,5,16,5,0
usr_3a6594d7136b,2026-03-16,pro,BR,58,14,13.1,5,1,91,0
usr_0b4ecd442bba,2026-03-23,pro,IT,29,7,18.3,7,7,55,0
usr_e93839345ea8,2026-02-20,free,FR,22,7,11.3,1,7,58,0
usr_607813b9bd42,2026-04-08,free,IN,12,6,3.7,3,15,33,1
usr_57bf01149f42,2026-03-22,free,UK,19,4,3.3,4,16,28,1
usr_028043e11894,2026-02-07,enterprise,IN,47,13,12.9,7,2,91,0
usr_c6f3fdbff99f,2026-04-06,enterprise,FR,40,7,38.3,10,0,79,0
usr_4aa0a8232ec0,2026-02-27,pro,IN,44,17,15.7,7,2,92,0
usr_2c6b455b50bb,2026-03-23,free,IT,12,6,15.9,4,12,19,1
usr_66348f2d98af,2026-04-22,free,DE,29,7,7.9,6,3,54,0
usr_ef671d45b258,2026-02-16,free,ES,11,2,11.4,2,27,29,1
usr_660c3987549e,2026-04-20,free,UK,18,3,4.5,4,2,44,0
usr_991ee6683c46,2026-02-08,pro,IN,27,7,22.9,3,4,53,0
usr_2912cb242978,2026-02-09,free,IT,5,5,10.0,6,20,20,1
usr_cd529bae5ebb,2026-02-28,free,DE,22,4,3.2,3,5,51,0
usr_68de624a3894,2026-04-09,free,DE,18,5,11.4,0,10,47,0
usr_23fe4c47ce0c,2026-04-22,free,IN,24,4,10.2,1,6,53,0
usr_9f2a30a93476,2026-03-22,pro,CA,47,10,19.9,3,1,100,0
usr_8cab098c2fb7,2026-04-22,free,US,29,7,18.0,2,3,48,1
usr_b1b73f91971e,2026-03-22,free,IT,29,6,6.1,3,7,65,0
usr_9c83a90afb66,2026-02-02,free,AU,10,2,7.1,3,24,15,0
usr_8cb4d4c8db94,2026-04-07,free,IN,16,2,2.8,4,17,34,0
usr_0c65fb77937d,2026-03-22,free,UK,20,5,6.9,2,23,31,1
usr_d1deb1b80db3,2026-01-28,free,BR,14,2,10.0,2,14,31,1
usr_8290b0704d3e,2026-03-23,free,AU,39,8,9.6,2,9,69,0
usr_1f6b9b5950b7,2026-04-15,free,IT,29,6,9.4,6,10,58,0
usr_181f71063a36,2026-04-17,pro,IT,35,7,19.6,5,7,56,0
usr_bf55ee3db6fb,2026-02-21,free,AU,25,2,7.5,4,13,32,0
usr_607f6a0a6bcb,2026-04-05,free,CA,6,0,8.2,2,17,10,1
usr_7c4461979d87,2026-01-28,free,UK,29,3,11.4,4,4,41,1
usr_85dd290c90e3,2026-03-17,pro,ES,47,12,7.6,4,1,100,0
usr_42c340a8a2fc,2026-03-20,free,AU,24,7,5.2,1,25,40,1
usr_c6dd6d7eb129,2026-04-23,free,FR,14,5,14.2,2,18,29,1
usr_22fbd71153d0,2026-02-13,free,IT,38,15,1.3,1,2,79,0
usr_67a227fabcdc,2026-04-11,free,CA,31,12,12.8,4,2,51,1
usr_5e605bf52746,2026-04-05,free,AU,40,11,3.5,4,0,81,0
usr_0d3f06195b1b,2026-04-23,free,FR,11,2,14.6,2,11,0,0
usr_86ca8425f6ea,2026-02-22,pro,US,26,7,9.3,4,4,57,0
usr_4ebcb38fb775,2026-02-11,free,US,1,0,6.5,2,30,6,1
usr_1b72073ba107,2026-04-14,free,IT,20,8,18.3,4,21,36,0
usr_63cb5a5c4110,2026-02-03,pro,CA,24,4,16.5,5,28,39,1
usr_840655a02fcc,2026-03-23,free,US,4,3,6.9,3,25,19,1
usr_82e589cd3f35,2026-03-14,free,BR,22,1,1.0,0,26,35,0
usr_99a6dae523c2,2026-02-21,pro,CA,23,7,15.9,6,8,46,0
usr_a25144c68bb8,2026-03-11,free,FR,7,1,7.3,2,22,16,0
usr_ccf88db77ce2,2026-02-10,free,US,29,10,5.4,5,9,52,0
usr_f77e944e6ff7,2026-04-09,pro,CA,16,0,13.3,3,4,43,0
usr_f3ba84679f84,2026-04-10,pro,IT,41,9,10.5,3,1,87,0
usr_357939f39eb3,2026-02-26,enterprise,IT,36,9,35.8,8,0,80,0
usr_cf5d78bc29a3,2026-04-21,pro,AU,48,13,5.2,7,3,75,0
usr_559acc0d0bc7,2026-04-25,free,DE,30,7,8.7,5,3,61,0
usr_f13646045f22,2026-04-05,pro,UK,26,5,5.0,4,9,68,0
usr_b215b46c05e6,2026-03-14,pro,ES,42,10,6.2,3,0,79,0
usr_3630966827bd,2026-03-02,pro,US,29,9,21.8,6,8,53,0
usr_e548cc8e99a1,2026-03-01,free,ES,2,0,4.5,3,30,10,1
usr_26df952d3f84,2026-04-01,free,CA,23,6,9.4,2,12,27,1
usr_bc6c3d435c3a,2026-03-27,pro,CA,53,16,6.3,3,3,81,0
usr_158ed7dfc194,2026-03-18,free,CA,19,2,10.0,2,5,48,1
usr_deaa1f41fe75,2026-02-28,free,ES,26,8,8.0,1,8,50,0
usr_55cb4b0956e1,2026-03-31,free,DE,22,3,9.6,3,9,57,1
usr_80974ee97f7b,2026-03-18,free,IT,0,0,13.6,4,15,0,1
usr_e8e1d683254a,2026-03-05,free,ES,33,8,4.4,4,6,65,0
usr_22186944b8cc,2026-02-06,free,CA,8,0,13.5,0,30,38,0
usr_e5ec3f54f046,2026-03-31,enterprise,BR,37,8,23.5,9,2,81,1
usr_cebdf40f866d,2026-04-18,free,IN,12,3,5.2,2,14,19,0
usr_74b0470ba0a1,2026-04-26,pro,IT,26,3,17.2,6,30,38,0
usr_1aab79e7398d,2026-03-22,pro,IT,40,8,14.3,9,10,75,0
usr_273c66e7c2db,2026-04-03,free,US,16,4,14.6,5,21,24,1
usr_40721244860a,2026-03-11,free,US,21,6,4.1,6,10,28,1
usr_ceca1cc3c365,2026-04-04,free,ES,34,10,9.9,3,10,59,0
usr_81554a0ff414,2026-02-22,free,BR,3,3,1.9,3,18,6,1
usr_3ee94df6a7fc,2026-02-28,free,DE,25,7,1.0,4,22,36,1
usr_ae497d1deee6,2026-02-19,pro,ES,27,4,10.2,3,5,55,0
usr_e8b13ff9e93d,2026-04-02,free,IN,14,1,5.0,1,14,29,0
usr_38cd155d2304,2026-04-02,free,IT,38,11,1.0,2,8,70,0
usr_82e0d19dd440,2026-02-18,free,FR,10,5,7.3,5,24,27,1
usr_896e5cc1a6a7,2026-03-05,free,IT,10,0,13.9,0,15,27,0
usr_2550060abafa,2026-04-18,free,IT,6,0,15.2,2,29,19,0
usr_8f1349e7eb4b,2026-02-13,free,BR,18,2,9.5,1,9,44,0
usr_40021e3797d3,2026-02-21,free,US,2,1,6.3,6,24,17,1
usr_2ec18edfe87e,2026-04-02,free,IT,0,0,3.6,2,11,0,1
usr_99cf23f67627,2026-04-12,pro,UK,39,12,21.1,3,2,87,0
usr_6d353aa78337,2026-02-24,free,FR,21,5,21.6,0,20,37,1
usr_a4e4cf10ec80,2026-03-10,free,BR,0,0,14.5,1,19,0,1
usr_15d611c5b01b,2026-02-03,free,US,28,8,6.5,2,10,52,0
usr_b3023416b8b3,2026-04-16,free,CA,22,6,7.0,0,29,38,0
usr_3abb793389ae,2026-02-14,free,IN,7,5,1.0,1,25,10,1
usr_e56cea9f3e0c,2026-04-07,pro,DE,30,6,18.8,8,0,76,1
usr_b44b6c8efa0d,2026-04-12,pro,FR,37,8,13.3,7,8,70,0
usr_7b2d8c913f2b,2026-02-25,pro,ES,40,9,9.3,5,3,87,0
usr_7d1cef051a8f,2026-03-29,pro,CA,19,7,14.8,3,3,61,0
usr_d1d6785749e7,2026-03-17,free,UK,6,0,12.8,4,19,6,0
usr_08e2237d207b,2026-04-08,free,IN,4,0,5.9,0,19,13,1
usr_25ef84191e11,2026-03-18,pro,AU,21,7,7.9,7,3,42,1
usr_7e56149b1472,2026-04-24,free,AU,23,7,8.2,2,8,48,0
usr_9e0c574a3919,2026-03-16,free,IN,23,2,9.4,4,11,29,0
usr_27888a641de4,2026-04-22,free,FR,39,13,1.0,2,5,50,0
usr_54c9e7ccd496,2026-02-10,free,IN,24,5,10.7,2,9,41,1
usr_c7589ca1289b,2026-03-07,free,AU,19,1,12.5,1,27,39,0
usr_2cb5284515bc,2026-04-16,enterprise,FR,34,13,41.7,6,10,74,0
usr_8f67b9c71d4b,2026-04-14,free,US,24,9,11.7,3,4,50,0
usr_1e9e16b2088c,2026-03-03,free,AU,26,6,11.4,3,7,53,0
usr_dd72ecc2c0bc,2026-04-11,free,BR,0,0,1.5,0,10,2,1
usr_d29323042514,2026-04-03,free,AU,14,7,8.8,1,6,44,1
usr_f3f8f3e6c22d,2026-03-21,free,US,18,4,14.3,1,4,46,0
usr_20b51a537cbe,2026-03-26,free,CA,20,5,3.6,2,3,55,0
usr_6c70f52fbdd2,2026-04-02,free,IT,21,3,5.8,2,27,33,0
usr_21e553273f11,2026-01-27,free,UK,22,3,1.6,2,19,35,1
usr_f585e748aecc,2026-01-29,pro,AU,45,11,24.1,4,0,89,0
usr_4e602ed6dc73,2026-04-25,free,ES,9,2,19.7,4,17,34,0
usr_26cbb94cf6b8,2026-04-24,free,AU,0,0,9.9,0,28,6,1
usr_10f5dd9dc3a6,2026-01-28,pro,IT,36,9,12.5,4,6,72,0
usr_dcd501b9aaec,2026-04-07,pro,DE,27,3,22.2,10,2,59,0
usr_5f2a99aadffd,2026-02-02,free,DE,13,5,8.2,1,22,40,0
usr_1b0bcf375899,2026-04-08,pro,ES,26,6,13.2,4,4,51,1
usr_6956cb60b208,2026-03-24,free,IN,6,0,10.5,4,26,0,1
usr_da9d4c8e3949,2026-03-28,pro,IT,44,9,13.8,9,1,86,0
usr_b5158750929a,2026-04-07,free,IN,3,1,7.0,1,30,0,0
usr_d63f1eb911b4,2026-03-17,free,UK,15,3,6.9,2,19,29,1
usr_a316e9399ba1,2026-03-01,free,UK,19,2,10.3,1,3,43,0
usr_fce23ea1e4a1,2026-03-02,pro,BR,44,11,23.5,7,1,92,0
usr_73719ef15c1f,2026-02-26,pro,IT,19,6,6.0,5,8,57,1
usr_db2e032bc066,2026-04-23,pro,UK,28,5,24.7,8,7,55,0
usr_ec27c5c53069,2026-02-04,free,IT,26,3,16.8,5,15,34,0
usr_1b02d2540567,2026-02-04,free,ES,25,4,8.1,3,4,43,1
usr_788ff69f45ea,2026-04-13,free,UK,28,7,12.2,4,6,54,0
usr_62e2b2116313,2026-03-02,free,BR,25,9,6.0,4,8,48,0
usr_5278e432cc3e,2026-04-20,free,BR,18,7,1.9,2,9,46,1
usr_7b5cc15fb43e,2026-04-11,free,BR,9,1,2.7,0,15,15,1
usr_4f21729882eb,2026-04-21,pro,ES,31,6,13.6,7,2,59,1
usr_d3489a1bcf2b,2026-03-29,pro,UK,9,4,15.2,10,12,39,0
usr_08e30d3fac4a,2026-02-24,enterprise,BR,44,7,35.8,10,2,88,0
usr_d94f0d3e750b,2026-03-02,free,FR,36,8,6.1,2,0,78,0
usr_59da7b788dc5,2026-04-04,free,CA,40,12,1.0,0,3,74,0
usr_01c14a90a966,2026-02-19,free,ES,9,0,8.9,3,29,16,1
usr_bf55280c3d90,2026-02-27,pro,IN,32,4,12.9,7,2,89,0
usr_b68d22e2ecff,2026-03-04,free,FR,15,0,1.3,2,14,40,0
usr_0d07f5f316a2,2026-04-13,pro,ES,30,4,6.1,8,3,58,0
usr_3f458edebf07,2026-04-03,pro,UK,22,9,11.4,4,5,49,1
usr_0b1c01bf58fa,2026-02-27,enterprise,FR,47,12,36.1,10,3,90,1
usr_7c773886be09,2026-03-24,free,UK,24,5,14.3,0,20,40,0
usr_3c44c54df075,2026-04-02,free,FR,1,0,8.8,4,28,0,1
usr_9ad805261829,2026-01-31,pro,FR,44,9,5.0,6,5,74,1
usr_821bc0e2b713,2026-03-19,free,FR,5,4,11.4,1,13,13,1
usr_7906be82c0a5,2026-03-21,free,FR,15,1,13.6,5,27,23,1
usr_34f838a17afe,2026-01-27,free,FR,23,4,8.1,1,9,50,0
usr_d05a51f6ff98,2026-04-12,pro,BR,37,5,18.7,6,3,71,0
usr_cf77ac3be0c3,2026-03-31,free,FR,0,0,8.6,4,21,2,0
usr_da8a86de2e78,2026-04-22,free,CA,8,0,5.8,1,18,28,1
usr_e3fb35fe1c15,2026-04-16,free,US,3,0,1.0,2,18,11,0
usr_23e7d9b85391,2026-03-08,free,BR,14,4,2.5,5,10,36,0
usr_88192babe8f3,2026-04-22,enterprise,IN,30,9,24.3,7,6,60,0
usr_3a68acca6cdb,2026-04-04,free,BR,23,5,5.8,2,9,48,1
usr_17918bbafd98,2026-02-02,pro,US,16,5,15.5,8,15,29,0
usr_0d377a121678,2026-03-17,pro,CA,42,9,8.4,5,5,68,0
usr_0990045ad808,2026-04-10,free,US,23,7,8.7,1,8,41,1
usr_3d1a33d0b983,2026-03-12,free,BR,2,2,5.8,0,23,0,1
usr_a1799bfd7e04,2026-04-09,free,UK,16,3,14.0,2,28,33,0
usr_ec06fa7ecd7c,2026-03-19,free,BR,34,9,2.1,4,7,56,1
usr_b47e343e66d2,2026-04-14,pro,ES,31,8,11.0,6,6,72,0
usr_b5629c909b44,2026-03-29,free,DE,23,7,6.8,0,18,37,0
usr_9c15baee37fb,2026-02-28,free,ES,11,4,1.0,1,5,44,0
usr_139d1441bfed,2026-03-03,pro,IT,33,8,12.8,5,6,70,0
usr_c8ae3360258d,2026-03-29,free,IN,9,2,3.0,4,10,15,1
usr_dc7b2a3b788a,2026-03-31,pro,BR,22,7,5.0,4,5,51,1
usr_c07a612142a4,2026-03-23,free,DE,25,5,5.2,0,10,45,0
usr_516bfbaaf78b,2026-04-13,free,DE,36,8,3.0,2,6,51,1
usr_c427ade7e7c1,2026-02-10,free,IT,23,5,12.7,1,7,43,0
usr_5e9cbb9574b9,2026-02-03,free,BR,0,0,2.4,3,22,3,1
usr_887a02e4f738,2026-02-05,free,US,6,0,7.6,5,28,21,0
usr_a47477c58ee7,2026-01-31,free,IT,2,0,5.7,4,23,0,0
usr_e0b9d7825328,2026-04-02,free,AU,11,3,15.3,2,14,17,0
usr_5778a4ff7f67,2026-04-04,pro,BR,37,12,13.9,6,2,69,0
usr_3955157621e8,2026-01-29,enterprise,UK,46,8,30.7,6,0,82,0
usr_1d1d6d391ff8,2026-03-25,free,ES,13,2,10.8,3,29,36,0
usr_e88bb8888c2a,2026-03-17,free,UK,42,13,7.1,1,8,64,0
usr_0e6679d3b9d3,2026-03-24,free,IT,35,8,1.0,0,4,66,1
usr_8d1918afff7a,2026-04-01,enterprise,AU,44,11,34.9,6,9,71,0
usr_99887543b33a,2026-02-21,free,US,22,6,1.0,4,29,28,1
usr_03132f0a609c,2026-02-26,pro,IN,25,7,17.2,10,7,46,0
usr_8373550b83c5,2026-02-15,free,IT,22,6,7.5,1,21,32,0
usr_c82be4d46973,2026-04-10,free,CA,3,3,16.2,1,12,19,0
usr_89fd93dbc768,2026-03-15,free,UK,14,2,9.1,2,17,28,1
usr_57b9b44bbff4,2026-04-18,free,US,12,1,1.6,2,11,28,1
usr_953ca56fd986,2026-03-08,pro,FR,35,9,14.4,6,3,78,0
usr_803c969bba12,2026-03-08,enterprise,CA,33,8,17.2,9,1,77,1
usr_8de20765eef6,2026-02-05,free,FR,26,7,11.0,2,7,55,0
usr_0865c4c6090e,2026-02-05,pro,UK,26,5,15.4,5,7,46,0
usr_f4fb66836261,2026-03-28,free,CA,7,2,16.3,1,25,23,0
usr_f7fddaaaa26d,2026-03-26,free,CA,3,2,8.1,2,29,10,1
usr_96b8f42a9aea,2026-03-21,free,FR,13,1,1.0,2,25,23,1
usr_90eb407969df,2026-02-10,pro,CA,32,7,18.8,10,5,74,0
usr_800be7d3833a,2026-04-07,free,CA,13,0,10.5,0,5,41,0
usr_e32d42dea027,2026-04-14,free,US,15,7,14.9,5,27,30,0
usr_ae545ce3869b,2026-03-16,pro,ES,48,13,24.1,6,1,95,0
usr_d6fa60733368,2026-02-13,free,US,2,2,10.9,4,14,0,1
usr_356da83221ef,2026-04-09,free,BR,12,0,3.5,2,11,28,1
usr_df13c308ea6a,2026-03-31,free,CA,11,5,4.7,3,21,12,1
usr_938561b8caf4,2026-01-31,free,UK,4,0,3.4,5,21,27,0
usr_8f54d1366c70,2026-03-29,free,FR,34,7,3.9,2,8,68,0
usr_0490e210c4b9,2026-04-22,free,DE,0,0,10.8,3,15,14,1
usr_448e4740e51d,2026-02-12,free,BR,8,0,9.3,2,25,28,0
usr_0c469b48643d,2026-02-27,free,FR,22,6,10.1,1,3,43,0
usr_ec43623f7ddb,2026-04-09,enterprise,IT,28,8,32.1,10,3,75,0
usr_df679afeb8ff,2026-03-11,pro,IN,27,7,20.6,6,8,43,0
usr_093d22a04eb9,2026-04-06,free,DE,13,0,10.8,3,27,39,0
usr_5d360d00239e,2026-04-15,pro,ES,26,3,12.1,4,7,42,0
usr_fe5096add7e0,2026-02-17,free,ES,26,6,13.0,5,22,37,1
usr_af5a50d02200,2026-03-29,free,BR,7,0,1.1,0,11,26,1
usr_e2682643f92e,2026-02-24,free,BR,18,0,20.6,3,23,33,0
usr_373eb883ee8f,2026-02-11,free,UK,18,4,8.1,5,3,45,0
usr_7a42211f22f5,2026-03-02,free,UK,16,4,8.6,0,22,22,1
usr_5dfa323192f0,2026-04-08,free,AU,15,8,12.6,2,7,44,0
usr_783d4401ead5,2026-02-18,free,CA,16,4,5.1,4,2,44,0
usr_b55a713f89f4,2026-03-14,free,DE,7,0,9.0,4,21,16,1
usr_ece716c586d5,2026-02-23,free,DE,12,3,15.5,1,22,34,1
usr_7dcf65d08c90,2026-03-02,free,IT,18,6,6.8,6,3,41,0
usr_b71d326a5274,2026-01-28,free,FR,36,12,9.2,1,6,66,1
usr_67f673629c50,2026-04-02,free,BR,23,6,9.2,2,6,41,0
usr_5b92f98dc57b,2026-04-10,pro,AU,44,11,17.5,3,0,87,0
usr_d4344d6eda0e,2026-04-24,free,IT,10,3,2.5,2,19,26,1
usr_c53b7e87b23c,2026-03-06,free,UK,11,3,3.6,1,30,28,1
usr_9edda077f5bd,2026-02-13,pro,DE,52,12,14.1,6,2,93,0
usr_846685076aa7,2026-04-03,free,BR,3,2,11.2,3,10,3,0
usr_3124f87f89ac,2026-02-06,pro,CA,20,5,10.1,6,8,64,0
usr_8de37994d604,2026-03-14,free,IN,0,0,10.1,2,12,0,1
usr_65cc6c3f7a9c,2026-02-05,free,BR,27,7,17.1,6,7,51,0
usr_fbc60290d4a7,2026-01-27,free,FR,13,5,1.0,0,12,38,1
usr_e5ef0e54ae9f,2026-04-06,free,FR,22,4,14.2,3,11,40,1
usr_8b4d6f2391fc,2026-03-11,free,IN,8,0,10.0,1,12,14,1
usr_1ad403404b91,2026-03-17,free,BR,26,3,3.2,4,21,35,0
usr_5b306ba686fb,2026-04-13,free,FR,13,0,7.8,4,20,28,0
usr_87f91ec4515a,2026-03-14,free,ES,19,6,13.7,2,4,53,0
usr_fbe589b83019,2026-02-24,free,AU,27,6,14.2,0,4,61,0
usr_81e921fc49c9,2026-02-22,free,FR,26,7,7.8,3,3,58,1
usr_a37b9916ecbb,2026-04-09,pro,AU,49,11,31.0,6,2,93,0
usr_0cfa59013b16,2026-01-29,free,US,16,4,5.1,6,25,30,1
usr_6108908655b3,2026-02-14,free,CA,8,0,12.3,5,18,18,1
usr_6cc49a136231,2026-03-30,free,FR,35,13,11.9,0,8,63,0
usr_357a135e0b5a,2026-03-04,free,FR,32,7,6.8,5,10,58,0
usr_4f05df4b0d77,2026-04-18,free,CA,7,1,1.0,3,24,19,0
usr_3ae792b9d60e,2026-03-03,pro,ES,39,6,18.3,10,3,80,1
usr_a9f69ffbfdae,2026-03-16,pro,CA,34,5,10.8,5,3,76,0
usr_3f6308ae6d1e,2026-03-06,free,AU,30,7,10.9,2,5,51,0
usr_1f507ce564e8,2026-04-25,free,ES,8,1,11.8,3,11,17,1
usr_22f3245fa32a,2026-02-18,pro,CA,33,9,31.9,7,10,58,1
usr_3e47377b31fb,2026-02-04,free,AU,20,3,9.3,3,3,46,1
usr_d44c810a05f1,2026-04-02,free,ES,11,0,7.6,3,22,9,1
usr_4d2820ca0b88,2026-04-10,free,BR,6,2,16.9,4,29,7,0
usr_89780ac92ca7,2026-03-02,free,IN,29,6,8.1,6,2,58,0
usr_d1d99284fb69,2026-01-30,free,IT,33,9,16.4,6,6,70,0
usr_4cefec1f3625,2026-03-03,pro,DE,41,10,31.4,5,2,72,0
usr_aa14ad3a14d1,2026-03-08,free,IN,13,5,6.4,1,7,50,0
usr_17319a103a5d,2026-04-04,free,AU,0,0,9.5,3,13,0,0
usr_42f48a41eeb9,2026-03-10,free,UK,23,3,4.8,3,4,48,0
usr_f858843435b5,2026-03-06,free,AU,20,3,3.5,6,24,36,0
usr_69869b53e952,2026-03-10,pro,DE,46,11,5.0,5,3,82,0
usr_0093d0711230,2026-03-15,free,BR,10,4,11.9,0,30,0,1
usr_30d599c3a491,2026-04-01,free,FR,28,9,1.0,1,3,77,0
usr_a42ed2619a6e,2026-04-07,free,FR,7,0,12.2,1,27,12,1
usr_79f37abfbc48,2026-03-05,pro,IT,45,8,11.7,3,8,67,0
usr_136c1df6b383,2026-04-16,free,US,19,4,3.1,1,2,48,0
usr_cb6926ea8376,2026-02-10,free,FR,19,5,5.4,3,4,48,1
usr_da66bf36fb0c,2026-02-10,pro,CA,41,10,16.2,5,1,97,0
usr_207ef92618eb,2026-02-27,pro,US,30,10,5.0,5,6,71,0
usr_25ba6b9ab5ac,2026-03-08,free,DE,27,7,4.5,3,10,55,0
usr_cb3ebfc791bb,2026-02-15,free,AU,17,4,9.1,1,20,31,1
usr_ad1bf5cb4908,2026-04-17,free,BR,24,5,6.6,3,6,45,0
usr_0be3de62d693,2026-04-06,pro,IN,32,7,17.1,9,10,56,0
usr_8488972362d7,2026-02-03,free,IN,5,4,1.0,5,25,19,1
usr_b65d869b7575,2026-04-21,free,DE,7,0,6.2,3,17,17,0
usr_3bd5f43588e3,2026-04-09,free,DE,22,5,5.7,5,6,49,0
usr_f49f846f0114,2026-02-18,pro,FR,43,11,19.0,7,3,85,0
usr_451848c4ff8a,2026-04-15,free,ES,18,6,1.3,6,17,39,0
usr_588d5a431142,2026-02-16,free,UK,7,2,7.0,0,10,20,0
usr_cc8897142b96,2026-04-02,free,UK,22,0,1.0,0,4,59,0
usr_13ea33de8787,2026-02-17,pro,AU,20,2,5.8,5,12,40,0
usr_1d7dd728ab8f,2026-02-06,free,US,20,4,9.1,4,7,45,0
usr_f47854655c67,2026-02-06,free,ES,25,7,1.0,3,10,39,0
usr_7126a0ac3dff,2026-03-04,free,UK,5,1,5.8,2,21,28,0
usr_277678faa0eb,2026-02-07,free,US,6,1,11.6,4,20,19,1
usr_15fb6571c25f,2026-03-27,free,DE,32,6,12.8,0,5,70,0
usr_2dae056b1046,2026-02-19,free,DE,7,4,7.3,4,21,14,1
usr_a7bc36f3bdcb,2026-02-08,free,FR,8,2,7.3,2,10,17,1
usr_cd37b1309542,2026-02-20,pro,AU,23,4,18.4,6,4,52,0
usr_2a36a0ce4bea,2026-02-06,free,DE,20,5,6.1,3,15,38,0
usr_e7166978b0dc,2026-03-04,free,US,0,0,5.2,4,30,0,1
usr_7b1d9a9f6daf,2026-03-30,free,CA,15,4,11.5,3,27,30,0
usr_763d8d244185,2026-02-01,free,CA,15,4,18.8,0,3,48,0
usr_d64a43a8cec4,2026-04-26,free,US,16,6,8.2,5,10,50,0
usr_9695083d84bb,2026-04-01,pro,FR,37,6,5.0,6,0,83,0
usr_83205b8abda6,2026-02-28,free,FR,27,9,14.1,6,10,55,0
usr_91d11bf57136,2026-03-28,free,IT,8,2,12.1,0,17,36,0
usr_f7188ff65ff0,2026-01-30,pro,UK,33,6,5.6,8,3,65,0
usr_25334886ee02,2026-02-08,free,ES,2,0,17.9,3,29,15,1
usr_be3b6312d256,2026-02-05,free,FR,20,7,1.0,3,30,38,1
usr_66e1ba81f129,2026-02-06,free,IN,1,1,10.2,3,23,16,1
usr_9e66499f6267,2026-04-22,pro,AU,46,9,15.7,5,2,94,0
usr_416ab4dd2a95,2026-02-24,free,UK,0,0,6.7,3,20,9,1
usr_b40754a47a11,2026-02-12,pro,UK,21,3,17.1,10,8,41,0
usr_a85e75b1c060,2026-03-20,pro,BR,40,13,6.2,3,3,73,0
usr_54c46f517b89,2026-04-12,free,ES,14,2,8.1,4,20,39,1
usr_2b971b41c473,2026-02-19,free,DE,16,6,1.0,4,30,28,1
usr_dafa0e400f35,2026-02-23,pro,UK,30,7,17.6,7,3,79,0
usr_f7e6561efe3b,2026-04-22,free,ES,13,2,6.6,4,14,30,0
usr_c0f7b1a1cec8,2026-02-01,pro,AU,29,8,22.3,4,5,67,0
usr_c1e20543a0ed,2026-04-24,pro,IN,39,9,14.9,6,2,87,0
usr_fb5e576d1fcc,2026-02-02,free,AU,20,3,8.3,1,5,49,1
usr_47bd4e27c9d5,2026-03-30,free,US,19,4,13.1,1,6,45,0
usr_51ee7eccbc3f,2026-04-25,free,IN,15,3,11.1,0,20,28,0
usr_654b99b59fe9,2026-01-27,free,ES,25,3,10.6,4,7,41,0
usr_af5bc2d580f3,2026-04-17,pro,UK,43,6,5.0,6,0,76,0
usr_dd147551de6e,2026-03-02,enterprise,US,43,8,31.9,7,0,77,1
usr_b8fd3735f424,2026-03-05,pro,BR,41,8,5.0,4,0,78,0
usr_fd84d7350299,2026-03-17,free,DE,21,6,11.4,0,3,53,0
usr_c239e6e756f4,2026-04-20,free,AU,36,7,2.5,1,9,68,0
usr_b9996dfc629b,2026-04-24,free,AU,0,0,13.7,0,26,10,1
usr_5c88636b1bed,2026-04-17,pro,AU,25,8,5.8,7,8,57,0
usr_4b953572cf29,2026-03-03,free,FR,19,7,7.2,2,7,43,0
usr_9986b256b025,2026-04-09,free,CA,15,3,6.9,2,22,40,0
usr_5ff49ee995b1,2026-02-25,pro,IT,32,6,15.1,8,0,77,0
usr_5fa2f4d41874,2026-02-11,pro,CA,29,9,8.4,5,7,70,0
usr_c4fce741f493,2026-04-09,pro,ES,33,12,25.0,6,0,76,0
usr_b8ca3d2f75e7,2026-03-16,pro,CA,40,10,10.2,6,7,68,0
usr_3e8578896872,2026-03-15,free,DE,19,2,4.8,0,19,30,1
usr_0fc4d411b95d,2026-03-24,free,IT,30,8,14.8,4,2,67,0
usr_131e2312e98f,2026-04-21,pro,FR,34,9,6.4,7,2,71,0
usr_09faeec7f4cd,2026-03-15,free,US,13,2,2.8,3,11,33,0
usr_8d5c3b9933f8,2026-02-19,free,IN,32,8,12.9,5,0,78,0
usr_66dfe5e4dc8b,2026-04-20,pro,BR,40,11,10.9,5,1,78,0
usr_98e47b055751,2026-03-18,pro,AU,42,12,20.2,8,7,67,0
usr_d4930e68df18,2026-02-18,free,US,29,6,11.8,6,8,56,0
usr_ae67b3d208be,2026-02-09,free,US,0,0,6.2,4,14,13,1
usr_935eed1b1eab,2026-01-27,free,FR,7,2,8.5,1,15,11,0
usr_11b1dd977099,2026-04-06,pro,IT,34,7,20.9,7,2,61,1
usr_b6e85820b91c,2026-04-23,free,DE,0,0,4.1,4,12,11,1
usr_ebd58aef0cb0,2026-03-21,free,IN,12,2,10.3,4,16,19,0
usr_b6127e41cabe,2026-04-21,free,AU,14,0,9.8,2,29,29,1
usr_7066aad4fa71,2026-02-05,free,IN,29,5,8.4,1,3,49,0
usr_097b30b0914b,2026-03-15,free,FR,13,4,8.5,1,12,39,1
usr_1957e23d9875,2026-03-08,free,IT,8,4,7.2,3,24,5,1
usr_89c26cac384a,2026-04-05,free,IN,27,7,6.2,3,28,40,0
usr_ba80185a35fc,2026-04-04,free,US,16,5,7.4,4,14,40,0
usr_0b1075b42a7e,2026-04-18,free,ES,11,0,13.1,0,26,10,0
usr_fa10bedf12f6,2026-02-19,free,IN,40,12,12.2,2,9,73,0
usr_ef0023870bb2,2026-04-10,pro,FR,34,7,11.0,4,1,78,0
usr_b79c6a8d6920,2026-04-02,pro,UK,36,8,8.3,10,4,57,0
usr_45315372d9d5,2026-03-09,pro,CA,24,7,5.0,6,5,57,1
usr_0459aa2f675e,2026-02-13,pro,CA,34,6,9.8,5,9,66,0
usr_32def22d987b,2026-04-19,enterprise,BR,54,13,46.6,6,3,90,0
usr_7b87c722b185,2026-03-26,pro,ES,23,5,16.4,7,4,41,0
usr_472370fbdb45,2026-02-14,free,AU,18,3,7.6,0,30,25,0
usr_fe835594c81e,2026-03-06,pro,US,24,7,25.5,10,8,50,0
usr_e16038e9e13c,2026-04-18,free,ES,17,2,10.2,2,6,44,0
usr_68c0626a5342,2026-01-31,free,FR,5,3,7.8,6,28,19,0
usr_722329c31e79,2026-04-14,free,UK,10,4,1.3,0,12,29,1
usr_5ba1490c6c5c,2026-02-24,pro,DE,35,7,16.6,5,3,75,0
usr_f0d37a3fba45,2026-02-18,pro,UK,51,9,15.7,6,3,94,0
usr_b1b5b9cbc1f0,2026-02-07,pro,DE,29,6,16.1,8,2,57,0
usr_59846d58a0a5,2026-03-20,free,UK,15,6,8.9,2,18,31,0
usr_b83a084e4c97,2026-04-19,free,UK,19,5,5.8,0,17,37,0
usr_c2c08c383773,2026-03-03,free,IT,27,10,1.0,3,7,51,1
usr_858f96b0a164,2026-04-06,pro,DE,38,10,8.5,3,5,72,1
usr_c3d9b7da3cc4,2026-03-26,free,US,13,6,13.9,1,15,30,1
usr_24c460176d04,2026-04-10,free,AU,36,7,10.4,0,6,67,0
usr_a041768a9bf7,2026-01-31,pro,FR,38,9,12.0,6,9,54,0
usr_9bc7f4ca1e6f,2026-03-23,free,BR,8,4,4.4,3,10,24,0
usr_ac68b50841de,2026-02-16,free,FR,6,1,3.3,2,14,25,0
usr_d6226cde97e1,2026-03-14,free,FR,16,5,14.2,6,16,36,1
usr_560a3a7813c7,2026-02-14,free,AU,9,3,3.9,3,11,19,1
usr_174c0672e93a,2026-03-21,free,IT,1,1,1.6,0,19,4,0
usr_8792808b1b36,2026-04-10,pro,DE,23,7,23.7,6,6,41,0
usr_e7a7d62769a2,2026-02-20,pro,IN,41,8,14.0,5,0,89,0
usr_9cac55ae634c,2026-04-18,enterprise,AU,40,10,27.3,7,3,86,0
usr_d6492d1cf45a,2026-03-03,free,IN,13,5,9.3,2,19,27,1
usr_18ea8eec1544,2026-02-21,pro,CA,38,9,15.4,6,3,66,0
usr_5cdfbf26f51c,2026-03-04,free,US,18,2,1.0,0,10,23,1
usr_3028dcf7e34b,2026-02-24,free,CA,11,3,16.0,0,20,29,0
usr_aaef630fecac,2026-03-27,free,DE,23,6,14.9,4,6,54,0
usr_2825560eb9e0,2026-02-09,free,FR,9,4,9.3,4,18,28,1
usr_9ea176b075a3,2026-04-12,enterprise,BR,42,14,22.1,8,0,89,0
usr_69c1f8310b31,2026-03-15,free,IN,18,4,1.0,2,10,46,0
usr_3424da6d9253,2026-02-05,free,ES,17,5,11.7,0,26,28,1
usr_77e5d62604cd,2026-04-10,free,IN,8,0,10.6,4,25,18,1
usr_d0ba7aa7ea96,2026-03-13,pro,FR,27,4,25.6,7,5,41,0
usr_bc197e2535ef,2026-03-16,free,IT,0,0,19.0,3,12,0,1
usr_aba8b51b0aa4,2026-03-08,free,IT,7,2,8.5,2,17,18,1
usr_b6ec17051744,2026-02-25,enterprise,BR,42,8,21.4,10,1,83,0
usr_22c29a228e65,2026-02-22,free,DE,41,12,2.0,1,10,56,0
usr_ac2a5ab1d5d0,2026-04-14,free,FR,28,7,5.6,3,10,58,0
usr_cc1cd57462ae,2026-04-02,free,US,38,10,7.4,1,3,83,0
usr_ecb4fa84f792,2026-02-05,free,ES,17,8,13.8,3,20,37,1
usr_c52e96919523,2026-02-16,free,ES,28,6,11.3,3,3,45,0
usr_9f073dddc3e0,2026-02-24,free,AU,6,3,12.1,0,23,10,0
usr_6fa0b45ef419,2026-03-30,free,BR,20,4,12.0,2,8,52,0
usr_e50e82bd0ca4,2026-02-15,pro,AU,34,9,5.0,4,8,57,0
usr_a9d9be908ffe,2026-03-09,free,IN,29,3,6.7,2,6,59,0
usr_2c42d10c9a47,2026-01-27,free,ES,30,5,14.3,6,3,43,0
usr_d5fe3c790623,2026-03-29,free,CA,29,5,12.7,4,6,58,0
usr_2c0f408c3e0c,2026-02-28,free,US,24,6,12.5,3,26,36,0
usr_ef335602d170,2026-03-31,free,ES,17,3,12.6,6,10,33,1
usr_45d085b24960,2026-03-12,enterprise,UK,39,4,23.6,7,2,88,0
usr_f67aa69b421c,2026-04-20,free,US,10,4,7.3,3,16,27,1
usr_2dfdb6cd6a5f,2026-04-13,free,IN,16,4,16.0,0,24,37,0
usr_c29d5dfaf1d0,2026-04-16,free,FR,34,11,13.0,0,6,60,1
usr_a53f90c75e61,2026-03-11,free,US,2,0,8.2,3,30,24,1
usr_a38c81c5090c,2026-03-29,free,ES,0,0,7.8,1,26,2,1
usr_5a36d8c8d202,2026-02-14,enterprise,AU,41,12,32.8,7,3,93,0
usr_6a05b129f2f6,2026-04-12,enterprise,IN,38,10,27.8,6,1,81,0
usr_4b3d2406cc84,2026-04-09,free,AU,5,0,14.1,4,12,24,0
usr_e8e5dd200fc4,2026-03-30,free,FR,34,10,12.4,2,9,59,0
usr_ceaf950d45ed,2026-03-27,pro,CA,20,3,8.1,4,2,51,0
usr_3afed605393e,2026-04-02,free,BR,12,3,1.0,4,11,10,0
usr_65e07296e3c1,2026-04-22,free,CA,19,6,19.3,6,28,35,1
usr_f30a47957ec5,2026-03-25,free,CA,0,0,1.0,3,22,0,1
usr_cd907ee6063f,2026-03-02,enterprise,DE,45,10,37.5,6,0,88,0
usr_e11061032b40,2026-03-10,pro,ES,15,2,9.2,3,7,63,0
usr_8d8ecd514be7,2026-03-18,free,IN,9,1,13.2,3,21,15,1
usr_1d10aa192d88,2026-02-09,free,CA,21,3,10.5,3,3,49,0
usr_412b3e3cd276,2026-03-24,free,BR,36,8,4.7,2,4,75,0
usr_98987765fb9b,2026-04-16,free,IN,18,5,6.3,6,5,49,1
usr_5e11c67f8c4c,2026-04-24,free,AU,19,4,4.5,2,14,25,1
usr_9bc61b2e84b0,2026-03-22,enterprise,IT,28,7,19.7,10,0,76,0
usr_592dd96d30a4,2026-04-05,free,CA,17,3,15.1,2,10,42,1
usr_4d77e984fc14,2026-03-12,pro,CA,16,7,6.3,5,27,31,0
usr_4f685ae7c325,2026-02-23,free,IT,9,7,11.0,2,13,27,1
usr_dca2f19ed125,2026-02-01,pro,CA,46,8,7.6,9,0,83,0
usr_40291de1fe99,2026-03-17,enterprise,ES,41,5,28.4,9,0,77,0
usr_f1929368132e,2026-04-23,pro,DE,38,10,5.0,4,10,66,0
usr_cafa4ad29030,2026-03-24,free,IN,14,3,9.5,5,26,30,1
usr_dab975b2a769,2026-03-26,free,US,21,7,16.0,5,14,36,0
usr_0c583424f18a,2026-02-02,free,CA,14,5,9.7,0,28,20,0
usr_dfe2dc2db30e,2026-02-04,free,FR,11,0,13.1,2,24,21,1
usr_792c7499f406,2026-04-17,free,IT,33,9,13.5,5,10,51,1
usr_505cf46de6ab,2026-04-12,pro,UK,34,8,11.9,5,9,69,0
usr_9fc6b33113d7,2026-03-06,free,US,24,3,5.6,6,5,43,0
usr_f1db2b7c3fff,2026-01-27,free,CA,7,1,12.9,6,26,16,1
usr_f534677671e8,2026-02-08,free,IN,18,5,1.0,5,10,41,0
usr_cb071eeab2d6,2026-02-01,free,UK,37,9,15.9,3,10,62,0
usr_91f70ca9a161,2026-02-07,pro,AU,36,10,24.9,5,8,54,0
usr_670794680ddc,2026-03-05,free,FR,31,8,1.0,4,10,58,0
usr_7b5a47b6cb62,2026-04-26,free,BR,13,1,5.1,3,23,31,1
usr_13f18e89982e,2026-04-22,free,AU,11,1,2.5,0,21,29,1
usr_b2a0e8aa93f6,2026-02-01,free,UK,28,6,7.5,5,10,55,0
usr_cea6fa64773f,2026-04-23,free,DE,10,4,18.0,1,28,16,1
usr_95f0871b9c8d,2026-04-21,free,DE,0,0,17.0,1,26,0,1
usr_c1f7cb1fe5f2,2026-02-16,free,AU,29,9,17.0,0,8,59,0
usr_be3a018cf9ab,2026-03-11,free,CA,29,9,6.1,3,19,39,0
usr_90bdacd7f108,2026-04-17,pro,IN,55,14,5.0,7,2,96,0
usr_47053d4e4afd,2026-03-07,free,IT,14,5,11.8,2,15,31,0
usr_b07a9fe26fe9,2026-03-06,pro,US,30,5,23.1,7,4,68,0
usr_be54efb1a7ba,2026-03-06,free,IN,19,2,3.4,2,5,55,0
usr_a5868fecc14d,2026-04-23,free,IN,22,5,10.0,0,7,54,0
usr_602ef249ab62,2026-02-13,free,IT,21,9,14.7,5,19,39,1
usr_ad4b1a3d842a,2026-01-29,pro,UK,19,4,19.7,3,2,42,0
usr_0113415669c4,2026-03-02,free,IN,23,6,11.8,4,3,55,1
usr_560b22b70a95,2026-02-24,free,US,15,6,9.2,3,24,27,1
usr_c0c91ee9c44d,2026-03-09,enterprise,US,43,9,43.6,6,2,79,0
usr_7c176b822e52,2026-02-09,free,FR,0,0,1.2,0,18,0,1
usr_a19ad3b420bf,2026-02-21,pro,IT,33,6,6.7,5,2,57,0
usr_eb5edb2b1033,2026-04-06,free,ES,12,4,6.1,1,22,22,0
usr_6623d4c59514,2026-04-18,free,IT,12,3,9.5,2,26,13,1
usr_ede9395241b7,2026-01-27,free,FR,29,7,8.4,4,5,65,0
usr_6e6349376f1d,2026-04-26,free,UK,18,4,3.3,0,5,47,1
usr_e6932837ae3f,2026-02-20,free,DE,7,4,10.6,2,20,34,0
usr_32edf6e21193,2026-03-05,pro,DE,32,8,21.7,5,2,60,0
usr_9ce9825d5024,2026-03-18,free,UK,46,10,7.2,6,0,80,0
usr_0953e68f80ce,2026-04-08,pro,DE,30,5,16.2,7,9,72,1
usr_c867bb919a63,2026-02-26,pro,BR,37,8,14.1,3,7,75,0
usr_3a87bd36c2ea,2026-02-27,free,AU,6,1,6.2,2,29,20,1
usr_fe8249abba1c,2026-04-25,free,BR,12,5,2.8,1,24,32,1
usr_bf96c4aaab9b,2026-03-15,free,ES,15,3,6.5,3,30,34,1
usr_f650d40e3759,2026-04-22,free,ES,12,1,7.3,2,14,24,1
usr_140aa083ca2d,2026-03-18,free,ES,10,4,8.6,2,26,17,1
usr_57c1b5c80809,2026-04-13,free,FR,28,5,1.0,4,6,53,1
usr_21a5c2b1b9e2,2026-04-12,free,ES,29,10,14.9,6,8,66,0
usr_f0f494459b01,2026-04-18,free,AU,5,1,1.2,0,21,21,1
usr_c4a88b6132a1,2026-02-11,free,IT,8,2,5.5,1,22,20,1
usr_0d35259afa4a,2026-03-19,free,CA,30,3,2.8,0,8,72,0
usr_e0edfb16d5eb,2026-03-17,enterprise,IT,53,10,40.3,8,1,100,0
usr_52d677214c8e,2026-03-10,free,BR,19,1,12.0,1,6,44,0
usr_43e558ab39d3,2026-03-15,pro,BR,41,10,27.6,5,0,82,0
usr_327eca8cc955,2026-04-20,free,ES,12,1,1.0,1,8,53,1
usr_1ffedcbf3e0d,2026-02-17,free,CA,3,0,4.9,0,16,0,1
usr_9a0c56c6b623,2026-04-14,free,DE,1,0,11.3,1,17,23,1
usr_17befeb9d21e,2026-04-03,pro,AU,48,9,15.2,6,8,74,0
usr_81953c94e7f9,2026-03-29,free,DE,1,0,13.1,0,22,13,0
usr_0e33b172c25f,2026-02-01,free,FR,0,0,8.8,5,23,0,1
usr_4c3429a159f3,2026-03-29,pro,AU,30,9,11.8,9,3,62,0
usr_bc059ba900d4,2026-04-05,enterprise,ES,46,11,41.3,6,0,89,0
usr_22b30f07592e,2026-04-01,free,CA,9,1,7.0,5,26,31,0
usr_37867bf2cc96,2026-04-07,free,US,29,6,5.9,0,5,49,0
usr_e533050049a9,2026-03-10,free,BR,12,3,4.7,3,22,32,1
usr_ea51ebe21e92,2026-04-11,free,ES,17,3,1.0,3,6,52,0
usr_1b880f581c93,2026-01-27,free,ES,21,7,5.2,2,8,45,0
usr_e9757a6e03d5,2026-03-09,pro,AU,18,6,16.0,7,8,41,0
usr_751b7822b6f5,2026-04-08,free,UK,18,4,8.3,1,15,38,0
usr_1ed676b0bbc0,2026-04-10,free,AU,15,5,10.2,0,10,25,0
usr_144de28aa6b0,2026-04-24,free,IT,9,3,10.2,2,17,17,0
usr_360340229b47,2026-02-22,free,AU,9,3,3.5,1,30,15,0
usr_a5ec751e9be5,2026-01-28,free,CA,26,8,17.9,2,21,37,0
usr_daeea8509024,2026-02-04,pro,US,35,10,5.0,5,10,64,0
usr_6120f2cd4c03,2026-04-06,free,CA,32,10,1.0,2,4,68,0
usr_fc4067397487,2026-03-30,free,ES,21,5,4.6,3,5,41,0
usr_91ca2f44d011,2026-04-09,pro,DE,39,12,5.0,4,3,66,0
usr_0684758b08b7,2026-03-29,free,BR,27,4,14.9,3,3,44,1
usr_adab5b36e572,2026-02-01,free,AU,21,4,7.4,6,5,43,0
usr_a3a79a9a225a,2026-02-18,pro,BR,30,7,34.4,4,10,62,0
usr_20bf9af14e1c,2026-03-26,free,DE,14,3,4.5,1,24,30,0
usr_9d8f3efbd04d,2026-01-30,free,AU,8,4,3.7,5,19,22,1
usr_3a2ce99fda94,2026-01-30,free,IN,30,6,17.2,3,8,51,1
usr_ace555dae932,2026-04-20,pro,FR,38,8,16.7,5,5,72,0
usr_c95aee7cc3ce,2026-02-04,free,US,13,6,4.8,1,13,5,0
usr_cc8770d7ee21,2026-04-13,free,IT,43,12,7.3,1,10,71,0
usr_a33194ae6815,2026-04-26,pro,DE,41,11,6.0,4,2,74,0
usr_2184d7651ed1,2026-03-25,free,ES,3,2,2.5,0,12,13,1
usr_f28e1f202998,2026-02-27,free,DE,23,7,9.0,3,10,46,0
usr_4b44b8e0c8bf,2026-03-05,pro,CA,37,9,13.5,5,2,53,0
usr_72bd3912dbf0,2026-01-31,free,CA,13,2,14.3,5,24,28,0
usr_9c26554694df,2026-03-25,pro,IT,31,4,11.1,5,5,71,0
usr_581909f4d007,2026-02-19,free,FR,15,4,9.1,4,10,25,0
usr_76ecbf029b9c,2026-03-13,pro,AU,40,8,25.7,4,5,75,0
usr_f007060d34d0,2026-04-09,free,IN,17,7,8.1,4,21,33,0
usr_e5d757b0e782,2026-04-19,pro,ES,26,6,21.2,4,2,58,1
usr_0d286c3cc03b,2026-04-05,free,IN,22,6,12.8,5,10,31,0
usr_a2212ad10f23,2026-04-25,free,BR,0,0,2.9,1,30,3,1
usr_abcd548c059e,2026-04-09,free,CA,18,2,5.3,4,4,45,0
usr_c834c1c5a7a6,2026-02-15,free,AU,4,0,9.1,4,23,21,1
usr_1bfdb42dd566,2026-03-30,free,IT,22,3,11.0,6,22,34,0
usr_05e3aeadd616,2026-02-26,free,UK,15,2,8.9,5,10,35,1
usr_793ea01cb0d3,2026-03-14,free,US,0,0,9.3,2,15,0,0
usr_802403173463,2026-04-18,free,UK,13,2,4.9,3,9,42,0
usr_1cb17d0dbd2e,2026-04-14,free,FR,40,13,5.5,0,4,67,0
usr_731f33347da8,2026-03-10,free,IT,23,4,13.2,3,15,36,0
usr_8a732ebc4240,2026-03-28,free,AU,23,6,7.1,0,10,57,0
usr_e6f1d78bc951,2026-01-29,free,UK,21,6,1.3,0,28,40,0
usr_ccefa31a43e7,2026-02-09,free,IN,36,8,15.8,0,3,63,0
usr_e10a87f9e7bf,2026-04-17,free,IT,22,6,4.5,2,26,9,1
usr_5720f0aa315a,2026-02-04,free,IT,11,1,1.0,1,17,31,0
usr_6c372623e4c5,2026-02-24,free,UK,14,2,7.7,4,11,31,1
usr_7b7d74b6a3ef,2026-03-23,free,AU,19,3,3.9,1,21,21,0
usr_e1e7cbb0c0cc,2026-02-09,pro,UK,34,10,19.8,4,3,83,0
usr_ed3c6551e9f4,2026-02-08,pro,DE,33,8,27.6,4,8,60,0
usr_b51ccc944498,2026-04-17,free,BR,20,6,14.7,2,16,40,0
usr_74aec5dd4a8a,2026-04-04,pro,IT,43,9,5.0,3,0,78,0
usr_0bf967114e1a,2026-04-13,free,UK,6,1,10.2,0,16,20,1
usr_6d38b5b41afc,2026-04-11,free,AU,19,6,8.3,3,8,50,1
usr_da142a007b16,2026-02-26,free,UK,22,4,10.2,0,6,49,0
usr_f58311f343d7,2026-02-03,free,UK,15,2,6.8,1,18,28,1
usr_d0feb8d9ba7f,2026-02-15,free,CA,6,2,3.6,5,14,29,1
usr_472eda87088f,2026-01-27,free,IN,14,5,9.7,3,19,39,0
usr_a5a26ba37d08,2026-03-09,free,IT,16,7,12.5,5,28,25,1
usr_ed40a285af05,2026-03-25,pro,FR,20,2,28.1,8,3,51,0
usr_05c9fb2294a2,2026-02-08,free,IT,22,6,3.4,2,19,40,0
usr_0f52c0a41a65,2026-03-24,free,BR,10,0,15.3,4,13,0,1
usr_b1e90b1e6e98,2026-02-24,free,ES,0,0,6.4,4,23,23,1
usr_f362feee0d6c,2026-04-03,free,DE,7,3,3.5,3,19,15,1
usr_08b7f88de4cd,2026-04-24,pro,CA,23,2,21.7,6,20,30,0
usr_c33cd195fe44,2026-02-23,free,ES,22,9,16.1,2,6,52,1
usr_0521ee97aac5,2026-02-19,free,CA,1,0,13.8,2,28,0,1
usr_b94b0b844aaa,2026-03-05,free,AU,38,10,6.4,4,2,64,0
usr_4956735a0cd2,2026-02-21,free,ES,27,6,11.8,0,1,81,0
usr_5e0c000289f9,2026-02-03,pro,IT,40,8,14.5,4,10,59,0
usr_518e9cf659bd,2026-04-26,pro,DE,40,8,14.0,8,7,67,0
usr_dd6e109cc91b,2026-04-08,free,ES,21,7,12.9,3,26,39,0
usr_b701547c0232,2026-02-17,pro,FR,43,11,5.0,7,2,82,0
usr_49bac134171c,2026-04-20,free,IN,16,3,4.2,3,23,27,1
usr_c91142f7098d,2026-02-01,enterprise,ES,31,12,29.7,10,2,78,0
usr_a27765ce1f1d,2026-02-04,free,IT,25,7,2.5,6,15,39,0
usr_af050eb3ea6e,2026-04-23,free,US,13,6,11.6,3,30,29,1
usr_41d2cc7c63b5,2026-02-14,enterprise,ES,44,7,23.5,10,3,91,0
usr_1df81d4f8350,2026-03-05,free,BR,22,5,5.4,1,5,56,0
usr_404206391804,2026-03-03,free,AU,25,4,7.5,0,6,41,0
usr_333d7310b54c,2026-02-07,free,IT,11,6,13.2,6,21,11,0
usr_4d200a778631,2026-03-13,free,AU,20,5,9.4,2,4,55,1
usr_6e54d1709819,2026-02-13,pro,AU,41,9,21.0,8,6,74,0
usr_b5994c84c368,2026-02-19,free,DE,35,10,11.1,1,10,72,0
usr_04faf2fdbc31,2026-03-06,free,CA,19,7,3.5,3,13,37,1
usr_ed2d7ee07aea,2026-04-08,free,AU,10,1,5.4,2,21,38,0
usr_b474775f4e59,2026-02-02,enterprise,IT,43,11,25.5,10,3,100,0
usr_45c7ea816296,2026-03-27,free,AU,19,5,9.7,4,8,42,0
usr_b20842a3293d,2026-02-24,free,IN,4,0,1.0,3,23,18,1
usr_4de16b4b0874,2026-04-07,free,IT,16,5,9.5,6,2,43,0
usr_ad9130930a79,2026-04-12,free,AU,45,14,4.7,1,0,87,0
usr_0bde6f67182f,2026-03-28,pro,CA,18,7,14.3,4,4,52,0
usr_e2003029e111,2026-03-19,free,DE,18,4,13.2,6,29,22,1
usr_9b03986f1928,2026-03-05,free,ES,15,4,19.9,3,24,28,1
usr_f458d7414e8d,2026-03-19,free,US,16,8,5.5,3,12,37,1
usr_16e6248aa840,2026-03-14,free,IN,2,0,1.0,3,24,5,1
usr_7fb3ffbf311e,2026-02-22,free,FR,0,0,10.2,5,25,0,1
usr_81bc634e45ea,2026-02-12,free,CA,33,10,10.6,1,3,47,1
usr_ab97b6e79512,2026-03-29,free,CA,7,3,9.0,3,20,25,0
usr_c88d500f9d66,2026-04-24,free,ES,10,2,14.0,3,19,33,1
usr_ad246fdb8ea7,2026-02-09,enterprise,IN,46,9,28.5,6,2,89,0
usr_7ed1044150a1,2026-03-24,pro,DE,27,3,5.4,3,2,42,0
usr_0077bfe3636d,2026-03-07,free,US,21,7,12.5,3,4,49,1
usr_4f83edf2d9f0,2026-03-06,free,IT,18,4,7.3,4,16,30,0
usr_8b5a24d57cf2,2026-04-26,free,FR,33,9,8.9,1,9,64,0
usr_d9232ffca48b,2026-03-17,free,US,4,0,23.8,2,13,12,1
usr_08eea43e59c3,2026-02-17,free,ES,31,7,10.9,3,6,58,0
usr_a6e8239cac9e,2026-02-23,free,FR,36,8,9.9,5,6,74,0
usr_9f79901ae9a7,2026-02-02,free,IN,24,5,4.6,5,9,54,0
usr_c716697fa133,2026-03-24,free,IN,0,0,1.0,1,14,0,0
usr_d0c312d39be3,2026-03-05,free,IN,11,2,13.1,2,17,5,1
usr_865f220a5c60,2026-03-23,free,US,14,5,3.9,4,13,25,1
usr_08afc8f25703,2026-03-27,pro,FR,29,7,15.2,8,3,48,0
usr_bb67379bfae2,2026-03-26,free,US,13,1,3.1,2,25,39,1
usr_8842ae84b778,2026-03-20,pro,BR,30,5,13.3,5,6,64,1
usr_92b5eb42dd70,2026-04-23,pro,BR,30,9,8.4,3,0,81,0
usr_13df84de947f,2026-03-20,free,UK,20,6,6.2,5,2,47,0
usr_7c491946bc0f,2026-04-14,free,US,26,6,5.1,5,5,62,0
usr_875f148ef182,2026-04-26,free,AU,10,2,12.4,1,13,19,1
usr_8a330d0e5939,2026-03-20,free,BR,7,4,6.3,1,14,17,1
usr_5b10b01243d6,2026-04-23,free,AU,41,7,8.8,3,5,75,1
usr_8e6a996bd7dc,2026-04-13,pro,CA,20,3,16.6,7,7,52,0
usr_fe832e2f55e0,2026-03-24,free,US,20,3,14.7,0,4,43,0
usr_069596e8455e,2026-03-14,enterprise,UK,45,12,34.0,6,3,94,0
usr_780e63b5610a,2026-02-10,pro,FR,25,7,12.5,5,6,56,0
usr_803b3b00417b,2026-03-11,free,IT,31,10,5.9,4,2,55,0
usr_660f5e387e50,2026-02-03,free,ES,8,2,4.3,2,19,10,1
usr_94a63be0ec7e,2026-04-14,free,UK,30,7,7.7,4,7,72,0
usr_b8edfbe284ec,2026-03-15,free,IN,10,2,1.0,2,23,31,0
usr_0e017edcaaa7,2026-02-21,free,BR,30,13,8.6,2,4,45,0
usr_a767983c37c4,2026-02-01,pro,UK,38,9,20.1,3,9,65,0
usr_f004b6f56aec,2026-04-09,free,US,14,2,1.9,1,23,37,1
usr_2053138144fb,2026-02-24,free,IT,11,1,7.3,3,12,26,1
usr_3af4a03129c2,2026-04-25,pro,DE,41,10,7.2,5,1,83,0
usr_b3e92ca25652,2026-02-06,pro,IN,43,13,8.3,8,3,91,0
usr_b8b1a33427a8,2026-03-27,free,ES,15,1,1.0,3,11,34,1
usr_29127a8bfa65,2026-02-12,free,FR,30,5,7.3,5,8,57,0
usr_5b9bff5424ce,2026-04-24,free,IN,13,0,11.9,3,23,32,0
usr_019183aacd1c,2026-04-02,free,FR,21,5,5.5,4,7,64,0
usr_753740499d2f,2026-02-10,free,BR,12,1,4.7,0,13,35,0
usr_73833a416cfd,2026-04-13,pro,FR,37,11,19.4,7,1,79,0
usr_cd5211c91a6d,2026-03-18,free,US,2,2,9.7,3,25,16,0
usr_889014568bb0,2026-02-26,free,BR,11,0,13.6,1,22,19,1
usr_d7a85f902faf,2026-01-29,free,DE,18,3,7.5,0,20,39,0
usr_c2bf04877564,2026-02-11,free,IN,13,0,2.7,3,29,19,1
usr_53686b399e2e,2026-04-09,free,IT,17,3,3.0,0,20,38,1
usr_aaae20ac72db,2026-02-27,free,DE,14,3,5.1,3,20,30,0
usr_9f9c9c81a621,2026-02-04,free,UK,25,6,1.0,0,9,50,0
usr_e68b88961743,2026-02-13,free,IT,23,4,12.1,2,4,42,0
usr_67b2b97159fd,2026-02-26,free,US,15,1,12.5,3,12,20,0
usr_fa548b0d10c4,2026-04-17,free,IN,14,3,26.5,0,15,28,1
usr_0d48fbd67cdf,2026-02-02,free,IN,14,0,9.2,4,4,41,1
usr_e13117194899,2026-04-20,free,ES,14,0,5.4,3,6,45,0
usr_06342f26c389,2026-04-23,pro,US,27,6,13.1,7,7,59,1
usr_9f24b4b56e14,2026-04-22,free,ES,26,4,12.1,1,8,41,0
usr_8f77c9c9ee1e,2026-04-17,free,IT,3,0,6.4,5,22,7,1
usr_93debcb0476a,2026-02-25,free,IN,13,2,15.0,1,21,20,1
usr_48872d672431,2026-04-16,free,IN,17,2,2.5,5,27,40,0
usr_32d937cbc3e7,2026-04-13,pro,ES,41,9,27.8,5,1,80,1
usr_cf51dda7cf60,2026-01-29,free,DE,29,5,1.0,2,4,51,1
usr_430300258958,2026-04-05,free,US,29,6,11.8,0,6,60,1
usr_16556c68b9bd,2026-02-28,pro,IT,25,6,15.9,3,10,74,1
usr_36374412a32c,2026-04-21,free,ES,5,1,10.8,0,24,13,1
usr_d93e0d829c59,2026-03-15,enterprise,US,41,8,27.8,7,3,96,0
usr_0ee23b73b6e8,2026-04-13,pro,IN,19,1,8.3,6,14,40,0
usr_00b51fda0c47,2026-03-08,free,US,9,1,1.3,5,19,13,1
usr_0c4b9db48969,2026-01-29,enterprise,BR,42,9,44.0,6,1,84,0
usr_6fc9d69ab8a0,2026-04-18,free,ES,9,1,11.4,3,23,27,1
usr_4b7ca4c81854,2026-04-09,free,UK,22,5,5.5,3,17,39,0
usr_e21efb034eb4,2026-03-12,free,IT,40,8,1.3,0,5,73,0
usr_05c96245920c,2026-03-09,free,US,19,4,8.2,3,17,36,1
usr_e982533b0aaf,2026-03-29,pro,CA,33,8,10.9,5,7,75,0
usr_14dc95a46306,2026-02-03,free,BR,11,0,11.6,3,17,15,1
usr_01c488c28211,2026-03-14,free,IT,25,6,1.0,4,2,46,0
usr_5f478f4e9412,2026-02-11,free,IN,28,11,10.4,2,6,54,0
usr_f113fda1a817,2026-02-13,free,FR,21,2,6.1,1,24,29,1
usr_eee862947ce1,2026-04-06,free,FR,8,0,2.7,4,22,16,1
usr_7069caa38a58,2026-04-18,free,IN,21,3,1.0,4,4,42,1
usr_8ea0816bcc26,2026-02-26,pro,DE,37,7,16.1,6,0,81,0
usr_e16da5d39921,2026-03-21,free,BR,21,4,4.4,4,29,40,0
usr_14a66740048c,2026-02-14,free,DE,13,2,11.4,4,13,32,0
usr_4971b14f20c2,2026-04-16,free,US,3,1,7.3,4,30,1,1
usr_0c273e83ac88,2026-02-15,pro,IN,31,8,20.6,8,3,65,0
usr_46961e530efc,2026-03-26,pro,DE,30,3,5.0,6,9,74,1
usr_dc38572fc446,2026-02-15,free,DE,18,0,8.1,0,29,21,0
usr_6e934d7f13c9,2026-03-14,free,CA,7,0,5.4,0,21,11,1
usr_b5e882f0a567,2026-04-12,free,IN,27,9,7.3,2,8,55,0
usr_31309fba0bed,2026-03-06,pro,US,34,10,15.4,4,7,59,0
usr_09dfdd07a635,2026-03-31,free,IT,32,11,18.2,4,10,59,0
usr_31e24620792d,2026-04-10,free,IN,12,4,1.0,5,19,34,0
usr_a9edb4409ae9,2026-03-23,pro,IN,22,6,27.7,5,6,51,0
usr_4ba9e8fa97f7,2026-04-11,pro,FR,38,9,18.2,5,2,84,0
usr_d8721c395e19,2026-04-09,free,IT,17,4,5.3,1,25,34,0
usr_1c21c869e151,2026-02-22,free,BR,33,4,2.6,0,7,69,1
usr_e8c11bf7a26e,2026-03-02,pro,AU,22,4,15.6,5,7,47,1
usr_413a7589eede,2026-02-04,pro,IN,21,5,18.2,6,2,58,1
usr_4048db4b3849,2026-02-26,free,UK,21,5,5.7,1,17,36,0
usr_273e21aa007f,2026-02-26,pro,IN,43,10,7.4,4,1,83,0
usr_8c6c8d77989a,2026-02-25,free,US,0,0,10.0,4,26,0,1
usr_557724ff21cc,2026-04-22,free,US,14,3,12.1,1,14,21,0
usr_5d08c038e9c2,2026-01-31,free,IT,6,2,5.7,3,17,2,1
usr_4263f07b107f,2026-02-09,pro,FR,17,3,14.0,6,8,41,0
usr_95993a9bfa47,2026-02-14,free,FR,18,5,3.5,0,10,28,1
usr_23abfa037bac,2026-03-16,free,UK,17,3,12.0,6,26,30,0
usr_1545eac55b47,2026-02-01,free,ES,15,6,11.3,2,22,29,1
usr_cbc65680ed2a,2026-02-18,free,AU,14,1,18.8,2,26,32,1
usr_b363c64db860,2026-04-19,free,UK,35,6,8.1,4,5,56,1
usr_15c80fa44c90,2026-02-19,enterprise,AU,48,12,13.4,8,0,96,0
usr_fa3498a99e8b,2026-04-06,pro,AU,40,6,18.2,5,7,58,1
usr_a57e46ed7db4,2026-01-28,free,UK,15,0,1.0,5,23,33,0
usr_ed692daa1d18,2026-03-29,free,FR,17,3,12.7,2,19,39,0
usr_cade0fbe999d,2026-03-12,free,US,12,5,7.2,5,22,36,1
usr_7b9f35336805,2026-04-08,pro,IN,19,4,19.7,5,6,61,1
usr_e7e471fe4af0,2026-03-17,free,IN,15,5,1.0,5,10,34,1
usr_7b9cb9ac4000,2026-02-28,pro,IT,22,8,24.2,4,3,58,1
usr_bae02d7733b9,2026-04-15,pro,UK,45,14,8.5,3,2,77,0
usr_e0d63ec12b44,2026-03-13,free,BR,18,5,5.0,5,10,46,0
usr_c1fe5f665f45,2026-02-25,free,IT,7,0,10.2,0,22,17,0
usr_e7be4ea4c006,2026-03-19,pro,ES,45,13,14.7,4,3,82,1
usr_b6051f41e0ae,2026-02-01,free,US,3,3,7.4,2,25,0,0
usr_8e8ad40aeb29,2026-03-25,pro,CA,33,9,15.8,9,5,62,1
usr_76c3ec25b707,2026-03-31,free,CA,21,7,5.4,0,5,42,0
usr_ae4037a7bb7e,2026-02-16,free,ES,21,1,17.6,1,10,54,0
usr_69fdb5c6b0d8,2026-02-25,free,BR,51,14,8.0,4,2,78,1
usr_5e0fd1c8a420,2026-02-13,pro,UK,26,4,14.4,4,2,48,0
usr_6a3b67f0452c,2026-04-17,free,IN,20,3,7.3,3,17,20,1
usr_766db1e5e031,2026-04-02,free,IT,17,7,8.9,2,20,34,0
usr_1f8f0987728a,2026-02-23,free,IT,0,0,13.8,0,13,5,1
usr_456e99905265,2026-04-14,free,FR,0,0,1.8,0,12,5,1
usr_a9b6b93f0228,2026-04-13,free,ES,48,11,17.1,2,2,85,0
usr_111839272180,2026-02-26,free,BR,19,2,5.8,2,16,33,0
usr_d92a7586ca42,2026-04-07,pro,BR,17,4,16.0,6,22,40,0
usr_3e5aed8ff6cf,2026-03-08,pro,IT,51,11,14.4,7,2,82,0
usr_e8973d8586e4,2026-04-26,pro,IT,34,5,29.0,7,5,65,0
usr_cd60c79eaced,2026-03-05,free,ES,9,2,8.8,5,26,22,1
usr_7292c21ff565,2026-03-26,free,DE,26,5,5.1,5,4,48,0
usr_f3547c3cc7de,2026-04-10,pro,DE,30,6,18.4,4,9,70,0
usr_b1f2ad059c8b,2026-02-19,enterprise,ES,43,10,50.0,7,2,92,0
usr_c901c628bebd,2026-04-10,free,DE,21,9,11.8,0,12,31,0
usr_f034319eb456,2026-02-18,pro,FR,22,9,8.2,7,7,49,0
usr_e8f12a5ec638,2026-03-12,free,IN,12,0,6.7,4,16,37,0
usr_4bd8c0b8d1e2,2026-02-07,pro,US,17,3,21.2,7,2,48,0
usr_fe35807fa251,2026-03-11,free,ES,21,4,10.5,0,10,48,1
usr_a147256309e0,2026-02-07,enterprise,ES,50,13,15.9,7,0,95,0
usr_a8785760ec21,2026-03-28,pro,CA,25,8,19.6,6,10,61,0
usr_bfb11e4a8a26,2026-01-28,pro,AU,27,6,5.9,3,9,50,0
usr_ed02726205fd,2026-02-19,free,FR,29,5,3.2,2,3,49,0
usr_ea09aa48f340,2026-04-13,free,CA,23,6,8.8,2,23,37,0
usr_ff3a1cb64ba8,2026-04-14,free,ES,7,4,3.8,1,14,7,1
usr_e83e47ce38db,2026-03-16,pro,FR,47,11,21.0,3,0,92,0
usr_d5bac3e87590,2026-03-14,free,DE,13,3,11.2,3,24,33,1
usr_43dcca4d201b,2026-03-05,free,IT,13,1,11.7,4,8,44,0
usr_8d0605c49f09,2026-04-08,free,BR,9,2,11.7,2,20,23,1
usr_84420a4f8c16,2026-04-26,free,ES,9,0,8.3,1,23,7,1
usr_de0c5c567624,2026-04-21,free,IT,5,0,13.3,3,28,14,1
usr_7ca7ab7d71c3,2026-04-16,free,AU,10,1,5.5,5,12,28,0
usr_9e3d021b1275,2026-04-01,free,UK,26,6,11.7,2,5,53,0
usr_94831eb92ada,2026-04-26,free,ES,12,5,13.1,2,25,23,0
usr_5287edf10921,2026-04-11,free,IT,27,4,1.0,1,6,43,1
usr_e6f2244aaa32,2026-02-15,free,DE,22,8,7.8,5,16,31,0
usr_ef935ca4ab59,2026-03-09,free,CA,14,4,3.1,0,30,36,0
usr_6f5723232d13,2026-04-18,free,FR,0,0,13.4,1,27,0,1
usr_54074586e7bc,2026-04-24,free,FR,13,3,12.6,2,10,22,0
usr_73adcb91e3a6,2026-02-12,pro,US,21,3,24.6,7,10,52,1
usr_c0b6ef0ee088,2026-03-22,free,IN,9,0,10.9,3,24,0,1
usr_a6d157b3926d,2026-03-08,free,AU,28,6,4.6,2,4,59,0
usr_1580346f5051,2026-02-10,free,BR,8,2,4.5,0,13,5,1
usr_120e7feb384f,2026-04-08,free,US,0,0,6.1,5,12,0,1
usr_6a96dc9d72a8,2026-04-19,free,IT,27,9,7.8,6,6,61,0
usr_abbb378fb8f3,2026-03-15,pro,UK,22,6,7.2,3,8,43,0
usr_0930c44567d1,2026-03-10,free,US,25,4,3.6,2,7,49,0
usr_9a06a9b3037e,2026-04-13,free,US,3,0,5.5,4,12,9,1
usr_93a02d665e07,2026-02-03,free,FR,29,8,9.7,4,5,55,0
usr_cea31312d0eb,2026-04-02,free,ES,27,7,7.8,3,4,61,1
usr_e95727332dc9,2026-03-25,free,FR,1,1,1.0,0,26,14,0
usr_157a3d3554a4,2026-03-30,free,DE,24,4,6.0,0,8,54,0
usr_e442de52b632,2026-02-11,free,DE,8,2,4.0,1,28,32,1
usr_20822d79dfa0,2026-04-13,free,BR,32,9,12.6,2,6,54,0
usr_bac52a4e6508,2026-02-24,free,FR,21,5,13.4,3,30,28,1
usr_da1084d568be,2026-02-28,pro,BR,35,6,19.2,7,3,80,1
usr_eb58dc52220c,2026-03-21,free,BR,15,4,11.5,4,14,28,1
usr_ae473e6d29e1,2026-01-27,free,UK,32,10,1.0,5,5,65,0
usr_59dc2502a505,2026-03-06,free,DE,17,5,13.8,4,7,41,0
usr_a246bc3b3d18,2026-03-14,free,FR,13,2,10.4,0,17,31,0
usr_4903b1cae044,2026-03-27,free,BR,9,0,6.2,3,14,27,1
usr_e4f6eb17d0e5,2026-02-04,enterprise,AU,33,8,27.3,8,0,82,0
usr_5859f5166329,2026-02-24,pro,US,22,7,15.9,5,5,44,0
usr_47f597c4d659,2026-04-08,free,UK,18,5,1.0,1,17,37,0
usr_5a52e2f904fe,2026-02-23,free,ES,36,12,7.5,4,10,69,0
usr_3b80b21b6d3a,2026-01-27,free,CA,20,4,3.2,6,10,44,0
usr_bb052afc7eca,2026-04-23,free,BR,11,0,4.2,6,17,31,1
usr_b4e52299269d,2026-02-18,free,IN,10,1,14.5,3,29,29,0
usr_5c92b6c321b8,2026-01-29,free,DE,0,0,4.3,3,11,7,1
usr_03ca724e4048,2026-04-14,free,AU,26,6,6.4,5,3,54,1
usr_fbcac92662c1,2026-03-09,free,UK,33,5,3.9,6,7,54,1
usr_d7e0ffdb7dc6,2026-01-30,free,CA,8,1,5.2,6,18,23,1
usr_d753e0ce046c,2026-01-31,enterprise,UK,39,11,45.6,8,2,81,0
usr_44e0d4a4fb2d,2026-03-03,free,CA,1,0,1.2,5,11,19,1
usr_e3f20ce19572,2026-02-14,free,ES,8,3,11.2,1,30,26,0
usr_d7d3457dc813,2026-04-11,free,IT,7,5,4.0,0,11,11,1
usr_8ad330c6d701,2026-03-10,free,US,0,0,28.1,1,30,0,0
usr_b368a0eaadf2,2026-02-04,free,IN,15,1,4.0,3,26,37,0
usr_e222abd06a1d,2026-04-13,free,AU,28,5,9.6,4,5,58,1
usr_1dbdc7d87c62,2026-04-21,free,CA,12,4,15.6,0,22,30,1
usr_a90aa6960132,2026-04-16,pro,UK,35,11,10.9,5,3,85,0
usr_05b856f89964,2026-02-27,free,DE,11,3,12.7,1,10,14,1
usr_06554b1d5c1c,2026-02-07,pro,BR,28,3,18.3,7,5,72,0
usr_93770885134f,2026-04-25,pro,AU,47,11,27.4,8,0,89,0
usr_c8c7a2647247,2026-02-28,free,IN,0,0,1.0,5,17,7,1
usr_9b4eb68a93ed,2026-02-28,free,AU,49,9,12.9,4,2,98,0
usr_c59c658d2ba7,2026-03-20,free,AU,9,3,4.5,0,25,37,1
usr_a0ea2b7d198a,2026-01-27,pro,FR,25,7,7.0,5,5,56,0
usr_8579e05fcff7,2026-02-19,pro,BR,21,5,20.8,4,10,61,1
usr_c4d2dd6f1d92,2026-02-03,free,AU,10,3,1.0,4,23,27,0
usr_9fac87e9a20f,2026-03-05,free,IN,17,4,5.0,5,24,38,0
usr_d1634bd54cfd,2026-03-18,free,BR,16,1,12.3,3,8,48,0
usr_59615b28c30d,2026-03-21,pro,DE,23,4,5.6,4,4,47,0
usr_d4af81761e02,2026-04-25,pro,IN,30,7,12.6,7,5,71,0
usr_d355933fd443,2026-04-23,pro,UK,45,12,5.0,5,2,97,0
usr_2bd3e0f8231e,2026-03-17,free,BR,11,7,10.2,4,3,41,0
usr_a0a4fcb92b65,2026-03-07,pro,CA,24,7,13.0,9,6,43,0
usr_cfcc3fa7ad4e,2026-04-15,free,CA,17,3,3.1,5,14,37,1
usr_e737c5c44e4b,2026-04-05,pro,BR,22,2,25.8,4,22,40,0
usr_7f866706baec,2026-03-27,free,ES,18,3,8.6,5,15,19,1
usr_f5f5da655336,2026-04-19,pro,IN,41,7,7.7,3,5,75,0
usr_cb3e6ebf4c00,2026-04-18,free,AU,34,8,10.0,1,7,75,1
usr_aceeb2afdba4,2026-04-03,pro,UK,37,6,17.0,6,2,78,1
usr_7d7718c8c6ac,2026-04-04,pro,IN,25,3,10.9,7,10,65,1
usr_2f93a320210a,2026-03-09,free,IN,17,3,8.5,1,6,44,0
usr_d3813b7f0f87,2026-01-29,free,CA,17,3,4.6,5,24,39,1
usr_81ad46fd69ca,2026-03-26,free,IN,3,0,13.3,4,21,10,1
usr_5543557085f4,2026-02-02,free,DE,1,1,9.5,4,13,8,1
usr_6f8c7fc93b6e,2026-02-16,pro,US,39,7,11.8,4,3,71,0
usr_53b36558233e,2026-02-01,free,BR,13,2,2.5,0,25,25,1
usr_971c91effed6,2026-03-20,pro,CA,33,10,20.0,6,10,65,0
usr_e45457efaabe,2026-04-23,free,ES,5,0,2.9,3,29,34,0
usr_e3f99980b326,2026-02-16,free,DE,22,7,11.1,0,4,61,0
usr_6554add8bad4,2026-04-20,free,US,0,0,1.0,3,27,2,1
usr_4bcbb62bb7d7,2026-03-28,free,US,47,10,11.9,4,3,88,0
usr_79172681f89a,2026-03-15,pro,FR,47,10,21.6,9,3,100,0
usr_a35438647b4f,2026-04-02,pro,ES,44,8,5.0,7,3,100,1
usr_3b1006c2c17d,2026-03-25,pro,IT,43,12,11.4,6,6,74,0
usr_6fcf17649895,2026-02-15,free,IT,17,5,2.7,2,12,30,1
usr_7439e94ffdbf,2026-03-25,free,IT,20,4,10.2,1,2,51,0
usr_23f00caffc00,2026-02-18,free,ES,7,3,2.5,2,27,20,1
usr_a2c6c8d4d98a,2026-04-05,free,FR,35,6,1.0,1,2,61,1
usr_20119b613670,2026-02-10,free,ES,15,6,8.4,2,2,42,0
usr_e1873f528165,2026-01-30,free,IN,13,5,4.0,3,25,29,1
usr_2846ed2f917e,2026-03-02,free,UK,13,2,10.5,3,10,34,1
usr_b8e0db1485db,2026-02-09,free,BR,25,5,8.5,6,10,48,0
usr_8f7e2d530574,2026-04-18,free,US,28,6,12.2,2,5,51,0
usr_d96af212ee0e,2026-03-02,free,UK,9,0,1.2,3,13,0,0
usr_7cbe362b7947,2026-03-21,pro,AU,37,6,8.7,4,5,75,0
usr_25033d19d457,2026-03-23,free,IT,11,1,11.8,4,11,21,1
usr_84492ed9aa33,2026-04-13,free,IT,22,5,4.9,0,3,44,1
usr_301917fd824b,2026-02-24,enterprise,ES,43,14,21.2,8,4,69,0
usr_38391758a0d5,2026-04-10,free,FR,22,4,8.7,3,4,46,0
usr_e1641d1ddb04,2026-02-08,free,AU,11,4,2.5,2,19,37,0
usr_b4fac4268bb6,2026-02-21,pro,IT,25,7,5.0,5,4,46,0
usr_92dbaef14354,2026-03-21,pro,IN,18,2,7.5,3,6,43,0
usr_fdf8d3af7271,2026-02-24,free,IT,19,3,2.5,5,8,50,1
usr_8f04e7f7bcdd,2026-04-12,free,IN,7,0,7.6,2,6,45,1
usr_2666df19ecc1,2026-04-14,enterprise,FR,43,11,54.8,6,1,85,1
usr_9b98ba5efd7e,2026-03-16,free,BR,34,9,9.3,3,6,66,0
usr_bed9b3a59c9c,2026-02-11,enterprise,US,45,12,35.2,9,0,89,0
usr_b1de4677569f,2026-03-13,free,CA,0,0,19.7,2,27,0,1
usr_7c9c69364d5f,2026-03-16,pro,FR,28,9,15.1,6,5,56,0
usr_ebaa12bcaad9,2026-03-06,free,CA,30,6,12.8,4,8,58,0
usr_ccc3a068a3e7,2026-02-22,free,US,7,0,2.0,3,30,15,1
usr_e488b4650f77,2026-02-16,enterprise,DE,50,14,12.2,7,1,86,0
usr_129e790f9abc,2026-01-27,enterprise,DE,58,13,25.8,10,1,89,0
usr_2ecf4a87167e,2026-03-17,free,IT,35,7,14.0,2,2,79,0
usr_d24c55b0f23a,2026-03-09,pro,UK,28,2,26.6,4,6,63,0
usr_aa6ed8196f61,2026-04-05,free,IN,14,2,18.4,5,27,25,1
usr_39bb2dafb91d,2026-02-11,free,UK,14,3,6.9,4,15,30,1
usr_4a16b8a910b8,2026-04-21,pro,ES,29,9,23.5,4,2,65,0
usr_0a7b695a03b0,2026-02-20,free,ES,18,6,4.3,1,10,35,0
usr_f343097a9739,2026-02-21,free,UK,1,0,11.7,0,21,7,0
usr_a87591a29f49,2026-03-28,pro,IN,32,6,24.9,3,5,59,1
usr_47c84760fbd0,2026-03-04,pro,BR,8,3,10.6,10,10,41,0
usr_b94d065098aa,2026-04-24,free,CA,7,1,1.4,1,13,23,0
usr_91cf2620939a,2026-04-18,free,IT,34,9,1.5,6,3,64,0
usr_516c7770a849,2026-03-22,free,DE,27,6,7.5,1,9,48,0
usr_9f628f1d467e,2026-02-05,free,ES,0,0,13.4,3,18,0,1
usr_4df06e24e74a,2026-03-11,pro,AU,32,6,21.0,8,9,73,0
usr_f41e35ce38de,2026-04-08,free,ES,0,0,10.6,1,19,0,1
usr_5910d2e2c795,2026-04-17,free,IT,25,4,11.9,0,5,41,0
usr_542fcb191193,2026-04-03,pro,IT,46,11,5.0,4,3,75,0
usr_d7cd6596fc30,2026-02-14,pro,IT,36,11,26.7,3,10,74,0
usr_4f4b513569ac,2026-02-15,pro,FR,27,8,13.7,4,4,55,0
usr_f57de6741412,2026-04-09,pro,FR,22,3,19.2,7,4,41,0
usr_39102efdee70,2026-02-13,free,ES,22,6,1.0,0,5,42,0
usr_acf5e4b31791,2026-02-09,pro,IT,36,7,12.0,5,4,70,0
usr_8448b73b6b31,2026-01-27,free,FR,14,3,13.3,0,26,36,0
usr_3824c06e3f15,2026-03-21,free,UK,26,6,7.9,0,14,36,0
usr_75ec76631bf0,2026-03-13,pro,UK,45,11,22.2,4,0,95,0
usr_ea51a7e4c171,2026-03-12,pro,CA,40,10,11.4,5,9,75,0
usr_2ff5b7537fcb,2026-03-07,free,IT,1,1,2.7,6,21,14,0
usr_ffabae12a7ff,2026-03-08,pro,ES,47,15,25.9,7,3,78,0
usr_209c40ef5b1a,2026-03-30,pro,UK,38,9,20.8,6,7,62,0
usr_3a23e4504602,2026-04-11,free,US,30,11,6.8,4,7,44,0
usr_bdd6121cd89d,2026-02-01,free,UK,16,6,16.4,4,5,44,1
usr_9262cb2c50d7,2026-02-12,pro,DE,34,9,21.9,3,9,66,0
usr_b3c595e7e931,2026-02-23,free,UK,16,6,8.6,3,23,39,0
usr_deed757a4dca,2026-03-08,pro,CA,26,5,5.1,3,8,53,0
usr_92ee4c3bc11e,2026-03-19,free,BR,6,0,9.2,2,17,20,1
usr_ad697d797f88,2026-03-19,free,AU,12,3,1.0,4,29,20,1
usr_7d7aee43fbd2,2026-02-09,free,IT,16,1,9.3,1,12,29,0
usr_798f7cfdc3ec,2026-02-04,free,US,22,1,13.6,4,11,40,0
usr_9427e1af8b94,2026-02-05,free,ES,33,8,5.6,2,9,58,0
usr_92af8b0f73c7,2026-02-28,free,AU,23,7,5.9,4,15,38,0
usr_699924f242ab,2026-02-10,free,AU,4,0,11.5,1,24,0,1
usr_eaf6eb74101d,2026-04-01,pro,IT,36,6,20.1,3,7,66,0
usr_6666da539392,2026-04-26,free,IT,21,2,7.0,3,5,59,0
usr_34f3403b9204,2026-03-01,pro,UK,46,11,20.8,6,1,91,0
usr_2f29e0bc13ea,2026-02-08,pro,CA,35,8,15.5,4,1,79,0
usr_8e9795897c55,2026-02-05,pro,AU,39,12,32.0,5,2,85,0
usr_ddfada23ed55,2026-03-24,free,FR,13,1,3.1,0,21,34,1
usr_ddc9288760bd,2026-03-01,free,DE,12,2,1.0,2,29,32,0
usr_a821bb71c3c0,2026-02-25,free,FR,24,7,2.3,0,14,38,0
usr_543175e5a257,2026-02-11,pro,CA,38,9,22.0,6,8,68,0
usr_23453d9fce37,2026-02-24,free,BR,2,1,2.1,2,29,19,1
usr_167655c41433,2026-01-31,free,FR,29,4,4.8,4,10,50,1
usr_003378154a95,2026-03-26,free,IT,29,9,8.1,1,4,53,0
usr_5ea1dd3a1657,2026-04-19,enterprise,AU,36,7,23.1,8,2,90,1
usr_e7989176181e,2026-04-21,pro,BR,35,7,31.6,5,1,79,0
usr_c60022ad2313,2026-02-16,free,US,8,2,1.8,1,11,22,1
usr_4fdc3df587ca,2026-02-04,free,ES,25,6,7.6,2,30,38,1
usr_8a7200cd684b,2026-03-28,free,ES,0,0,4.8,3,28,0,0
usr_f207884d11d3,2026-03-21,free,DE,4,1,17.5,5,16,0,1
usr_e1b93473060c,2026-03-10,pro,IT,35,11,15.4,4,8,69,0
usr_89786fe77173,2026-04-26,pro,ES,28,7,12.5,6,8,65,0
usr_e41d00bee282,2026-04-03,free,CA,31,14,3.4,0,3,44,1
usr_f968a2777458,2026-04-16,free,CA,16,0,5.0,2,28,38,1
usr_755eef849325,2026-02-22,free,ES,16,4,4.7,1,5,44,1
usr_7dc0e0f72653,2026-03-24,free,FR,10,5,9.6,0,15,37,1
usr_a67f6e962064,2026-03-04,free,BR,13,3,9.6,6,16,36,1
usr_ebdd19bf2aae,2026-03-06,free,FR,4,2,2.9,4,24,14,1
usr_4889fef70d2a,2026-04-12,free,FR,23,8,10.5,3,4,52,0
usr_a51b6bd6498c,2026-04-19,free,DE,31,4,2.6,1,10,67,0
usr_69135e67c4da,2026-03-25,free,ES,21,4,15.0,1,16,27,0
usr_7a75e8776ef5,2026-01-27,free,ES,15,0,13.8,2,30,10,0
usr_7c1f1b27dc8d,2026-02-23,free,CA,16,4,16.3,0,25,22,1
usr_3c355ec84c27,2026-04-22,pro,FR,22,8,23.0,7,8,53,0
usr_9417caed7346,2026-02-13,free,DE,28,4,2.0,5,9,51,1
usr_fc7b42dacaf1,2026-02-13,enterprise,US,28,4,25.7,6,2,78,0
usr_31d533a82769,2026-03-10,pro,AU,53,14,22.8,6,3,94,0
usr_4839f601073b,2026-04-22,free,AU,6,0,12.6,3,25,30,0
usr_c354f3c8e8ba,2026-04-13,free,DE,13,0,10.4,1,9,44,1
usr_535c1056ceab,2026-04-26,free,IN,13,3,11.7,0,29,30,1
usr_bf4f287604d1,2026-02-06,free,DE,24,10,14.9,2,3,59,0
usr_8c5f68aafa2b,2026-04-19,free,UK,14,1,8.4,3,10,42,1
usr_10ae6a717c8a,2026-03-14,free,AU,3,0,3.0,3,25,18,0
usr_0eb60f204274,2026-04-14,pro,ES,29,8,17.9,5,5,57,0
usr_927fb2a2483d,2026-04-09,free,US,12,3,3.2,3,10,28,1
usr_9b80a0fff3f7,2026-02-19,free,UK,27,5,7.7,1,2,66,0
usr_07f97e59d0c0,2026-02-28,free,CA,15,6,11.8,6,6,47,0
usr_bc6d8f1599ca,2026-03-05,free,CA,24,7,8.6,1,21,40,1
usr_52aa6aadad28,2026-04-04,free,ES,3,3,7.2,0,11,17,1
usr_5d522dc4342f,2026-04-11,free,ES,18,0,5.9,4,28,35,0
usr_652942c15b8e,2026-02-05,free,IT,14,1,14.6,2,18,38,0
usr_3ac6e60547fb,2026-03-25,free,CA,20,5,2.5,3,12,35,0
usr_6fb1a235bde9,2026-03-23,free,CA,15,7,1.0,3,26,17,0
usr_3f4b5ea1bc2d,2026-03-14,free,AU,33,9,17.8,1,6,61,0
usr_a4260ea6d832,2026-02-01,enterprise,IN,44,11,28.3,10,1,85,0
usr_09baf3dba953,2026-03-16,pro,AU,25,6,5.0,8,10,59,0
usr_1e238789e5f3,2026-03-08,free,IN,16,3,1.0,4,12,21,1
usr_c62f41258f88,2026-02-06,pro,AU,32,7,25.6,5,4,59,0
usr_c651816086ae,2026-03-21,free,UK,16,2,8.1,2,26,29,1
usr_bde8587692b2,2026-03-06,free,UK,28,7,7.2,3,7,59,1
usr_b82588012c3d,2026-02-23,free,IN,15,3,1.0,6,17,32,0
usr_2c9d6bf231ae,2026-03-09,free,ES,35,6,16.0,0,4,58,0
usr_d46e06591ec2,2026-03-29,enterprise,FR,32,10,38.3,10,1,83,0
usr_9b1c9154c345,2026-03-09,free,ES,12,4,4.4,2,11,30,1
usr_418c8ae1d872,2026-04-08,free,IT,33,6,11.3,0,9,64,0
usr_423094903a17,2026-04-07,pro,FR,38,11,14.8,6,7,72,0
usr_282d88018712,2026-03-02,free,IT,6,2,14.5,2,20,27,1
usr_abb0a2dba996,2026-04-26,pro,AU,43,10,16.8,8,3,79,0
usr_1f71debc02d7,2026-02-27,free,IT,14,2,7.6,4,18,38,0
usr_cf9deecd1673,2026-04-18,free,ES,50,16,5.6,5,3,92,0
usr_78aa3058120f,2026-04-10,free,DE,0,0,6.2,6,10,0,1
usr_bea45e989cdc,2026-03-31,pro,DE,38,11,9.6,4,5,69,0
usr_218dde9f8c9b,2026-03-16,free,AU,11,5,1.6,3,10,12,1
usr_0accc53e55b3,2026-04-11,free,US,16,4,10.5,4,27,40,1
usr_681dd6654d3f,2026-03-24,free,AU,12,2,10.4,4,10,21,1
usr_c1c1ad29a93f,2026-02-12,free,US,3,0,4.1,2,18,14,0
usr_df374f859050,2026-03-26,free,DE,3,0,9.0,3,18,3,1
usr_10cabc6f260c,2026-01-28,free,BR,36,13,4.9,2,4,61,0
usr_1aeb1bf321cb,2026-02-24,free,ES,15,5,6.4,1,22,22,0
usr_ad3983653cdd,2026-02-18,pro,CA,36,10,15.4,3,0,82,0
usr_ba5688432fca,2026-04-13,pro,DE,37,9,9.1,7,10,71,0
usr_c19ae1f86bdf,2026-03-14,pro,AU,16,1,14.0,8,28,37,0
usr_031416d7d525,2026-04-09,free,IT,25,7,7.1,1,21,40,1
usr_8eb4821e9196,2026-03-21,pro,BR,32,10,25.4,4,9,62,0
usr_6ed24fff0411,2026-04-06,free,AU,26,7,10.1,5,4,56,0
usr_6cce9588ed8a,2026-02-19,free,IN,32,5,7.8,2,3,67,1
usr_6a8c233c5cd5,2026-02-28,free,AU,31,6,3.3,4,6,49,0
usr_993510940c9f,2026-04-13,pro,ES,21,7,16.9,7,7,62,1
usr_9ed8b073e508,2026-04-24,free,US,22,5,6.9,6,2,51,1
usr_577e7dc10957,2026-03-31,pro,UK,27,4,5.6,5,10,59,0
usr_2e25467b3500,2026-03-12,free,BR,33,7,2.0,3,5,73,0
usr_b585a9dd9bd7,2026-04-14,pro,IT,40,9,25.1,4,7,74,0
usr_fc9216f714f4,2026-03-13,free,IN,19,6,1.0,5,8,41,0
usr_1284d9f3ab44,2026-03-16,free,CA,6,0,11.7,5,25,3,0
usr_3738dbb58da4,2026-03-12,free,US,15,1,6.2,1,13,27,0
usr_120578c4b9a1,2026-04-06,enterprise,AU,40,9,14.3,8,1,80,0
usr_384283df465e,2026-03-15,free,FR,0,0,18.7,4,29,13,0
usr_d813131e403b,2026-04-07,free,BR,26,8,8.1,3,10,51,0
usr_da4f6a045387,2026-03-13,free,AU,17,6,3.1,3,14,36,1
usr_e0daa292f115,2026-04-18,free,AU,25,9,7.8,3,8,42,1
usr_a1184b16355b,2026-04-03,pro,ES,28,6,5.0,6,3,60,0
usr_d171d1ec3d7b,2026-02-19,free,US,3,3,9.9,5,13,14,1
usr_53c1d9c1008d,2026-02-03,free,ES,23,5,9.9,1,9,55,0
usr_59ae7c765fa5,2026-02-19,free,US,20,3,9.0,4,6,46,0
usr_f94f55557e12,2026-01-27,free,IT,10,0,8.4,3,16,15,0
usr_3851122a9f86,2026-02-17,free,BR,18,5,9.7,5,2,43,0
usr_ea8875dafa4c,2026-04-17,free,AU,14,5,10.0,4,22,33,1
usr_ef821076fedc,2026-03-14,pro,FR,26,2,12.2,8,2,48,0
usr_4e1cc5610dce,2026-03-31,free,BR,2,2,14.8,2,14,0,0
usr_281bc35e8dd0,2026-04-04,free,IT,18,5,1.0,2,9,50,0
usr_1a97c72afc77,2026-04-12,free,IT,11,2,7.8,2,21,31,1
usr_a38a9228929b,2026-02-15,pro,IN,42,8,5.0,4,3,74,1
usr_e097dbf3c899,2026-02-26,pro,BR,20,3,32.3,3,14,29,0
usr_b736026dbe7b,2026-02-12,free,AU,17,3,6.9,0,2,42,0
usr_874af384c6c0,2026-02-04,pro,DE,27,8,25.9,4,7,65,0
usr_dc0a5f9cd79f,2026-04-24,free,UK,21,8,7.9,3,5,55,1
usr_9c47a5e6a6dd,2026-02-15,free,IN,17,4,7.3,6,10,35,0
usr_ca367f04ab0f,2026-02-03,free,UK,17,3,9.7,2,4,47,0
usr_4e9bb4cf015e,2026-03-14,free,DE,22,5,8.9,0,3,42,0
usr_fcb580b3c02a,2026-01-31,free,CA,20,4,3.4,2,24,38,1
usr_42f3e97d1cd3,2026-02-16,free,US,0,0,2.8,2,28,0,1
usr_9698d6ac5bc3,2026-04-18,free,BR,23,7,1.1,3,7,52,0
usr_afd3e9c16d3a,2026-02-12,free,IN,21,6,12.3,4,4,51,0
usr_e4e48b854032,2026-04-25,free,BR,14,3,13.7,4,13,36,0
usr_f6c2acebfb44,2026-03-22,free,US,15,4,8.0,0,23,27,1
usr_e19ef654d59e,2026-03-26,free,FR,24,4,7.3,1,7,60,0
usr_31f2f98e5b37,2026-03-25,free,DE,14,6,10.8,2,24,31,1
usr_334e92bbcb53,2026-02-24,pro,FR,37,7,19.3,8,3,91,0
usr_7b7f2d2e9aef,2026-03-18,free,ES,27,7,9.1,2,2,48,0
usr_08ecb598aff4,2026-04-15,free,DE,9,1,3.8,2,22,12,1
usr_4f9d99cef449,2026-02-02,free,DE,26,8,2.0,1,5,41,0
usr_cc0263f3834c,2026-02-28,free,AU,9,2,1.0,2,13,23,1
usr_64e04a45839b,2026-03-04,enterprise,IN,38,10,23.4,6,1,82,0
usr_87b1d263b303,2026-03-16,free,US,26,9,1.5,4,4,72,0
usr_c4e0c6320a59,2026-03-14,free,IT,30,5,10.2,1,11,32,0
usr_25cd4895c643,2026-04-03,free,IT,1,1,1.0,1,10,12,1
usr_184b21f4359c,2026-02-08,pro,IN,46,11,18.6,6,3,100,0
usr_f19a84075c7d,2026-04-06,free,AU,20,4,7.1,2,6,45,0
usr_55b6ca651d87,2026-02-25,free,CA,25,7,9.3,3,2,51,0
usr_9903cdbc49ab,2026-04-03,pro,IT,33,11,5.0,8,8,56,0
usr_52687d600347,2026-03-08,pro,ES,41,10,18.0,3,2,69,0
usr_26e440bc6f4f,2026-04-20,free,IT,10,1,5.4,2,19,19,1
usr_6990356fe65f,2026-03-30,free,FR,18,2,4.7,2,27,28,1
usr_3196500bb5f4,2026-01-27,free,ES,15,3,1.0,0,19,7,1
usr_2fd8912d9d29,2026-03-19,free,US,4,4,8.5,1,12,0,0
usr_b46d97060e11,2026-02-20,free,IN,16,7,9.6,4,13,30,0
usr_2d603c2a6579,2026-03-06,pro,IN,32,6,17.8,3,2,61,0
usr_a40bedcd3893,2026-04-23,free,IN,20,6,1.0,1,21,38,1
usr_ad462c100b03,2026-02-15,pro,BR,44,11,23.1,8,1,94,0
usr_9fea8f2193fd,2026-02-24,pro,FR,27,4,9.2,3,10,52,0
usr_2389f57e9aee,2026-04-08,pro,AU,34,6,17.7,3,5,73,1
usr_04aebeb02f69,2026-02-27,free,US,17,4,7.5,4,7,43,0
usr_c146e7156a13,2026-04-23,free,BR,5,5,1.0,0,11,11,1
usr_231bba6db942,2026-04-07,free,IT,18,1,1.0,2,9,43,0
usr_4118642cab3f,2026-03-10,free,AU,22,4,6.7,5,2,50,0
usr_c04dde240753,2026-03-18,pro,IT,30,2,8.7,4,10,74,0
usr_f56e62ca490d,2026-02-20,pro,FR,19,1,23.4,6,7,45,0
usr_7badbe4af0a2,2026-04-10,free,IN,20,4,7.7,5,30,34,1
usr_e4aaa80d78c9,2026-02-24,free,US,6,0,14.2,4,29,26,0
usr_a69049bdef80,2026-04-03,free,UK,21,3,3.8,1,19,34,0
usr_3063c0dce2b3,2026-02-19,pro,CA,34,6,5.0,10,3,60,0
usr_e441a7f7b3ee,2026-03-17,pro,AU,30,7,20.3,7,6,61,0
usr_f3bce7dc627e,2026-03-17,free,AU,28,5,12.9,3,24,37,0
usr_674e77da2cfa,2026-02-26,free,IT,32,7,3.4,0,8,75,0
usr_b96cb54113c9,2026-02-01,free,IN,14,6,12.1,4,14,30,1
usr_f0daabbf6391,2026-03-23,enterprise,UK,49,11,22.5,6,2,100,0
usr_47ee915bab26,2026-03-24,pro,ES,39,9,14.5,6,1,78,0
usr_a548926e96c0,2026-02-04,free,CA,8,2,15.3,0,25,17,1
usr_74a22490b98c,2026-04-02,free,FR,10,7,14.6,1,29,22,1
usr_bb4ba3b1ba2c,2026-03-17,pro,UK,34,5,7.7,4,3,61,0
usr_d05108ce2e66,2026-02-11,free,UK,35,10,8.9,2,5,47,1
usr_72a98fd43638,2026-04-01,free,UK,21,6,5.3,0,9,44,0
usr_5d63126148ca,2026-01-30,free,DE,0,0,10.4,2,21,0,0
usr_34c4af7d4ce2,2026-03-23,free,ES,21,7,6.1,3,30,34,0
usr_128dcb5fd3ff,2026-03-11,free,ES,26,7,6.2,2,8,61,0
usr_d33059a464a4,2026-04-06,free,DE,38,10,1.0,2,1,80,0
usr_95a33f7b2320,2026-04-14,pro,DE,24,8,5.8,5,7,54,0
usr_a9aa21301845,2026-02-09,free,AU,7,0,4.5,3,28,24,1
usr_e80ecc863709,2026-03-22,free,IT,19,3,12.8,5,4,44,0
usr_1856b6b34499,2026-02-11,free,CA,17,2,7.7,3,7,48,0
usr_6606619deff0,2026-03-11,enterprise,IT,35,7,24.8,8,7,71,0
usr_f0323f617c59,2026-03-03,pro,CA,32,7,17.1,8,4,61,0
usr_f91d7a15c6e0,2026-02-13,free,UK,14,5,15.2,2,10,25,1
usr_9644ab1b26fd,2026-03-20,free,US,20,5,13.1,1,18,30,1
usr_1157f3196faa,2026-03-11,pro,AU,25,8,7.7,3,10,47,0
usr_ee1e1f9db8b8,2026-04-12,free,FR,15,4,8.3,2,20,25,1
usr_2ada5bcca452,2026-04-16,pro,IT,22,5,19.6,8,4,54,0
usr_2b78e0781cb1,2026-02-06,pro,UK,25,5,14.4,4,7,70,0
usr_a543c7e4f444,2026-04-16,pro,IT,38,6,5.0,8,4,75,1
usr_a6a040fbb225,2026-04-25,free,ES,1,0,9.7,4,21,2,1
usr_4c81830b513a,2026-02-03,free,US,12,2,12.0,5,30,34,1
usr_7bf9977f5968,2026-03-07,pro,US,24,5,21.4,9,7,41,1
usr_f955181e4f51,2026-04-25,pro,DE,31,10,16.9,6,4,69,0
usr_f76337044262,2026-01-31,free,UK,14,5,24.9,3,15,25,1
usr_bf259d79949b,2026-03-07,enterprise,US,38,12,44.7,6,1,91,0
usr_ef26b356937e,2026-03-14,free,DE,0,0,6.7,2,24,0,1
usr_1960f8c569a6,2026-03-01,pro,IT,44,8,8.9,6,1,76,1
usr_816d0f1ace46,2026-01-30,free,UK,10,3,1.0,1,19,20,1
usr_6c105fbfc50d,2026-04-21,free,CA,21,8,8.2,3,6,47,0
usr_e41decf1d132,2026-04-24,free,AU,8,2,9.7,6,13,23,0
usr_9161dc5db418,2026-02-08,free,AU,7,6,13.9,1,22,15,0
usr_fae53d5542cd,2026-04-15,pro,AU,11,3,5.6,8,16,34,0
usr_fec71f351198,2026-02-27,free,CA,31,6,15.7,6,5,51,0
usr_c122f1daca2c,2026-02-09,free,IT,3,2,14.2,5,19,9,1
usr_87bb3fc860b9,2026-04-19,free,US,7,6,14.3,2,28,15,1
usr_ffba5293ed69,2026-02-28,pro,AU,39,11,11.6,9,1,83,0
usr_a8e7ee0b66c8,2026-04-19,free,UK,7,1,4.0,1,29,20,0
usr_9ed15e530692,2026-03-19,free,IT,0,0,9.3,2,26,15,1
usr_097cd315d70d,2026-02-01,free,UK,25,3,11.3,3,9,51,1
usr_132d6df00202,2026-04-18,free,BR,13,8,9.3,6,16,28,1
usr_119d77c9f14e,2026-02-25,free,FR,10,1,10.3,3,17,14,0
usr_ceac5a2de11a,2026-03-07,free,IN,24,5,11.1,2,10,49,0
usr_237597ee18c2,2026-04-18,pro,DE,28,6,5.2,3,9,50,1
usr_a0324f657673,2026-03-21,free,BR,20,4,8.0,3,13,32,0
usr_7e338b6df311,2026-01-31,free,IN,17,2,22.2,3,16,38,0
usr_ed60bbc74fd5,2026-02-17,free,UK,13,4,10.0,0,21,32,0
usr_03521e4289bf,2026-02-11,free,DE,29,7,2.1,2,10,42,0
usr_971c6bd6a41c,2026-03-04,enterprise,US,35,8,36.8,6,2,84,0
usr_5420254a1e79,2026-02-28,free,BR,27,7,4.5,3,16,37,0
usr_e79c05c1592e,2026-04-17,free,BR,17,5,1.0,3,11,33,1
usr_ed687d44eb20,2026-02-01,pro,FR,23,5,18.0,7,4,50,0
usr_790264308099,2026-04-12,free,FR,19,1,13.8,3,19,37,0
usr_1a0b0f430ab4,2026-03-14,free,UK,0,0,8.5,6,23,15,0
usr_e6c8ff71b465,2026-02-21,pro,CA,36,7,5.6,6,0,89,0
usr_9858a51c0f4b,2026-03-29,free,US,13,0,3.0,3,10,13,1
usr_306025ac9b5a,2026-04-16,free,CA,0,0,4.5,2,17,19,1
usr_10f48c151adb,2026-02-24,pro,AU,15,3,19.7,4,2,46,0
usr_7e2516e18dff,2026-03-21,free,UK,4,0,3.9,5,14,4,0
usr_20dcc555d0ca,2026-02-08,free,AU,28,6,4.4,1,7,60,0
usr_742cd8be4cdf,2026-02-10,free,IT,20,5,7.6,2,24,31,0
usr_61fd36418cc2,2026-03-14,enterprise,DE,41,9,29.2,6,0,77,0
usr_04ff3917ff1d,2026-02-13,free,IT,5,0,7.5,2,30,14,1
usr_7bc524a1dd68,2026-04-13,free,US,20,4,15.6,1,11,33,0
usr_b15dc01fd4a9,2026-04-16,pro,US,20,4,22.4,3,9,67,0
usr_861bd8f3baa5,2026-04-16,free,IN,26,8,11.0,4,2,46,0
usr_741d62c8084e,2026-02-08,free,UK,14,1,3.3,4,24,34,1
usr_3e26b26f304e,2026-04-06,free,CA,17,2,9.7,1,7,45,0
usr_ad0a823968ef,2026-02-28,free,UK,19,4,12.7,5,25,34,0
usr_8dd3cfb706ec,2026-02-21,pro,FR,43,10,21.7,8,3,96,0
usr_ba721b154797,2026-03-09,free,IT,12,5,13.2,1,28,31,0
usr_9de89b50d5d3,2026-01-31,pro,IN,29,3,15.2,3,2,59,0
usr_5c6fd735bc41,2026-01-27,free,ES,24,3,6.3,0,6,45,0
usr_db718cb6907d,2026-03-14,enterprise,FR,35,10,30.4,7,1,85,0
usr_4fd0046934b3,2026-03-20,free,DE,4,2,12.1,3,27,21,0
usr_e970426ae230,2026-03-12,free,IT,4,2,7.4,0,16,9,1
usr_fb1f74f1ae74,2026-02-20,pro,DE,43,12,25.5,3,2,85,0
usr_fd22f5b339bf,2026-02-15,free,ES,18,2,10.6,5,25,22,1
usr_babdc44f912c,2026-03-28,free,US,3,0,5.7,1,24,17,0
usr_cb1be5e43e4a,2026-02-12,pro,IN,44,9,16.6,4,9,67,0
usr_14f94734b29f,2026-04-09,free,IT,17,1,10.3,5,17,39,1
usr_fa8c231ce7ad,2026-02-01,pro,CA,26,2,31.9,4,6,55,0
usr_04eb4ed60534,2026-04-19,free,UK,12,5,2.6,4,17,39,0
usr_a1c9975d62b6,2026-02-19,free,IT,2,2,18.0,2,17,8,1
usr_8141ff6e9b33,2026-02-13,free,IT,10,2,4.9,0,15,5,1
usr_42e7bf24b212,2026-02-09,free,US,20,6,8.0,1,5,41,0
usr_3a5bb7ee0d04,2026-02-09,pro,UK,25,5,5.0,3,2,72,0
usr_9806a5e33ee3,2026-03-30,free,BR,44,11,12.8,5,0,84,0
usr_fdafc700dc4c,2026-04-11,free,AU,32,7,5.4,6,8,51,0
usr_73986e61d93e,2026-03-15,pro,US,45,11,23.6,5,1,84,1
usr_9eb6365147af,2026-02-25,free,FR,15,5,1.0,3,20,33,0
usr_8f815374c0a4,2026-04-18,free,IT,12,4,1.5,2,7,42,1
usr_6ee2b69cea3d,2026-04-11,free,FR,17,1,8.6,3,19,26,0
usr_4f4a8c42912a,2026-03-03,pro,US,47,15,15.7,4,10,75,0
usr_438a158bbbda,2026-02-17,free,UK,14,4,7.1,2,25,39,0
usr_2663699bc9e0,2026-04-12,free,ES,17,4,7.8,6,9,42,1
usr_519b20c89ab0,2026-02-13,free,AU,16,4,1.6,4,6,48,0
usr_eae7f73ac764,2026-04-21,pro,FR,28,5,22.5,7,1,79,0
usr_8be26433bb1d,2026-02-04,free,ES,39,7,7.5,3,5,68,0
usr_e25dcaa0522c,2026-02-10,free,US,16,4,12.9,3,6,41,0
usr_09c32072d036,2026-03-31,free,AU,0,0,4.9,3,16,0,1
usr_a805d506c90d,2026-04-14,free,UK,15,6,12.6,2,19,36,0
usr_a54e2b66b108,2026-03-03,pro,DE,27,5,14.2,4,4,58,0
usr_f60004c35661,2026-03-11,free,BR,16,3,1.0,5,29,15,0
usr_c3f4d83dec50,2026-03-02,pro,IN,29,5,8.8,5,3,47,1
usr_2ceae1b980ec,2026-03-08,free,IN,29,10,10.2,0,28,30,0
usr_434dd23fc497,2026-02-17,free,ES,2,0,10.2,2,25,0,0
usr_b5412cdbd879,2026-02-11,pro,BR,24,6,17.0,4,5,54,0
usr_2f75eef9a977,2026-02-09,pro,AU,29,7,19.1,7,2,43,0
usr_1302410a83d2,2026-03-01,free,IN,13,5,10.2,0,10,38,1
usr_190927c353a5,2026-02-08,free,BR,6,2,7.8,1,27,21,1
usr_fdf5b7aaffe0,2026-03-03,free,US,3,0,17.7,6,13,15,1
usr_4ce8cedd9ab3,2026-03-24,free,DE,16,3,10.8,0,30,30,0
usr_e725c15ac1a3,2026-02-04,free,AU,24,11,13.0,2,9,44,0
usr_30bd24995174,2026-02-07,free,IN,9,2,7.6,2,14,31,0
usr_7e52110dd3b3,2026-02-22,free,ES,8,0,13.3,4,26,13,0
usr_ad9fc84fb60a,2026-02-26,pro,US,33,11,14.3,5,3,50,0
usr_2414dcf380c8,2026-02-07,free,CA,31,9,7.0,5,3,59,1
usr_fcb2d0b4c353,2026-04-18,enterprise,BR,40,11,37.7,10,0,81,0
usr_90e4578812f1,2026-03-04,pro,IT,42,9,26.4,6,3,77,0
usr_0aee7a58e06d,2026-03-30,free,FR,19,4,1.0,5,7,49,1
usr_fbdbd5f25ac2,2026-04-18,pro,US,27,8,12.2,6,10,45,0
usr_4a2cfc68c4b9,2026-03-09,free,ES,0,0,9.4,4,22,10,1
usr_039e22f73707,2026-04-25,free,AU,3,0,3.8,3,15,10,1
usr_752207f00921,2026-03-07,pro,BR,34,9,15.7,7,8,67,0
usr_c8866cea78b9,2026-04-04,pro,UK,22,3,21.8,6,6,51,0
usr_c225a3354278,2026-04-13,pro,UK,40,12,18.3,8,2,80,0
usr_9d48695a2be6,2026-03-09,enterprise,IN,30,6,26.3,6,3,73,0
usr_6302fa5e99a8,2026-03-20,free,AU,0,0,6.6,4,19,3,1
usr_8a4eb3ae2a24,2026-03-23,pro,CA,24,7,12.7,6,5,61,1
usr_cee11db94f82,2026-02-27,free,ES,0,0,14.5,5,24,9,1
usr_40a2397b9068,2026-03-06,free,US,0,0,10.8,2,24,6,0
usr_03216dfcfb26,2026-02-20,free,IN,15,3,5.9,5,8,42,0
usr_0bf73fec992f,2026-04-05,free,AU,29,6,1.5,0,3,58,0
usr_4b2490c403df,2026-03-21,free,IT,27,4,6.1,1,2,44,0
usr_44bc807d9ef4,2026-03-09,pro,ES,17,5,27.3,4,2,53,0
usr_dc3de3e38ca0,2026-01-29,pro,BR,31,9,12.7,6,9,47,1
usr_4167cbf266ff,2026-02-20,free,UK,40,8,20.3,1,3,80,0
usr_bd57c9b2ab89,2026-03-26,free,IN,11,0,7.1,2,23,30,0
usr_bcc1a30777cd,2026-01-30,free,BR,11,4,4.0,1,11,27,1
usr_c72ed42ebf82,2026-02-24,pro,BR,31,8,5.0,5,6,59,0
usr_492053aec371,2026-02-26,free,FR,10,4,2.5,5,24,29,1
usr_7d2a82eb1433,2026-02-24,pro,US,34,7,5.0,3,9,68,0
usr_420c140b8fdc,2026-03-24,pro,IT,48,16,15.4,8,2,88,0
usr_9e631a915314,2026-02-14,free,IT,11,3,7.4,3,27,15,1
usr_2f7ad3aa5c22,2026-02-04,free,IN,28,4,8.6,3,5,49,0
usr_3400d7a4748e,2026-03-01,free,BR,6,0,6.8,2,24,11,0
usr_f663c1ab16e2,2026-02-12,free,BR,32,7,11.1,1,6,62,0
usr_236beeebe0fd,2026-03-23,free,DE,11,2,7.7,2,19,24,0
usr_8ff0481a13db,2026-04-25,pro,UK,27,8,15.3,7,9,54,0
usr_722f23aedd35,2026-03-17,pro,FR,45,11,7.6,5,6,68,0
usr_ffcb1bcc472b,2026-03-28,free,AU,9,1,8.7,6,14,17,1
usr_fe5a8150dd98,2026-02-19,free,IN,20,3,2.4,2,8,41,1
usr_4a3997aa9c9d,2026-04-17,enterprise,AU,53,15,25.6,6,2,98,1
usr_f532110ea281,2026-02-03,pro,US,37,10,20.0,6,7,66,0
usr_669114b5e665,2026-04-24,free,IN,15,4,5.5,4,13,21,1
usr_2a59fa382dd7,2026-02-27,free,IT,25,6,7.0,4,6,42,0
usr_c8a16597f2a1,2026-01-29,free,AU,35,11,6.9,3,7,49,0
usr_df5eaf5fd801,2026-03-25,enterprise,FR,46,15,16.0,7,3,88,0
usr_a372528b23d8,2026-03-20,free,CA,5,0,7.9,3,14,18,1
usr_08291b8503a1,2026-02-11,free,UK,24,4,1.0,0,6,52,1
usr_fae235a1e4dc,2026-04-24,free,FR,13,6,10.7,5,21,25,1
usr_1a08465a7206,2026-03-22,enterprise,IT,46,16,25.4,8,0,78,0
usr_5274beea2879,2026-04-05,pro,DE,30,8,9.3,7,9,75,0
usr_238b1d9bc5ad,2026-04-06,free,AU,0,0,1.0,1,26,10,1
usr_c2f8c0a167a1,2026-02-06,free,ES,36,8,9.4,2,8,62,0
usr_7be94a4b72a9,2026-04-18,free,ES,13,4,3.1,4,12,26,1
usr_6b3a1a6268d2,2026-03-04,free,US,12,0,1.0,3,8,45,0
usr_b069e6c7d2ab,2026-03-24,pro,FR,28,8,15.8,3,6,63,0
usr_3b60c74dab4c,2026-02-07,pro,US,33,11,6.0,5,5,62,0
usr_4364cbc2a84c,2026-02-08,pro,IN,38,8,7.3,8,5,62,0
usr_b99d19890c08,2026-02-26,free,DE,21,4,10.7,6,29,37,0
usr_fee39a2595f1,2026-01-29,free,CA,0,0,12.9,4,16,12,1
usr_e8b6dcbb950d,2026-02-01,pro,US,33,10,26.5,10,5,60,0
usr_18a2abb29ac8,2026-02-06,pro,IN,35,11,19.7,6,3,71,0
usr_2b8933f835b0,2026-04-11,free,BR,23,5,2.8,0,2,45,1
usr_cb2edaf44bd2,2026-04-03,free,ES,22,4,8.2,2,5,44,0
usr_93f1847a64e2,2026-03-06,free,CA,27,8,21.4,4,23,33,0
usr_ec6f7db4fe8f,2026-04-11,free,IN,40,10,11.7,2,9,71,1
usr_b192acf78548,2026-03-19,free,UK,0,0,11.4,1,24,8,0
usr_15f4aa68f293,2026-02-06,pro,FR,32,7,11.6,6,10,71,0
usr_4267951dbe7d,2026-02-25,free,DE,4,3,5.0,1,10,0,0
usr_8bcc52885d06,2026-03-28,free,AU,29,8,17.8,1,7,57,0
usr_6739705882f2,2026-03-05,free,ES,10,1,10.1,1,13,25,1
usr_225236c93981,2026-02-13,pro,IN,41,13,13.6,6,3,67,0
usr_7ebcb9725136,2026-03-21,free,CA,22,5,15.0,5,5,48,0
usr_58a74f90879c,2026-01-31,free,CA,21,6,13.9,0,3,44,1
usr_8a6c519a0dc8,2026-02-18,free,ES,17,4,5.7,4,12,18,0
usr_02df979f837f,2026-04-04,free,IN,28,7,10.7,2,3,64,0
usr_cd906407a0e3,2026-03-25,free,BR,20,2,2.0,5,17,39,0
usr_dd84a8f05281,2026-02-18,free,IN,3,0,1.0,3,17,25,1
usr_37eba49794d6,2026-03-08,pro,FR,17,4,8.2,3,8,43,0
usr_7841d7baa90e,2026-04-05,free,FR,31,7,11.8,1,5,49,0
usr_b130512af693,2026-04-24,free,FR,10,2,1.0,1,26,22,1
usr_472e7ac84c61,2026-04-24,free,ES,21,6,1.2,1,30,39,0
usr_bdb1a5a6ce3b,2026-03-13,free,US,29,4,12.8,6,5,56,1
usr_b0513e529ea6,2026-02-22,pro,AU,35,5,13.2,3,7,57,0
usr_dbdfcf36032c,2026-02-27,pro,ES,28,5,7.8,6,4,46,0
usr_b78139a691de,2026-02-12,pro,DE,38,10,22.0,3,3,84,1
usr_456435fa5fdd,2026-03-18,pro,ES,27,6,11.0,6,6,53,0
usr_33241d2f8f75,2026-02-26,free,US,15,1,9.4,3,29,37,0
usr_45104a277e3b,2026-02-16,free,IN,23,6,8.6,1,15,34,0
usr_b59feda9f204,2026-02-13,pro,US,25,4,16.7,7,7,48,1
usr_49442495dff3,2026-02-03,enterprise,BR,38,11,46.9,7,9,72,0
usr_8a4992c2d2c1,2026-03-22,pro,CA,31,6,27.9,10,10,58,0
usr_cc393dedc45a,2026-03-24,free,IT,14,4,12.1,0,20,23,1
usr_f95cafbbdaaa,2026-03-02,free,AU,10,3,5.1,3,23,15,1
usr_0efaa9b33415,2026-02-22,free,US,13,1,13.4,3,21,16,1
usr_9e2395b2af5b,2026-02-07,pro,IT,38,12,5.0,7,3,76,1
usr_feb81fc65912,2026-04-16,free,AU,4,0,10.0,2,11,9,1
usr_fab5069c10f2,2026-04-22,pro,AU,30,10,11.0,4,6,70,0
usr_7e535f3a4bab,2026-04-09,free,IN,4,0,9.0,3,24,6,0
usr_d44de7b19772,2026-03-23,free,ES,24,9,6.6,1,23,33,1
usr_d743c260ce23,2026-03-22,enterprise,ES,39,6,31.9,9,10,73,0
usr_d1c872bde62f,2026-03-11,pro,AU,17,5,10.7,4,26,38,0
usr_9289f6767a32,2026-03-19,enterprise,BR,38,9,16.6,6,7,72,0
usr_dc310c6df93d,2026-04-07,pro,IT,51,13,14.6,9,2,100,0
usr_9e4b62f8510b,2026-03-11,free,BR,16,6,6.5,3,23,32,0
usr_211e384991d6,2026-04-19,pro,ES,42,8,15.7,9,4,69,0
usr_ac6826f7ee23,2026-04-21,pro,US,53,13,17.5,3,0,100,1
usr_86d3b15f88b1,2026-02-21,free,BR,47,12,9.0,0,2,84,0
usr_63eee27a311a,2026-03-19,free,FR,35,7,12.2,3,10,72,0
usr_1bb38cee9705,2026-03-13,free,DE,20,7,7.2,2,19,33,0
usr_905b741d46a6,2026-03-10,pro,AU,24,9,10.1,5,5,69,0
usr_ab9c80ba211e,2026-03-01,free,ES,10,3,9.6,5,29,23,0
usr_93fd2d3eb481,2026-02-25,free,DE,0,0,17.1,3,17,0,1
usr_a39e1eb626ef,2026-02-26,enterprise,CA,30,8,22.1,10,3,68,0
usr_8d08d3dcfab2,2026-04-26,pro,AU,46,14,18.2,10,2,86,0
usr_6f88e11eea6c,2026-02-05,pro,IT,9,4,10.4,5,24,27,1
usr_ea68fff79c11,2026-04-08,pro,FR,39,6,5.1,5,2,81,0
usr_07358b3ac1dc,2026-02-20,free,IT,32,8,16.7,2,6,57,0
usr_d61c881b6562,2026-04-04,pro,IT,41,7,5.0,3,6,74,0
usr_43448c53ee0d,2026-03-12,free,US,17,4,10.9,3,18,35,0
usr_0446bd29363f,2026-04-09,enterprise,AU,41,9,41.0,10,3,81,0
usr_ad3de20e7572,2026-02-20,free,UK,34,12,12.5,0,2,55,0
usr_f382e3496528,2026-02-17,enterprise,FR,42,13,31.8,6,3,93,0
usr_ad0fbb4ec7df,2026-02-02,free,BR,0,0,8.4,2,11,0,1
usr_f67eb740eee7,2026-02-09,pro,FR,40,11,21.5,7,0,78,0
usr_31bdef11e51d,2026-02-08,pro,CA,33,7,11.6,4,10,62,0
usr_9f6e7a039f31,2026-03-10,free,FR,0,0,5.7,2,10,20,0
usr_01d295d8a825,2026-04-23,free,AU,2,2,14.7,0,22,12,1
usr_1e40f32f4de3,2026-02-22,pro,CA,24,7,20.1,7,6,63,0
usr_4249bc11e1e4,2026-03-13,pro,IN,35,11,8.6,5,9,60,0
usr_a46d987e351f,2026-02-07,free,BR,6,0,9.9,0,16,11,0
usr_ad18e1620fe8,2026-02-27,free,IT,7,1,9.9,2,22,8,0
usr_fc28c4f73d3b,2026-03-12,pro,UK,21,3,10.3,5,6,43,0
usr_29d2f1daecb1,2026-04-11,enterprise,IT,42,6,49.5,8,3,86,0
usr_8bbc666ada2a,2026-04-14,free,AU,11,0,7.3,1,14,31,0
usr_917529765ee5,2026-02-16,pro,AU,11,0,22.9,3,16,40,0
usr_72c0bc6dc560,2026-04-18,free,ES,25,6,13.5,0,4,56,0
usr_63e0218e4d99,2026-02-07,free,IN,14,3,5.0,3,16,16,0
usr_0f85917d050d,2026-02-12,free,UK,2,2,14.4,3,29,8,1
usr_492cf0c14315,2026-03-30,free,UK,11,7,3.0,0,19,20,1
usr_2f9833b69a0f,2026-04-05,free,AU,17,4,19.3,2,28,27,1
usr_6dbd9d14455c,2026-03-03,free,DE,14,5,11.7,1,3,41,1
usr_d86df2afab32,2026-03-22,free,BR,7,0,4.9,5,19,1,1
usr_091094ebf992,2026-04-04,free,FR,12,2,12.6,1,7,43,0
usr_69baa0c65374,2026-03-30,pro,IN,28,5,24.1,4,3,64,0
usr_0e439a64d1a8,2026-04-23,enterprise,IN,39,7,14.3,6,1,78,0
usr_051060dcabd3,2026-04-03,free,FR,4,2,10.9,3,12,27,1
usr_e6700b98a810,2026-01-27,free,BR,21,3,9.5,3,4,48,1
usr_01f3bc6ccca0,2026-02-02,free,AU,27,9,19.4,0,7,53,0
usr_bec7ad8f4108,2026-02-22,pro,CA,20,4,29.7,3,4,47,0
usr_f8f05c204094,2026-02-23,free,IN,33,10,9.5,4,7,63,0
usr_908a99486348,2026-02-22,free,CA,24,4,16.1,0,9,52,0
usr_8f432eff12ce,2026-02-19,free,ES,20,3,18.1,1,24,23,1
usr_5af027ceb4b5,2026-02-05,free,UK,15,6,1.3,4,10,35,0
usr_c2cf5dedef08,2026-03-22,free,ES,27,6,9.3,4,5,46,0
usr_a59feb407a7a,2026-04-08,pro,US,27,8,18.7,7,2,58,1
usr_73884bc0e992,2026-03-06,free,IN,23,8,12.4,1,10,35,1
usr_68b5d12e0648,2026-02-19,free,DE,19,5,16.2,0,10,47,0
usr_91a495d86575,2026-02-18,free,DE,26,6,2.6,0,9,55,0
usr_f9787adc1b7d,2026-02-23,free,FR,13,4,14.2,2,22,30,0
usr_5fa9efabe003,2026-04-13,free,DE,8,0,1.8,0,24,17,0
usr_b38b5b8b268d,2026-04-13,pro,UK,37,6,9.9,5,7,63,0
usr_b33bccc055ec,2026-04-21,free,AU,6,3,13.9,0,25,40,1
usr_aa98373205e1,2026-03-29,enterprise,US,32,9,49.6,9,4,69,0
usr_5f7fa7fdd006,2026-03-31,free,UK,17,3,7.2,1,15,25,1
usr_de9807e48e7c,2026-03-21,free,CA,11,0,9.2,4,25,18,0
usr_8ecf0edc1bae,2026-02-12,free,CA,25,5,11.7,3,4,50,0
usr_00787c58e937,2026-02-21,pro,CA,32,10,14.9,6,6,47,1
usr_3fe7957e7ea1,2026-02-21,free,FR,27,7,6.5,3,4,49,0
usr_dba8a8c156af,2026-03-03,enterprise,ES,47,10,42.8,10,1,87,0
usr_551fa2dd4a1a,2026-04-09,pro,IN,34,6,16.6,5,5,75,0
usr_6f7d45da319a,2026-01-29,free,BR,0,0,5.9,6,10,0,1
usr_d39c544275d6,2026-02-19,free,ES,32,10,9.9,2,7,75,0
usr_9401050050d3,2026-03-04,free,IT,3,3,13.8,4,23,0,0
usr_e1328137226e,2026-02-14,free,US,25,4,6.2,6,10,45,0
usr_5a5ae2c6c9d3,2026-02-26,free,CA,19,5,9.7,6,19,34,0
usr_fbba2e847923,2026-03-21,free,FR,34,9,7.3,4,2,69,0
usr_b6b6c6768417,2026-03-02,free,ES,17,2,12.3,1,19,26,1
usr_283d1b878a2a,2026-03-02,free,AU,33,7,8.4,4,8,42,0
usr_03f8a0e050fb,2026-04-24,free,US,13,4,14.3,3,6,45,0
usr_a5d0f66d5c60,2026-04-07,pro,IT,28,7,13.5,9,4,58,0
usr_44dbbe39c1ac,2026-04-08,free,IN,25,10,15.4,6,4,41,0
usr_cbd819e2fbf8,2026-02-10,enterprise,DE,35,8,31.1,10,3,86,0
usr_03cbade5834b,2026-03-08,free,US,20,4,12.9,6,21,40,0
usr_29f34310ce5e,2026-02-02,pro,CA,32,4,21.5,4,8,69,0
usr_c8dcee961827,2026-04-24,free,BR,37,9,1.0,4,10,55,0
usr_25b59e419f1a,2026-03-03,free,IT,16,3,1.0,1,25,26,1
usr_8776e81d1dbe,2026-03-01,pro,BR,24,4,21.4,4,6,52,0
usr_d8b54400efec,2026-02-21,free,IT,15,4,8.8,3,29,36,0
usr_ddea525075c5,2026-02-03,pro,AU,48,11,13.3,9,3,87,0
usr_9c713bad4af1,2026-03-11,pro,IT,39,12,23.1,3,3,66,1
usr_e8499b8fad13,2026-02-02,free,UK,14,3,17.2,4,29,8,1
usr_b367a389f505,2026-03-29,pro,FR,14,6,18.6,5,12,34,0
usr_d334a9475313,2026-02-12,pro,FR,31,11,19.8,10,6,68,0
usr_e3354615164d,2026-04-11,pro,UK,28,11,17.0,5,10,72,0
usr_12fe1a2024ad,2026-03-07,enterprise,UK,33,9,22.5,8,3,89,0
usr_932b48e58895,2026-04-24,free,DE,23,6,2.4,0,27,33,0
usr_5d907016444c,2026-04-12,free,ES,16,8,7.0,2,9,42,0
usr_71f502157630,2026-02-15,free,FR,13,2,5.8,0,16,25,0
usr_4471e890b20a,2026-02-01,pro,AU,17,2,12.9,6,20,40,1
usr_d48215b41aee,2026-02-14,free,DE,31,7,12.5,1,3,68,0
usr_f7f2793bde5d,2026-02-21,free,ES,27,7,4.3,3,10,64,0
usr_65a1a9a52714,2026-03-08,free,ES,5,0,7.6,5,13,26,1
usr_e7d9c9c93641,2026-03-11,pro,CA,30,8,24.8,3,8,62,0
usr_8f491dd9b9a2,2026-03-16,pro,AU,31,8,10.1,3,2,73,0
usr_2f056dd19054,2026-04-24,free,DE,9,0,9.0,5,11,15,1
usr_4868244014be,2026-01-27,free,ES,23,4,11.1,3,10,41,0
usr_5e7677a35a2d,2026-03-12,free,ES,3,3,18.9,6,22,20,0
usr_f4bc4ac02267,2026-04-12,free,CA,15,2,3.8,1,2,41,0
usr_24d70eb0fc1f,2026-02-03,free,US,14,3,12.8,2,11,27,1
usr_540282c753ab,2026-01-31,enterprise,AU,49,11,32.9,6,3,95,0
usr_d1cb14d8f79e,2026-02-14,pro,AU,16,3,16.2,3,14,34,0
usr_9efbcf227021,2026-03-24,pro,BR,42,9,22.0,4,2,87,0
usr_dde01a43c8d9,2026-02-26,free,BR,13,4,5.3,1,13,35,0
usr_4dff82b60115,2026-02-28,free,CA,13,5,6.0,2,28,21,1
usr_b7e244728d4d,2026-04-02,free,DE,16,7,5.5,3,9,46,0
usr_6500d3218665,2026-03-15,free,AU,31,9,2.3,2,5,46,0
usr_892205fbecac,2026-04-06,free,FR,19,4,9.0,0,7,47,0
usr_c75594e69b7d,2026-04-08,free,IT,17,4,7.2,5,30,31,0
usr_c811f1f86240,2026-03-30,free,CA,24,7,9.8,4,6,46,0
usr_60eceaa05a99,2026-02-28,free,ES,20,3,7.6,0,21,36,1
usr_2c0521a195b0,2026-02-25,free,IN,17,4,13.1,3,10,37,0
usr_556cd10f31f7,2026-02-14,free,US,30,6,19.7,2,4,54,1
usr_01e353c3be53,2026-02-22,pro,US,36,6,18.4,6,6,66,0
usr_463279d83074,2026-03-24,free,ES,0,0,1.0,3,30,7,0
usr_d7c17eab596c,2026-03-11,free,CA,20,2,11.5,2,30,27,0
usr_97d3a16f4f9f,2026-03-27,free,UK,13,5,7.7,0,26,39,0
usr_9e156862b4fa,2026-02-06,free,US,16,0,11.2,4,20,31,1
usr_d7519c40a897,2026-03-28,free,AU,9,3,3.3,3,10,21,0
usr_e9335431c558,2026-03-11,pro,AU,10,5,14.6,8,22,14,0
usr_2ae4ce566536,2026-03-29,enterprise,CA,46,9,27.9,10,3,84,0
usr_b8865b4e600a,2026-03-09,pro,US,36,7,26.3,9,4,68,0
usr_2b4e4a6fccc2,2026-02-15,pro,ES,22,5,9.3,6,30,34,1
usr_8bbb0ca168a5,2026-02-20,free,US,18,4,1.0,2,8,44,0
usr_c5c3eb95451e,2026-03-26,free,UK,0,0,3.5,5,21,14,1
usr_43d190c8fdf2,2026-02-14,free,AU,26,6,15.2,1,6,57,0
usr_d97a8d1af1c8,2026-01-30,free,CA,10,3,8.2,1,10,12,1
usr_3bacde1bf45c,2026-03-14,free,IT,20,3,9.7,0,5,46,0
usr_3bc023200ee5,2026-04-07,pro,US,29,7,16.7,5,6,52,0
usr_946fde2b03c1,2026-04-16,pro,IT,31,6,27.3,3,3,63,0
usr_70f9321a1e0e,2026-02-24,free,IT,32,5,3.4,0,8,73,0
usr_7481f0fffdb2,2026-04-10,pro,AU,10,1,21.9,5,2,45,0
usr_34956ecc61aa,2026-03-07,free,ES,24,9,11.3,3,8,52,0
usr_d54e6f0da275,2026-03-07,free,IT,6,4,2.8,2,12,27,1
usr_ed0a8ae00746,2026-03-18,enterprise,US,32,6,27.2,6,2,84,0
usr_40e7b3be7b86,2026-02-27,free,DE,17,2,5.8,5,10,47,0
usr_11dc8a6939b3,2026-04-15,free,BR,15,2,12.7,1,20,20,1
usr_d7e195d547a4,2026-03-21,pro,CA,39,9,12.0,6,2,54,0
usr_02049733cf9e,2026-01-28,pro,IT,23,7,14.9,3,7,50,0
usr_67b9138e380e,2026-04-08,pro,FR,42,13,17.9,7,0,81,0
usr_4346f3f87ded,2026-03-27,pro,IN,26,6,8.6,4,4,58,0
usr_80848a14dd15,2026-04-02,free,AU,6,0,14.7,4,15,10,1
usr_b3385c710c34,2026-03-13,free,FR,18,7,13.9,6,10,49,1
usr_c092718d8294,2026-04-07,pro,US,35,12,18.1,3,7,60,0
usr_fd86ffb86f21,2026-04-21,enterprise,CA,40,11,32.1,8,1,80,0
usr_375a6de8f5c0,2026-04-14,free,US,32,7,9.8,0,10,54,0
usr_ac9869acf0c2,2026-01-27,free,ES,11,0,14.5,4,12,30,0
usr_48385f66f807,2026-04-11,free,IN,6,0,9.7,3,16,21,1
usr_71edbaca8549,2026-02-02,pro,CA,24,3,7.9,3,9,60,0
usr_8fe582f6efde,2026-03-30,pro,IN,37,10,5.0,5,1,86,0
usr_5a36495699e6,2026-02-27,pro,IN,39,11,14.1,7,8,66,0
usr_19be90c39b98,2026-02-04,enterprise,BR,44,11,24.3,9,1,92,0
usr_319d801df948,2026-03-23,free,UK,6,4,1.2,5,10,22,1
usr_c5eb7ffb11f8,2026-03-25,free,UK,40,13,9.0,3,4,57,1
usr_601c71c8d049,2026-02-26,free,CA,28,4,6.5,4,9,46,0
usr_73a90af8453d,2026-02-05,pro,ES,10,0,23.8,7,4,46,0
usr_ea013fa8befa,2026-03-26,pro,IT,36,10,17.7,6,10,73,0
usr_042dded1d23a,2026-04-01,pro,DE,28,4,16.9,5,3,70,0
usr_c60542e66a2c,2026-04-15,free,CA,3,3,6.9,0,15,21,1
usr_759c9c8045cb,2026-03-04,pro,UK,40,7,28.1,3,6,60,0
usr_ce8f256e7ff2,2026-04-17,pro,UK,25,9,18.4,6,9,61,0
usr_aa4eafb28923,2026-04-21,pro,DE,32,8,5.0,5,10,70,0
usr_55068d418cb7,2026-03-22,free,CA,22,6,1.0,0,6,47,0
usr_4404c206fb25,2026-04-19,free,FR,11,5,5.2,4,30,30,1
usr_6e4e71e902f2,2026-02-25,pro,US,23,4,15.0,3,25,30,1
usr_ece6aa51a592,2026-04-11,free,BR,0,0,9.0,1,17,0,0
usr_825b56c7810d,2026-04-02,free,US,25,8,1.8,2,12,37,0
usr_40945b3367ba,2026-04-25,free,US,39,7,6.1,0,10,46,0
usr_2e2479c4641e,2026-02-10,free,AU,44,8,3.0,6,3,91,0
usr_bce3e4e389cd,2026-01-27,free,IT,20,3,14.3,1,28,27,1
usr_9e045cde40f6,2026-01-29,free,IT,0,0,9.9,1,27,15,1
usr_d723264166cc,2026-03-20,free,ES,30,7,6.0,3,3,54,0
usr_b30970e7c2a3,2026-04-03,free,BR,10,0,4.0,3,14,30,0
usr_55ef396c7b25,2026-02-19,pro,FR,31,9,7.0,7,9,58,0
usr_ef530eb6629c,2026-04-11,pro,AU,38,8,21.0,6,2,57,0
usr_d3fdd68c0aaa,2026-03-05,free,IT,22,5,13.6,3,3,42,0
usr_4154255c8764,2026-04-18,pro,CA,36,8,26.1,6,3,62,0
usr_f620e247cbfc,2026-01-29,free,BR,15,0,5.3,1,16,18,1
usr_d8d4654a09a1,2026-04-08,pro,FR,35,10,23.2,6,2,86,0
usr_d52c594b186a,2026-01-30,pro,CA,33,9,21.3,7,6,61,0
usr_014c0069d4ca,2026-03-15,free,IN,24,4,9.1,3,7,51,1
usr_2b340bdf3a78,2026-03-30,free,IT,12,0,6.8,1,11,35,1
usr_993194beec9c,2026-03-23,pro,IN,25,6,5.0,3,3,49,0
usr_5fcec3e0dfa0,2026-04-07,free,FR,12,2,5.1,2,16,37,0
usr_891086e9301e,2026-02-15,free,CA,1,1,1.0,3,29,0,1
usr_89b378f8736a,2026-02-28,enterprise,ES,39,11,24.2,6,1,80,0
usr_48c1579986b6,2026-03-20,free,US,28,5,12.1,4,4,64,0
usr_1d79511de8aa,2026-03-28,free,IT,28,8,6.1,2,6,49,0
usr_bf1f68e8606d,2026-01-29,free,AU,24,9,1.8,3,6,41,0
usr_540ca5ec6fb6,2026-02-25,free,US,22,5,9.2,4,19,40,0
usr_6f4b54484ee4,2026-04-03,pro,ES,37,10,23.0,4,2,76,0
usr_1f85fce50414,2026-04-10,free,IT,23,5,3.3,6,10,47,0
usr_eea2c29ac3a1,2026-04-23,free,DE,11,6,12.3,0,21,27,1
usr_2f5dea0a140e,2026-01-31,pro,IN,33,6,20.8,4,9,55,0
usr_1bafe258a725,2026-02-23,pro,IT,36,9,29.2,5,8,73,0
usr_addff910aca0,2026-03-15,free,US,12,2,9.3,0,30,38,0
usr_7551b683f03f,2026-03-14,pro,ES,32,7,23.5,3,3,63,0
usr_e0a885589086,2026-03-17,pro,DE,40,9,16.4,4,9,67,0
usr_05aab0165fe6,2026-04-12,free,UK,19,3,6.4,6,13,39,0
usr_80562d107e88,2026-03-22,free,CA,42,10,5.5,3,1,88,0
usr_9340286d6a51,2026-04-21,free,AU,21,3,9.5,3,21,37,0
usr_d9705d446ac3,2026-02-11,free,UK,37,5,1.4,2,3,55,1
usr_0ff2f1b36a79,2026-02-02,free,ES,33,7,10.9,5,6,62,0
usr_ccf95ba0bc04,2026-04-18,pro,CA,38,9,16.6,7,4,64,0
usr_92222d92223e,2026-03-17,pro,ES,33,7,25.3,4,4,68,0
usr_56f9199f37b5,2026-03-31,pro,US,22,4,16.1,8,3,48,0
usr_81004c279015,2026-03-10,pro,AU,26,4,15.0,4,10,65,1
usr_6ecbef37b231,2026-02-04,free,IT,16,7,1.0,5,18,37,0
usr_8d76cb685a9c,2026-01-31,free,FR,26,5,9.2,2,3,63,0
usr_22e52659e69d,2026-03-21,free,AU,12,1,12.7,0,22,21,0
usr_c40fa8370709,2026-04-02,free,CA,12,2,9.7,5,10,15,1
usr_5c73276fcb02,2026-01-30,free,US,0,0,8.0,4,13,0,1
usr_53e9b139ea3c,2026-02-19,free,ES,20,7,5.5,3,14,40,0
usr_f5d25ba15c53,2026-03-31,free,IN,39,13,7.8,4,2,76,0
usr_e8dda1ea1c3a,2026-01-29,free,AU,28,8,6.4,4,4,56,0
usr_0370a2ecfbf0,2026-02-14,free,US,7,3,4.7,6,21,20,1
usr_09481ca56b8d,2026-03-29,pro,CA,20,4,17.3,5,5,47,0
usr_4b219f7c66df,2026-02-12,pro,AU,36,6,24.2,4,2,74,0
usr_9a528d4c0360,2026-02-20,enterprise,UK,27,5,18.9,6,1,78,0
usr_8f2a0a062184,2026-03-31,free,FR,13,2,11.2,1,23,27,1
usr_3bdc6626c7ea,2026-02-15,free,DE,14,4,6.4,5,30,35,1
usr_22f18a855d41,2026-02-27,free,UK,21,8,4.4,0,7,43,0
usr_acac1b6bb053,2026-02-11,pro,FR,22,5,11.8,6,4,49,0
usr_32d17e91272f,2026-04-16,pro,IN,38,12,16.6,3,3,76,0
usr_95ef16889a68,2026-02-21,free,IN,20,5,6.9,3,6,48,0
usr_7fc57e512d92,2026-04-12,free,BR,11,0,2.3,3,13,21,1
usr_ca71ef938d43,2026-03-03,free,IN,14,2,17.3,1,23,23,1
usr_fa24095a7b6c,2026-02-03,free,IT,21,6,4.0,0,14,34,1
usr_4cac8ec359bd,2026-04-04,free,AU,16,0,5.4,4,7,48,1
usr_22a094a3c3ad,2026-04-22,enterprise,DE,49,14,15.6,7,2,97,0
usr_ba171f8c5cd0,2026-04-12,pro,UK,30,8,7.8,7,5,69,0
usr_922c2514b898,2026-04-15,free,FR,27,7,15.4,3,2,49,0
usr_c430517c8327,2026-03-06,free,FR,21,6,2.4,1,5,51,0
usr_4bb3d2a433ca,2026-04-20,pro,UK,23,3,26.0,6,6,53,0
usr_c3a11e5818bb,2026-03-07,enterprise,IN,51,9,17.3,6,2,91,0
usr_6b734e615d6e,2026-04-23,pro,DE,32,4,22.2,3,6,72,0
usr_7c1990939451,2026-03-29,pro,IN,31,8,19.0,5,4,68,1
usr_7ba563cae469,2026-02-14,free,DE,8,0,5.3,1,21,27,1
usr_c6edc61debe6,2026-02-16,free,US,1,0,1.5,4,21,13,0
usr_5242c57a92cc,2026-02-20,free,IN,21,4,12.3,2,26,40,1
usr_ec33575e948a,2026-02-26,enterprise,ES,23,7,25.5,7,5,64,0
usr_0a4fc6cfcfd8,2026-01-31,free,FR,10,4,1.0,3,2,42,0
usr_58bc531cc2ed,2026-03-03,enterprise,FR,41,13,29.3,10,2,84,0
usr_4f9924cc19b3,2026-02-03,pro,DE,28,9,5.0,6,4,46,0
usr_ff5e8fc1f885,2026-04-10,pro,FR,28,9,5.0,5,7,69,0
usr_cfa99c405aa1,2026-03-06,free,IN,20,4,8.0,0,3,41,0
usr_45d675540ef0,2026-02-25,free,US,17,4,1.0,2,12,21,0
usr_8e25e28621d0,2026-04-23,pro,UK,24,6,10.1,6,10,67,0
usr_6c81b43b5cac,2026-03-11,pro,IN,40,8,18.5,7,3,70,0
usr_2bb4088f7a00,2026-04-13,pro,US,39,7,14.7,5,3,86,0
usr_e5c1425e3123,2026-02-08,pro,UK,39,9,13.7,7,6,65,0
usr_87d0ea88ff49,2026-02-19,free,AU,21,4,10.5,0,5,44,0
usr_2f1b171cfa28,2026-04-01,free,US,8,1,4.4,6,11,25,0
usr_ca866e21b1fe,2026-02-10,free,CA,36,9,2.4,6,3,65,0
usr_8c9b9fc57e67,2026-02-21,free,US,0,0,7.8,6,26,13,0
usr_a850f888f907,2026-04-16,free,FR,13,5,1.0,3,20,24,1
usr_3876fde2a303,2026-01-27,free,CA,19,5,2.0,0,3,41,1
usr_67a1b35fd4ff,2026-02-14,free,US,18,7,12.5,1,24,16,1
usr_3b5e0cd655bc,2026-04-15,free,US,20,4,12.5,4,18,34,0
usr_362722e49254,2026-03-17,pro,IT,47,11,9.2,5,0,86,1
usr_729ef4f82dfc,2026-04-22,free,ES,18,0,13.9,3,10,43,0
usr_fdd81df447f7,2026-04-24,pro,BR,25,5,18.2,5,9,66,0
usr_360d201fcf43,2026-04-18,pro,ES,48,12,15.1,7,3,95,0
usr_3a037be679c3,2026-03-27,pro,US,29,5,9.6,7,2,55,0
usr_07d196d346f6,2026-04-25,free,ES,35,9,5.1,0,5,73,0
usr_2a06c929dc51,2026-02-23,free,FR,8,0,5.2,2,21,7,0
usr_1affcbbaad7f,2026-03-06,free,UK,18,1,4.5,0,2,43,0
usr_644823cf0cb2,2026-04-17,free,UK,32,9,13.4,2,7,59,0
usr_6d2ca55f327b,2026-03-24,free,IN,16,4,4.1,1,9,52,0
usr_9af090e11aa2,2026-01-27,free,IN,0,0,4.5,6,12,5,1
usr_b17330cd85cd,2026-03-09,free,AU,14,5,13.4,6,17,40,0
usr_288ff0c48c94,2026-03-25,free,BR,33,11,3.2,2,4,65,0
usr_9ecfefd7ae47,2026-02-16,free,CA,17,5,14.9,5,25,29,1
usr_4a7516e0aad0,2026-04-05,free,FR,9,2,6.8,3,27,9,1
usr_6c57e4793e6a,2026-03-07,free,FR,15,3,12.8,0,22,27,1
usr_266e8ff08625,2026-02-27,free,ES,13,5,3.5,4,21,12,1
usr_8654f0f321a9,2026-03-16,free,BR,6,0,11.4,0,27,34,1
usr_774e98909570,2026-01-30,free,FR,16,2,6.0,1,12,26,1
usr_28cf3512ce8f,2026-04-08,pro,IT,29,9,5.0,7,4,52,0
usr_7a3896d4b7c9,2026-01-29,free,DE,17,3,8.0,3,15,28,1
usr_8467f2e52f6a,2026-02-21,free,FR,7,3,9.3,4,26,9,0
usr_58b5e465cb1a,2026-02-01,free,UK,19,4,8.7,5,18,37,1
usr_6245d4b4a9b9,2026-03-24,free,IN,28,9,9.9,2,10,58,1
usr_5d38f519ff3f,2026-03-18,pro,UK,23,6,17.7,4,9,65,0
usr_94c59cbb54e6,2026-04-15,free,US,31,5,7.8,6,4,51,0
usr_0f5694f7200f,2026-04-25,enterprise,AU,41,10,26.7,8,2,85,0
usr_62ffb058d217,2026-02-21,free,UK,20,6,5.1,3,17,37,0
usr_39606c95de07,2026-02-20,free,CA,13,3,15.3,3,28,29,1
usr_2265845241d0,2026-02-09,free,CA,13,2,2.9,3,14,16,1
usr_9f058607bf32,2026-03-16,free,DE,4,0,7.0,1,15,11,1
usr_e177e0037168,2026-04-21,free,IN,8,0,12.2,5,18,20,0
usr_7664df50e262,2026-02-11,free,DE,16,4,5.7,2,23,26,1
usr_9f2604275f2c,2026-02-25,free,IT,19,8,5.1,0,17,37,0
usr_a5545c07412e,2026-02-07,pro,AU,29,7,16.4,5,10,52,1
usr_e5ac48e2d208,2026-04-08,free,UK,22,4,9.2,4,17,34,0
usr_b505b78125c6,2026-03-01,pro,BR,31,8,19.7,7,3,78,1
usr_20460c3699fe,2026-02-14,free,BR,27,5,6.4,2,6,49,0
usr_4bbda2195e02,2026-02-22,free,US,23,8,8.8,1,20,37,0
usr_805ee5d5deed,2026-04-21,free,US,4,0,11.5,5,14,7,0
usr_e814b49e526d,2026-04-20,pro,DE,45,6,11.6,3,0,93,0
usr_11dca99ad28d,2026-04-21,free,ES,40,6,5.1,5,2,80,0
usr_cd7b9b456b3b,2026-02-21,free,IT,17,5,9.3,2,10,47,1
usr_9d9e6948d8fc,2026-03-05,pro,BR,20,4,10.4,5,7,42,0
usr_31193009f5e4,2026-04-09,free,ES,35,7,5.3,4,8,65,0
usr_99ce01814157,2026-02-11,free,DE,27,3,5.4,2,8,50,0
usr_e03a9c9d71ed,2026-02-06,pro,IN,34,6,12.7,7,10,60,0
usr_aa994645f5fc,2026-03-23,free,US,6,2,12.6,4,12,22,1
usr_8f8fe9a4cdb0,2026-04-04,free,AU,6,0,9.3,3,10,4,1
usr_acfc53479ef4,2026-03-04,free,AU,23,5,10.1,2,2,50,0
usr_26ee2a2480ad,2026-04-17,enterprise,BR,37,8,23.7,9,3,87,0
usr_9ccee806a8c2,2026-04-09,free,IT,31,8,17.8,1,8,58,0
usr_24d9328427b1,2026-02-18,pro,DE,29,10,10.1,9,4,57,0
usr_f18b7afeaea4,2026-04-19,free,IT,9,4,11.2,4,26,32,0
usr_9bbcbb84adc2,2026-03-26,free,CA,13,4,7.8,5,21,25,1
usr_281a1822e6ec,2026-03-20,free,CA,24,5,18.5,1,17,39,1
usr_5e6b61124051,2026-02-06,free,US,1,0,9.1,3,19,0,0
usr_32c34ee1f3ce,2026-02-19,pro,CA,12,5,20.0,6,22,30,0
usr_38c5b497a988,2026-03-21,free,AU,9,2,1.0,3,11,20,0
usr_3cefeb69c4b8,2026-04-15,pro,IN,41,9,11.1,6,3,80,0
usr_aea87958e1a0,2026-01-30,free,AU,14,3,10.8,3,24,27,1
usr_b9bc47724840,2026-03-12,free,IN,19,7,10.1,4,26,35,1
usr_5ecfbafe5811,2026-04-09,free,IT,38,4,15.9,3,3,67,0
usr_5272932fa0b4,2026-03-30,free,UK,15,7,9.2,3,23,34,1
usr_de0c92ba69f1,2026-03-22,enterprise,IT,47,8,36.4,6,1,83,0
usr_d9fb7addd89e,2026-03-15,pro,IT,23,4,11.4,6,9,41,0
usr_39fcbf468a88,2026-03-03,free,BR,34,7,11.5,0,2,51,0
usr_132b25b33eae,2026-04-18,pro,US,36,9,8.4,9,2,83,0
usr_119f6132d2bd,2026-02-12,free,CA,19,0,7.6,1,25,26,1
usr_0b9e7dad4482,2026-03-30,pro,UK,30,4,13.6,5,8,48,0
usr_953410063ef6,2026-04-26,free,BR,36,9,9.8,0,4,72,0
usr_928e6fd3ddd0,2026-04-01,free,CA,15,1,1.0,5,16,36,0
usr_9731020376c4,2026-03-04,free,CA,24,2,5.2,0,13,35,0
usr_cab3afd03625,2026-01-28,pro,IN,19,3,24.3,8,30,38,0
usr_d2e7b180baba,2026-04-07,free,UK,26,7,15.1,1,7,43,0
usr_ef7f412b7f77,2026-02-08,free,BR,15,3,1.0,2,26,24,0
usr_86af05d4c52f,2026-03-29,pro,UK,33,7,5.8,3,9,54,1
usr_ca121d60cca9,2026-02-04,pro,IT,41,10,15.9,3,9,58,1
usr_4e40d161db0d,2026-03-13,free,AU,13,3,1.0,4,26,27,1
usr_1e21b7d95959,2026-04-11,free,FR,25,7,1.0,2,17,31,0
usr_82e5f1bcd464,2026-04-03,free,FR,5,0,10.6,3,23,23,1
usr_8a82558a166d,2026-02-03,pro,BR,16,6,24.5,8,23,35,0
usr_2e742266f379,2026-03-31,free,IN,0,0,6.8,3,17,8,0
usr_98e4be9a1ca4,2026-02-26,free,DE,19,5,7.8,2,14,31,0
usr_60b78dd4561f,2026-04-22,free,US,7,0,10.6,0,27,18,1
usr_a4f75c5fc872,2026-02-24,pro,UK,39,6,17.1,8,6,65,0
usr_dfa8fa723786,2026-03-09,free,AU,24,3,3.3,0,2,47,0
usr_277409847fe1,2026-04-02,free,US,34,7,12.3,3,10,72,0
usr_8f69fcc4676a,2026-02-15,pro,AU,33,8,12.0,6,4,63,0
usr_de1b6c57b8c3,2026-04-20,pro,BR,26,4,12.1,3,10,64,0
usr_a5eaa42247aa,2026-03-12,free,BR,28,4,4.9,1,10,54,0
usr_610e42ff682d,2026-03-01,free,US,9,3,3.3,3,25,23,1
usr_69716b89c402,2026-04-18,free,CA,4,0,7.7,6,13,22,1
usr_ee9f281832a9,2026-04-09,free,FR,7,0,4.6,2,19,13,1
usr_f9984a505742,2026-03-24,enterprise,FR,32,9,28.9,9,0,81,0
usr_6295f7e35a7f,2026-02-20,pro,US,29,10,20.4,3,5,69,0
usr_c7f54081db8f,2026-02-07,free,BR,37,10,1.0,0,5,61,0
usr_d510b5fe0e96,2026-03-15,free,CA,16,7,7.4,1,14,38,0
usr_f2826d074901,2026-03-16,enterprise,DE,51,10,31.7,9,3,94,0
usr_56e408c3d67f,2026-03-01,free,IT,24,4,2.7,4,10,59,1
usr_011bd624d4a0,2026-02-01,free,BR,21,6,12.8,3,2,42,0
usr_0be786e71e0e,2026-04-19,free,DE,28,10,12.3,2,10,48,0
usr_fc8c3efa994a,2026-04-13,pro,IN,40,11,13.0,4,7,66,1
usr_ff4f798fa37c,2026-02-19,free,AU,19,1,3.4,4,2,50,0
usr_da467266c3a4,2026-02-10,enterprise,FR,50,13,45.0,8,3,100,0
usr_1595608a2ee3,2026-03-29,pro,IN,20,5,7.2,8,8,57,0
usr_10467e2da1ef,2026-04-04,free,FR,25,5,18.3,6,3,51,0
usr_8b009c5d8ac8,2026-03-27,free,US,31,10,2.2,3,4,74,0
usr_a358405ef0bd,2026-02-21,enterprise,IN,58,13,29.7,7,0,100,0
usr_4d6d1f4da840,2026-03-11,pro,US,46,11,13.8,6,3,97,0
usr_e1f0d3b0c1df,2026-04-09,free,DE,25,4,4.3,2,27,40,0
usr_63b5e286d44c,2026-04-06,free,UK,23,6,2.8,2,10,62,0
usr_e5d9241f28de,2026-04-16,free,AU,4,0,3.3,3,21,21,0
usr_6b617023fb09,2026-03-24,pro,CA,35,11,26.9,6,10,72,0
usr_cb0d78f6114d,2026-02-18,free,IN,17,7,9.4,1,22,31,1
usr_01ee45c07c65,2026-02-03,free,IT,8,0,1.0,4,22,25,0
usr_b493e70334f4,2026-04-26,free,CA,4,0,15.9,0,21,2,0
usr_a1d569e69051,2026-02-24,free,CA,10,2,8.1,2,11,38,1
usr_e9df1dfe909a,2026-02-01,free,ES,7,0,1.2,3,23,30,1
usr_c90860e5592d,2026-04-02,free,IT,37,8,5.8,2,4,68,0
usr_dd24bfad4d05,2026-04-25,free,US,17,4,12.7,6,26,35,1
usr_de63544aabee,2026-03-03,free,IT,12,2,11.5,1,25,5,1
usr_4bf531a28381,2026-02-27,free,DE,10,2,1.0,2,16,9,1
usr_fc2ce58b1e10,2026-03-01,free,CA,10,4,9.3,6,24,24,1
usr_0215861c58a7,2026-04-16,free,CA,7,4,2.5,3,19,19,1
usr_ce756502224d,2026-03-10,free,BR,20,1,7.9,4,10,52,0
usr_6bee78ee7e5a,2026-03-07,pro,DE,43,9,20.2,6,3,81,1
usr_540cc60dfe3e,2026-03-16,free,IT,1,1,11.5,4,11,0,1
usr_a1b62c917a34,2026-03-08,pro,IN,48,7,14.0,5,0,84,0
usr_0b88ccdf9fab,2026-02-03,free,IN,25,6,7.4,3,5,61,0
usr_3087a8ebf44a,2026-03-03,free,IT,25,7,5.3,0,5,53,0
usr_6c6820087d91,2026-02-18,free,FR,6,0,12.5,1,26,6,1
usr_1b601460e72c,2026-02-17,free,IN,29,8,7.5,2,5,45,0
usr_12822ea4da8b,2026-02-21,free,US,16,5,8.9,3,24,27,1
usr_10519e0d202b,2026-04-26,pro,ES,42,11,24.0,5,1,81,0
usr_83d7a10b7a89,2026-02-25,free,UK,20,5,2.5,5,22,37,1
usr_1e9eaad4c3c1,2026-03-10,free,BR,17,5,7.1,2,15,20,1
usr_9e97807ab647,2026-02-26,pro,CA,50,14,9.9,3,1,97,0
usr_d7db8bef47ca,2026-03-06,free,IN,26,4,1.7,6,10,44,0
usr_1d788aef3d36,2026-03-30,pro,FR,33,8,26.9,5,5,58,1
usr_078f124fd1ab,2026-03-20,free,ES,0,0,5.8,2,13,4,0
usr_ce65ec89c6e9,2026-02-21,pro,UK,34,9,17.9,6,9,64,0
usr_2df63ffc6545,2026-04-02,free,IT,1,0,17.5,3,25,0,1
usr_811d47778ce2,2026-04-07,free,FR,41,10,13.6,0,5,71,0
usr_ec42fde51a85,2026-04-04,pro,UK,37,10,14.5,6,3,82,0
usr_55c10b965589,2026-03-01,pro,FR,33,5,8.0,4,4,65,0
usr_645c5280a040,2026-02-04,free,BR,16,5,7.6,2,3,44,0
usr_060dbb6cebc4,2026-03-17,free,AU,12,3,9.7,1,17,26,0
usr_1857d82f105e,2026-01-31,free,CA,13,1,6.7,4,23,15,0
usr_774175d9e115,2026-02-02,free,DE,31,6,8.0,2,3,56,0
usr_22219f357084,2026-04-13,free,AU,12,1,12.0,1,6,46,0
usr_510dfda5d634,2026-03-09,free,ES,18,5,7.5,3,14,20,0
usr_4ad25d0e57ea,2026-03-06,free,US,29,9,3.4,2,2,64,0
usr_aa43e66fb2a9,2026-02-15,free,IN,21,3,13.6,5,3,48,0
usr_6e2c462c78d2,2026-02-13,enterprise,IT,44,12,25.3,7,3,89,0
usr_445d2000192d,2026-03-17,free,US,14,6,8.8,2,26,36,0
usr_16c6e7b44959,2026-03-06,free,US,33,8,12.2,3,7,72,0
usr_22bd0abae65c,2026-04-22,free,US,35,4,11.7,0,1,78,0
usr_38554e95c1b8,2026-03-31,enterprise,DE,22,0,30.6,10,6,62,0
usr_29a334da8621,2026-03-21,pro,ES,31,9,24.4,7,9,68,0
usr_22c149a7e518,2026-03-12,free,IT,42,7,2.9,4,5,64,1
usr_92514104c525,2026-02-10,free,BR,33,6,1.6,4,8,60,0
usr_0b3c7fae99b8,2026-02-16,pro,BR,40,6,16.7,3,2,66,0
usr_dbcd7ff59486,2026-01-31,free,BR,34,11,12.6,0,9,57,1
usr_cc3f0992d56b,2026-03-22,free,IT,31,6,6.3,1,3,56,0
usr_81ac1b7f9a9c,2026-04-08,enterprise,FR,47,12,19.0,9,3,85,0
usr_8c493327a91b,2026-02-18,free,IT,26,5,18.1,0,4,54,0
usr_fa323d4a1d9a,2026-02-22,free,US,33,8,10.6,2,5,51,0
usr_ff8f944563f2,2026-04-11,enterprise,BR,49,10,23.7,8,1,85,0
usr_f933649b5ae1,2026-04-26,pro,UK,45,10,5.0,5,3,79,0
usr_d874d8e23abf,2026-04-24,pro,US,43,9,18.5,6,2,86,0
usr_fc7628867359,2026-04-02,free,IN,38,8,15.2,0,1,78,0
usr_b7f5d338454f,2026-02-21,free,BR,28,5,1.0,5,3,43,1
usr_be5b2c7b2e2a,2026-03-30,free,UK,10,2,8.7,0,29,21,1
usr_0abf12dee1bb,2026-02-20,free,IN,0,0,15.8,5,27,11,0
usr_d25ef5174fc2,2026-03-01,free,CA,17,6,6.6,3,10,45,0
usr_e068138cbcdb,2026-02-14,free,CA,6,4,12.9,4,15,8,1
usr_5b790b452c77,2026-03-07,free,FR,32,5,8.9,0,6,59,0
usr_5b878d6b76f1,2026-03-24,free,US,35,8,3.5,2,3,65,0
usr_ad12399d8428,2026-03-31,pro,IN,34,7,7.3,10,5,61,0
usr_8f2bbb38909e,2026-04-05,free,ES,25,3,3.7,0,20,36,0
usr_6e2657896a9e,2026-03-17,free,FR,1,0,9.4,0,10,2,1
usr_c9d9d936079a,2026-03-06,free,ES,2,0,2.2,5,18,19,1
usr_ad64772ef0e8,2026-04-05,free,ES,26,5,4.1,3,10,33,1
usr_7a1076a117c3,2026-03-06,free,UK,13,2,14.2,5,14,29,1
usr_7aa2d910d2be,2026-03-21,pro,AU,15,0,28.4,3,30,36,0
usr_61ae36dfb51b,2026-03-30,free,BR,18,2,8.6,1,10,31,1
usr_43297ebb52da,2026-02-19,free,ES,11,4,6.4,4,17,36,1
usr_9c5f988be6d1,2026-02-10,free,CA,16,7,3.0,2,27,10,1
usr_168347915155,2026-04-02,free,DE,2,2,12.7,5,10,0,1
usr_14ba2ba48dce,2026-03-04,pro,AU,34,5,17.5,6,4,60,0
usr_121c6fb6deca,2026-02-02,free,IN,26,6,2.6,4,10,63,0
usr_f6d667e6c435,2026-03-05,free,IT,14,6,5.4,3,10,27,1
usr_1a8f4b5e68a2,2026-02-02,free,DE,23,3,6.0,1,5,45,0
usr_2d346cd38d03,2026-03-09,pro,FR,25,4,13.7,4,10,69,1
usr_de28dfc3ce67,2026-04-18,pro,IN,39,11,7.8,3,0,81,0
usr_e8f747c0c1e4,2026-03-30,enterprise,IN,45,7,39.0,6,0,78,0
usr_a676fa69559f,2026-02-16,free,BR,12,7,7.1,1,17,33,0
usr_87ceee05d420,2026-01-31,free,UK,20,3,8.8,1,19,24,1
usr_afa368ae8ac2,2026-02-21,free,IT,31,11,14.0,4,10,66,0
usr_4379c8146616,2026-04-03,free,US,17,3,3.2,2,10,22,1
usr_18631cbee011,2026-03-07,enterprise,US,46,9,40.8,7,3,88,0
usr_35fc3b06edbf,2026-03-23,pro,BR,35,6,8.9,3,9,74,0
usr_ced8db6ff14f,2026-03-09,free,DE,48,10,10.0,0,3,100,0
usr_7ed8d555074e,2026-03-10,free,BR,19,3,4.9,3,21,25,1
usr_fb1ebe376522,2026-03-24,pro,IT,22,4,7.7,6,10,44,0
usr_f15c982b8b55,2026-03-07,pro,US,29,6,5.0,7,5,64,0
usr_6f7b3cc977ca,2026-03-17,free,IN,24,8,2.0,2,30,35,0
usr_f750bd06a4a2,2026-02-26,enterprise,UK,45,10,28.1,7,1,100,0
usr_651dabd2ae4a,2026-01-27,free,FR,33,7,11.4,3,2,56,0
usr_46e4707eb697,2026-04-05,free,US,21,6,18.3,5,8,52,1
usr_d92c55618b02,2026-02-18,free,FR,13,5,11.3,0,12,25,1
usr_9ae5054f7f74,2026-02-08,free,UK,21,3,12.0,3,10,56,0
usr_0224a8443c2c,2026-04-21,free,US,8,3,3.2,3,15,9,1
usr_b7c9aad30c43,2026-03-12,pro,CA,35,9,21.1,6,2,59,0
usr_fef20cce23aa,2026-02-15,free,US,25,6,5.1,5,6,42,0
usr_e279008012e2,2026-04-23,free,US,19,7,1.1,3,2,51,1
usr_b9649241e59b,2026-02-21,free,ES,27,10,1.3,3,8,44,0
usr_deb4a47ee18a,2026-03-10,free,ES,22,5,12.3,6,9,46,1
usr_99ba9cda71f4,2026-03-07,free,IN,20,2,10.5,2,26,36,0
usr_77d876a37419,2026-03-24,free,FR,27,5,8.8,3,10,45,0
usr_59a3049d7368,2026-02-10,free,IN,33,7,3.4,6,7,61,0
usr_8925cd280d6b,2026-01-28,free,BR,26,8,1.0,3,6,50,0
usr_289396e7010a,2026-03-13,pro,FR,23,5,28.6,4,7,52,0
usr_cf44a4e6d766,2026-02-04,free,IN,31,11,7.9,2,7,62,1
usr_2d642976e496,2026-04-01,pro,AU,24,5,17.7,6,8,65,0
usr_65eed4a4cd35,2026-04-14,pro,BR,39,7,25.2,8,8,62,1
usr_2438c7377d99,2026-03-06,free,CA,0,0,15.4,3,25,0,0
usr_fbd90d9b7a0a,2026-04-11,enterprise,AU,33,7,19.7,8,9,66,0
usr_9b4f0dafd502,2026-03-28,free,FR,33,4,7.6,6,10,67,0
usr_ce6a065dcd18,2026-04-12,free,UK,19,0,12.9,0,9,55,0
usr_d4fd48b61d29,2026-03-18,free,UK,26,3,18.2,3,10,67,1
usr_98504cc2707b,2026-01-29,free,FR,30,8,9.2,3,8,66,1
usr_07eb48675b5d,2026-03-19,enterprise,DE,37,11,39.8,8,3,65,0
usr_54ea7f9a62e8,2026-02-18,pro,IN,44,13,24.4,6,2,85,0
usr_c667726dcfcd,2026-02-04,free,DE,18,8,10.0,5,18,36,1
usr_076d8a2d4792,2026-02-18,free,US,0,0,8.9,4,13,10,0
usr_ef53044ce73c,2026-02-27,pro,CA,19,4,5.0,7,3,51,0
usr_84b0302c41ab,2026-03-03,pro,IN,35,8,15.3,6,5,53,0
usr_b587b77a726a,2026-02-05,free,AU,2,1,7.0,2,15,29,1
usr_004fd6b02156,2026-02-05,enterprise,BR,63,17,40.5,7,2,100,0
usr_fed2b1e30e44,2026-04-21,free,IT,30,5,1.0,2,21,32,0
usr_710f269dbfdd,2026-04-12,enterprise,CA,48,11,21.3,6,1,97,0
usr_a8e3a09421fb,2026-04-14,free,CA,6,0,4.1,0,10,10,1
usr_258b864d626d,2026-03-19,free,IT,43,9,5.3,0,6,75,0
usr_6b27561e302c,2026-04-19,pro,DE,19,5,17.6,8,5,43,0
usr_558b8c250376,2026-01-31,pro,AU,24,5,10.8,4,4,43,1
usr_d0fdf2b906c8,2026-02-20,free,UK,9,0,1.3,3,20,17,1
usr_c5f1feb6aa6c,2026-03-22,free,UK,19,6,5.9,3,12,35,0
usr_f7a8a74b50bb,2026-03-24,free,ES,13,2,4.8,4,19,25,0
usr_0a8b006fdbed,2026-02-02,free,FR,11,4,1.0,5,10,30,1
usr_cd0114b8108a,2026-02-26,free,DE,27,5,4.5,1,10,63,0
usr_f7a024f69813,2026-04-12,free,UK,2,1,9.6,3,18,20,1
usr_69046c248266,2026-02-05,pro,ES,26,7,14.8,7,26,35,0
usr_4c3db26c5bf6,2026-04-16,free,UK,13,9,4.0,6,12,30,0
usr_a7702e269777,2026-01-27,free,IN,14,1,5.0,3,27,38,0
usr_64731e412f60,2026-04-09,pro,CA,27,7,5.0,3,6,63,0
usr_6a95a436cca6,2026-03-17,free,IT,4,2,3.9,2,24,11,0
usr_7fff4ed80d30,2026-04-10,free,BR,14,1,11.0,2,18,35,0
usr_7930847f8626,2026-04-04,pro,US,34,11,31.9,4,7,67,0
usr_d7630aa0813f,2026-02-19,pro,IT,21,4,21.6,5,11,36,1
usr_669b039a1e20,2026-01-29,pro,IN,39,10,5.3,5,9,65,1
usr_a8967b3e65ef,2026-02-09,free,AU,15,4,10.4,1,14,30,0
usr_e4d256a06fd5,2026-04-11,free,ES,15,0,11.4,2,25,25,1
usr_21da1aa29c9d,2026-04-05,pro,IT,20,3,11.9,3,8,48,0
usr_7c56981b473c,2026-02-01,free,IT,8,2,12.8,0,29,17,1
usr_a6679ac359f0,2026-03-19,free,US,24,1,19.7,2,29,37,0
usr_42b41f6e4f00,2026-04-20,pro,FR,33,11,19.3,6,6,59,1
usr_df88ca46fd52,2026-04-11,pro,IN,42,11,5.0,7,2,68,0
usr_531cbf88222f,2026-04-12,free,ES,13,5,5.4,3,20,24,1
usr_bfa8901afe17,2026-03-20,free,ES,12,3,10.6,3,24,16,1
usr_745073f6c5a8,2026-04-14,free,BR,28,6,16.0,0,5,44,0
usr_103bb0b72c3d,2026-02-11,enterprise,IN,35,9,30.6,6,2,79,0
usr_7cebaf97d3c8,2026-03-30,pro,AU,28,6,11.7,3,4,61,0
usr_c82a7c5e7675,2026-02-02,free,US,18,5,8.0,3,2,41,0
usr_aeb988deb72a,2026-03-07,free,DE,29,6,5.5,1,4,51,0
usr_0c0c779230c3,2026-02-22,free,IN,7,0,13.2,6,19,21,1
usr_4eba6249e225,2026-04-23,free,IT,0,0,2.2,2,15,9,1
usr_552ec594c527,2026-02-26,enterprise,UK,27,8,25.1,10,3,76,0
usr_b8de0c8d4a0e,2026-04-26,pro,BR,33,9,11.7,6,8,59,0
usr_73b5092aeb90,2026-03-28,pro,ES,23,7,24.3,7,4,57,0
usr_4380ff97dbbf,2026-04-26,free,UK,31,11,14.4,4,9,57,0
usr_53b83d86aa85,2026-04-22,free,FR,22,4,7.4,4,10,44,0
usr_f2b353b6c8ef,2026-02-01,free,BR,13,6,9.0,2,15,22,1
usr_1553abb4d694,2026-02-19,pro,IT,34,7,15.4,4,10,70,0
usr_7f3702483183,2026-02-02,pro,FR,34,11,5.0,5,9,69,0
usr_669eb90d5303,2026-04-07,free,ES,24,5,1.0,3,28,36,0
usr_f932515736a4,2026-04-11,free,US,24,7,5.1,5,15,28,1
usr_f06f4331387c,2026-03-18,free,BR,9,3,7.4,4,25,8,1
usr_3559a7064945,2026-02-13,pro,IN,34,6,16.4,4,5,73,0
usr_5e35c2f914c4,2026-03-30,pro,DE,47,12,12.7,8,2,85,0
usr_63e5a4a2d0af,2026-04-05,pro,IT,25,3,6.7,7,8,55,0
usr_20437541ae80,2026-03-10,pro,AU,42,13,22.2,5,0,88,0
usr_49a58e896921,2026-04-13,free,ES,12,4,2.9,1,14,23,1
usr_8539f92fed05,2026-04-22,free,IN,10,2,5.0,2,22,9,1
usr_8a9b181ab2d2,2026-02-27,free,ES,3,2,6.5,3,26,9,1
usr_75f6d4872fbb,2026-02-10,free,IN,41,10,5.0,1,3,63,0
usr_865e11e29ee2,2026-02-04,free,BR,40,8,13.4,4,3,73,0
usr_a6137e3334a3,2026-02-06,free,BR,26,9,1.0,1,4,45,0
usr_7da2d8f34d95,2026-04-21,free,IT,9,1,6.0,3,14,22,1
usr_968e4b454336,2026-03-19,pro,AU,33,8,5.0,3,8,58,1
usr_d290c21a33e0,2026-02-26,pro,IT,40,12,13.6,3,2,68,0
usr_ce5ac582d8fd,2026-02-23,free,DE,31,7,8.0,2,10,64,0
usr_ee058b304935,2026-02-07,free,IT,31,9,2.0,0,5,58,1
usr_1f2bb2cccddb,2026-02-03,pro,US,35,9,22.6,3,9,52,0
usr_4a80fbb25766,2026-04-12,free,DE,14,5,19.5,3,22,29,1
usr_dac4629f75b0,2026-04-11,free,IN,6,0,1.0,4,12,10,1
usr_44dc201387a8,2026-02-10,pro,ES,25,6,13.0,4,6,59,0
usr_ce854584d540,2026-03-17,pro,AU,45,9,14.9,4,0,94,0
usr_0179170b7648,2026-04-25,free,IT,29,4,2.7,2,3,57,0
usr_32d2e2efceac,2026-02-05,free,BR,9,2,6.7,3,13,39,1
usr_f4d26c878796,2026-04-07,pro,AU,32,7,13.5,6,9,56,0
usr_28417680261b,2026-03-22,free,DE,19,2,1.7,1,12,29,1
usr_4f1bec937c22,2026-02-18,enterprise,UK,35,10,43.4,10,1,76,0
usr_b01be6b4eaef,2025-12-02,free,FR,37,1,10.6,3,1,20,0,f5d16425-fa84-4f59-a8d1-44390c7bc161
usr_c2d991a261db,2024-04-25,free,US,11,14,10.7,0,3,86,0,f5d16425-fa84-4f59-a8d1-44390c7bc161
usr_c4a25392f837,2025-04-30,free,DE,29,9,6.0,0,27,67,0,f5d16425-fa84-4f59-a8d1-44390c7bc161
usr_e250a3ba227a,2025-05-21,pro,UK,2,0,5.1,1,26,78,0,f5d16425-fa84-4f59-a8d1-44390c7bc161
usr_27e30e574803,2025-02-19,free,FR,20,7,11.4,0,17,52,0,f5d16425-fa84-4f59-a8d1-44390c7bc161
usr_42299411e7ca,2025-02-20,pro,US,20,13,10.2,3,2,29,0,f5d16425-fa84-4f59-a8d1-44390c7bc161
usr_0d41c8c2cca4,2024-08-06,free,US,43,7,8.0,2,1,23,0,f5d16425-fa84-4f59-a8d1-44390c7bc161
usr_ca5b441ad079,2024-06-12,free,FR,30,9,8.4,2,28,71,0,f5d16425-fa84-4f59-a8d1-44390c7bc161
usr_77c02317b51d,2026-04-27,pro,UK,38,6,7.6,1,5,39,0,f5d16425-fa84-4f59-a8d1-44390c7bc161
usr_de58576718d9,2024-07-10,free,DE,18,11,6.5,5,28,50,0,f5d16425-fa84-4f59-a8d1-44390c7bc161
usr_85726d7440de,2026-03-04,free,US,41,10,12.9,1,20,36,0,f5d16425-fa84-4f59-a8d1-44390c7bc161
usr_3ba469c5ca21,2024-06-10,pro,DE,25,0,1.3,4,16,75,0,f5d16425-fa84-4f59-a8d1-44390c7bc161
usr_d0f17b75f000,2025-01-19,free,CA,38,2,17.3,4,2,11,0,f5d16425-fa84-4f59-a8d1-44390c7bc161
usr_0c1ace4c8d07,2025-03-06,free,DE,25,7,16.6,5,22,49,0,f5d16425-fa84-4f59-a8d1-44390c7bc161
usr_3d6db6a07b25,2024-05-05,free,UK,27,12,10.6,2,1,55,0,f5d16425-fa84-4f59-a8d1-44390c7bc161
usr_aff99a1088f4,2024-07-29,free,UK,8,9,5.4,1,14,17,0,f5d16425-fa84-4f59-a8d1-44390c7bc161
usr_3384c13578ae,2025-10-15,pro,FR,7,3,7.9,3,4,57,0,f5d16425-fa84-4f59-a8d1-44390c7bc161
usr_0af6b3ee649e,2026-04-19,pro,CA,29,3,3.4,3,0,37,0,f5d16425-fa84-4f59-a8d1-44390c7bc161
usr_194cc80ce32a,2024-06-15,free,DE,45,12,18.6,1,9,36,1,f5d16425-fa84-4f59-a8d1-44390c7bc161
usr_782a8d5e0afe,2025-09-15,pro,US,46,4,5.0,1,22,77,0,f5d16425-fa84-4f59-a8d1-44390c7bc161
usr_8ef961b31cf6,2024-12-01,free,FR,27,8,3.9,1,25,71,0,f5d16425-fa84-4f59-a8d1-44390c7bc161
usr_47acf71e214e,2026-04-30,free,DE,15,11,15.5,4,3,10,0,f5d16425-fa84-4f59-a8d1-44390c7bc161
usr_edb2f9e81fce,2026-02-19,free,FR,45,14,18.7,1,9,13,0,f5d16425-fa84-4f59-a8d1-44390c7bc161
usr_e7ef4450c45f,2024-02-16,free,UK,4,4,17.5,5,9,36,0,f5d16425-fa84-4f59-a8d1-44390c7bc161
usr_af2ac1097fb3,2024-03-09,pro,US,16,9,14.3,5,21,48,0,f5d16425-fa84-4f59-a8d1-44390c7bc161
usr_07fb93caf2e1,2024-02-20,free,US,18,8,12.7,5,7,73,0,f5d16425-fa84-4f59-a8d1-44390c7bc161
usr_b371b54a3364,2025-12-03,free,FR,22,1,9.9,0,18,65,1,f5d16425-fa84-4f59-a8d1-44390c7bc161
usr_e8f5922865cd,2024-02-22,free,DE,25,14,10.3,2,4,21,0,f5d16425-fa84-4f59-a8d1-44390c7bc161
usr_126a87787843,2024-06-06,free,CA,27,4,13.3,2,23,17,0,f5d16425-fa84-4f59-a8d1-44390c7bc161
usr_a6cf0df2ab53,2026-01-13,free,DE,5,2,12.2,5,0,39,0,f5d16425-fa84-4f59-a8d1-44390c7bc161
usr_b043540acce6,2025-10-18,free,DE,33,1,18.9,3,15,73,0,f5d16425-fa84-4f59-a8d1-44390c7bc161
usr_2a8be750b3e8,2025-08-01,free,UK,0,2,7.8,2,15,29,0,f5d16425-fa84-4f59-a8d1-44390c7bc161
usr_f8432090e821,2025-01-10,free,CA,7,9,18.9,0,4,47,0,f5d16425-fa84-4f59-a8d1-44390c7bc161
usr_3c4473372c4e,2026-01-31,pro,FR,43,5,13.2,1,16,23,0,f5d16425-fa84-4f59-a8d1-44390c7bc161
usr_7e7598b5a260,2026-02-19,free,UK,41,7,14.5,5,4,73,0,f5d16425-fa84-4f59-a8d1-44390c7bc161
usr_bb70cddbc4f2,2025-10-16,free,FR,0,9,3.3,0,12,20,0,f5d16425-fa84-4f59-a8d1-44390c7bc161
usr_07cb55b3aaad,2026-02-16,free,UK,26,10,18.4,0,12,15,0,f5d16425-fa84-4f59-a8d1-44390c7bc161
usr_0428240478ff,2025-02-23,enterprise,DE,41,0,16.2,1,19,17,0,f5d16425-fa84-4f59-a8d1-44390c7bc161
usr_871fde9f698a,2025-04-22,free,UK,27,7,14.8,2,8,19,0,f5d16425-fa84-4f59-a8d1-44390c7bc161
usr_99a8992238c2,2025-02-27,free,DE,19,8,12.9,3,5,21,0,f5d16425-fa84-4f59-a8d1-44390c7bc161
usr_4fe102302680,2025-08-11,free,DE,27,7,3.0,5,16,70,0,f5d16425-fa84-4f59-a8d1-44390c7bc161
usr_e48092c672bf,2025-05-31,free,UK,7,2,4.4,5,7,25,0,f5d16425-fa84-4f59-a8d1-44390c7bc161
usr_6b8cf826f7d8,2025-09-15,free,FR,30,1,16.1,1,28,27,0,f5d16425-fa84-4f59-a8d1-44390c7bc161
usr_12d6c3a70a80,2025-07-10,free,CA,33,4,17.6,3,13,49,0,f5d16425-fa84-4f59-a8d1-44390c7bc161
usr_b495ce84efa1,2024-12-07,free,US,9,7,1.7,3,9,60,0,f5d16425-fa84-4f59-a8d1-44390c7bc161
usr_98e4d9be57d2,2026-03-11,pro,FR,18,8,2.2,1,9,60,0,f5d16425-fa84-4f59-a8d1-44390c7bc161
usr_88a3bca28cbe,2025-03-30,enterprise,UK,36,7,14.0,5,0,83,0,f5d16425-fa84-4f59-a8d1-44390c7bc161
usr_30f9a3dd72a6,2024-10-11,pro,UK,39,2,11.2,2,19,62,1,f5d16425-fa84-4f59-a8d1-44390c7bc161
usr_72ae770d0e7e,2024-05-30,free,US,14,0,1.1,0,13,87,0,f5d16425-fa84-4f59-a8d1-44390c7bc161
usr_095b7be62106,2025-11-22,free,FR,37,14,13.5,3,8,88,0,f5d16425-fa84-4f59-a8d1-44390c7bc161
usr_36e0870f781f,2025-04-08,free,US,21,14,12.0,2,25,75,0,f5d16425-fa84-4f59-a8d1-44390c7bc161
usr_2987e195915a,2025-05-29,free,CA,43,0,17.7,2,9,19,0,f5d16425-fa84-4f59-a8d1-44390c7bc161
usr_819a3f933863,2025-11-14,free,DE,5,14,14.7,0,7,70,0,f5d16425-fa84-4f59-a8d1-44390c7bc161
usr_9b03caebb019,2025-06-03,free,FR,34,3,3.7,4,22,85,0,f5d16425-fa84-4f59-a8d1-44390c7bc161
usr_b924dab5d03e,2026-01-29,free,US,26,2,18.0,0,21,90,0,f5d16425-fa84-4f59-a8d1-44390c7bc161
usr_a06b12ab8468,2025-11-26,free,FR,31,3,19.8,2,2,14,0,f5d16425-fa84-4f59-a8d1-44390c7bc161
usr_d81c8bb6bd7c,2024-08-25,free,US,33,9,9.7,3,27,32,0,f5d16425-fa84-4f59-a8d1-44390c7bc161
usr_04421b82089d,2025-12-25,free,FR,36,5,9.6,2,9,48,0,f5d16425-fa84-4f59-a8d1-44390c7bc161
usr_ddcab6125a0c,2025-07-17,free,FR,46,14,17.0,5,14,48,0,f5d16425-fa84-4f59-a8d1-44390c7bc161
usr_c5c033fdb664,2024-09-09,pro,FR,18,11,3.2,5,11,30,0,f5d16425-fa84-4f59-a8d1-44390c7bc161
usr_e4fbd7b80938,2026-04-21,free,DE,46,11,5.9,0,16,75,0,f5d16425-fa84-4f59-a8d1-44390c7bc161
usr_9044085fff07,2024-07-10,pro,CA,14,6,18.3,5,11,17,1,f5d16425-fa84-4f59-a8d1-44390c7bc161
usr_9691f134a579,2024-04-03,free,UK,17,2,8.6,4,23,91,0,f5d16425-fa84-4f59-a8d1-44390c7bc161
usr_c8bf94806e13,2024-07-29,free,UK,19,3,7.1,5,27,35,0,f5d16425-fa84-4f59-a8d1-44390c7bc161
usr_c672989de65d,2025-02-02,free,CA,14,7,9.8,3,12,25,0,f5d16425-fa84-4f59-a8d1-44390c7bc161
usr_b1ada573ed4f,2025-01-15,free,US,20,8,2.7,4,0,79,0,f5d16425-fa84-4f59-a8d1-44390c7bc161
usr_5a103e36f1e0,2024-06-19,pro,CA,45,12,17.7,2,20,48,0,f5d16425-fa84-4f59-a8d1-44390c7bc161
usr_3e3f40067443,2024-11-18,free,FR,17,13,17.8,1,24,20,0,f5d16425-fa84-4f59-a8d1-44390c7bc161
usr_2920d4ba547b,2025-04-15,pro,FR,49,3,11.4,2,12,44,0,f5d16425-fa84-4f59-a8d1-44390c7bc161
usr_a352aec7aee7,2024-07-19,free,FR,34,14,17.8,2,4,15,0,f5d16425-fa84-4f59-a8d1-44390c7bc161
usr_20c1c5ae812e,2024-10-06,pro,US,33,14,4.6,1,1,60,0,f5d16425-fa84-4f59-a8d1-44390c7bc161
usr_37a6db85f069,2025-04-03,free,US,6,3,17.7,4,18,34,0,f5d16425-fa84-4f59-a8d1-44390c7bc161
usr_f79199ceed9b,2024-08-24,free,CA,48,4,2.5,0,18,94,0,f5d16425-fa84-4f59-a8d1-44390c7bc161
usr_fc2aef58950b,2024-06-16,free,UK,9,13,18.9,4,17,60,0,f5d16425-fa84-4f59-a8d1-44390c7bc161
usr_fa6b3baa1f5a,2024-10-03,free,FR,8,3,5.1,2,26,45,0,f5d16425-fa84-4f59-a8d1-44390c7bc161
usr_7f1b8a90661d,2025-08-28,free,FR,43,3,10.9,3,27,66,0,f5d16425-fa84-4f59-a8d1-44390c7bc161
usr_17539548ad5b,2026-04-01,free,FR,47,10,5.2,3,26,22,0,f5d16425-fa84-4f59-a8d1-44390c7bc161
usr_eb3571766e5e,2025-08-31,free,DE,13,0,3.1,3,0,43,0,f5d16425-fa84-4f59-a8d1-44390c7bc161
usr_02f7393efb7b,2024-01-20,free,DE,41,10,17.2,3,29,89,0,f5d16425-fa84-4f59-a8d1-44390c7bc161
usr_24480b4524ef,2024-03-16,free,DE,36,14,5.3,0,14,88,0,f5d16425-fa84-4f59-a8d1-44390c7bc161
usr_926bf4a36ec1,2025-01-05,pro,UK,36,12,16.3,2,2,47,0,f5d16425-fa84-4f59-a8d1-44390c7bc161
usr_52a31af1311d,2024-04-04,pro,DE,44,8,1.4,1,23,28,1,f5d16425-fa84-4f59-a8d1-44390c7bc161
usr_d3187398a5b2,2024-02-12,pro,DE,2,11,12.0,4,27,93,1,f5d16425-fa84-4f59-a8d1-44390c7bc161
usr_a5e672a0e1ba,2024-02-17,free,DE,45,1,9.0,4,6,56,0,f5d16425-fa84-4f59-a8d1-44390c7bc161
usr_215c024ae11b,2024-01-17,free,DE,47,9,1.2,4,0,55,0,f5d16425-fa84-4f59-a8d1-44390c7bc161
usr_0740219ae129,2025-03-08,pro,US,39,12,19.4,4,2,23,0,f5d16425-fa84-4f59-a8d1-44390c7bc161
usr_d4167a331329,2024-10-13,free,UK,3,3,8.8,5,15,84,0,f5d16425-fa84-4f59-a8d1-44390c7bc161
usr_7d0325d9072c,2024-11-29,free,CA,32,8,1.6,5,21,63,0,f5d16425-fa84-4f59-a8d1-44390c7bc161
usr_042c50318bfe,2025-11-05,free,CA,3,13,11.5,2,6,49,1,f5d16425-fa84-4f59-a8d1-44390c7bc161
usr_ddcd02e06f10,2025-02-16,free,UK,40,1,4.7,4,17,35,0,f5d16425-fa84-4f59-a8d1-44390c7bc161
usr_29f5241cb081,2024-10-24,free,CA,38,5,7.0,3,4,35,1,f5d16425-fa84-4f59-a8d1-44390c7bc161
usr_382888140da7,2024-11-29,free,UK,49,0,12.0,3,6,20,0,f5d16425-fa84-4f59-a8d1-44390c7bc161
usr_fd5301be2d85,2024-06-11,free,UK,17,9,9.5,4,12,69,0,f5d16425-fa84-4f59-a8d1-44390c7bc161
usr_ec81d14c3ac8,2025-04-23,free,UK,20,4,9.5,0,17,19,0,f5d16425-fa84-4f59-a8d1-44390c7bc161
usr_108faf06944c,2025-04-06,free,DE,20,0,16.4,5,3,25,1,f5d16425-fa84-4f59-a8d1-44390c7bc161
usr_5b8628287860,2025-03-03,enterprise,CA,47,2,6.2,2,24,38,1,f5d16425-fa84-4f59-a8d1-44390c7bc161
usr_96182e2d139a,2025-05-21,free,DE,32,2,14.5,4,16,16,0,f5d16425-fa84-4f59-a8d1-44390c7bc161
usr_9c7d0c39632f,2024-07-10,free,UK,17,2,17.3,4,21,11,0,f5d16425-fa84-4f59-a8d1-44390c7bc161
usr_3095a1207004,2024-09-29,free,UK,25,10,20.0,1,24,25,0,f5d16425-fa84-4f59-a8d1-44390c7bc161
usr_0568b5216772,2024-08-21,pro,UK,29,11,14.5,5,22,58,0,f5d16425-fa84-4f59-a8d1-44390c7bc161
usr_44123dcabe4e,2025-11-09,free,UK,48,4,3.0,4,6,56,0,f5d16425-fa84-4f59-a8d1-44390c7bc161
usr_b2e456cced02,2025-12-05,free,FR,13,0,8.6,3,3,56,0,f5d16425-fa84-4f59-a8d1-44390c7bc161
usr_36f25a9f84cc,2024-06-26,free,DE,36,8,12.9,1,6,71,0,f5d16425-fa84-4f59-a8d1-44390c7bc161
usr_8121232c123b,2024-02-15,free,UK,8,13,5.6,4,2,46,1,f5d16425-fa84-4f59-a8d1-44390c7bc161
usr_1ca5ecf16f27,2025-03-27,free,CA,14,1,3.4,0,13,34,1,f5d16425-fa84-4f59-a8d1-44390c7bc161
usr_60f6736d6cf7,2024-06-04,free,US,43,10,3.5,1,0,11,0,f5d16425-fa84-4f59-a8d1-44390c7bc161
usr_50b80fa7cfeb,2024-11-23,free,FR,28,14,4.0,0,9,20,0,f5d16425-fa84-4f59-a8d1-44390c7bc161
usr_192381f84e4f,2024-06-18,free,CA,15,5,13.3,2,17,23,0,f5d16425-fa84-4f59-a8d1-44390c7bc161
usr_19f98cb7bc2d,2025-06-22,pro,CA,13,14,4.9,3,21,11,0,f5d16425-fa84-4f59-a8d1-44390c7bc161
usr_c873be0a298f,2025-09-02,free,US,39,5,15.4,3,7,78,0,f5d16425-fa84-4f59-a8d1-44390c7bc161
usr_07a227ef81e0,2024-08-26,free,FR,11,7,9.1,3,18,86,0,f5d16425-fa84-4f59-a8d1-44390c7bc161
usr_34de9933ebbb,2025-11-26,free,UK,3,9,10.4,1,20,88,0,f5d16425-fa84-4f59-a8d1-44390c7bc161
usr_618778658f97,2024-07-18,free,FR,1,12,17.8,2,14,16,0,f5d16425-fa84-4f59-a8d1-44390c7bc161
usr_23d95b55492b,2024-07-14,pro,UK,4,4,7.6,1,17,29,0,f5d16425-fa84-4f59-a8d1-44390c7bc161
usr_6f5dfd3518b4,2025-09-16,free,CA,14,0,8.6,5,26,93,0,f5d16425-fa84-4f59-a8d1-44390c7bc161
usr_073106399c44,2024-07-24,free,UK,24,1,15.6,0,2,90,0,f5d16425-fa84-4f59-a8d1-44390c7bc161
usr_2e6498cc7793,2025-09-14,free,DE,28,3,15.3,0,23,52,0,f5d16425-fa84-4f59-a8d1-44390c7bc161
usr_2cc8ea985df3,2025-11-25,pro,US,47,13,15.4,3,16,34,0,f5d16425-fa84-4f59-a8d1-44390c7bc161
usr_719437b1f37c,2026-02-24,free,DE,30,10,11.5,2,10,35,0,f5d16425-fa84-4f59-a8d1-44390c7bc161
usr_96117b4c8d8e,2024-06-20,enterprise,UK,43,7,7.7,1,5,57,1,f5d16425-fa84-4f59-a8d1-44390c7bc161
usr_3c73e378e9a2,2024-09-30,free,UK,3,9,12.3,1,28,72,0,f5d16425-fa84-4f59-a8d1-44390c7bc161
usr_41fbe2be58fb,2024-10-08,free,DE,41,10,9.6,1,17,81,0,f5d16425-fa84-4f59-a8d1-44390c7bc161
usr_749a8885ad40,2025-08-19,free,FR,35,3,15.1,4,27,90,0,f5d16425-fa84-4f59-a8d1-44390c7bc161
usr_da98fd85cd5f,2025-06-18,free,FR,2,7,10.6,0,29,82,1,f5d16425-fa84-4f59-a8d1-44390c7bc161
usr_da230c00d904,2024-07-28,free,FR,43,1,14.7,1,20,18,0,f5d16425-fa84-4f59-a8d1-44390c7bc161
usr_16ffb6d26127,2025-02-27,free,US,5,8,5.8,2,9,37,0,f5d16425-fa84-4f59-a8d1-44390c7bc161
usr_65a615f1e1b5,2024-01-01,pro,DE,2,13,17.8,3,23,19,0,f5d16425-fa84-4f59-a8d1-44390c7bc161
usr_8e1083c47e97,2025-06-06,free,UK,39,1,19.8,1,1,82,1,f5d16425-fa84-4f59-a8d1-44390c7bc161
usr_fad7027a21b0,2024-11-04,enterprise,CA,48,14,1.7,3,9,49,1,f5d16425-fa84-4f59-a8d1-44390c7bc161
usr_019eb9896c3b,2024-08-22,free,US,32,12,4.3,1,24,59,0,f5d16425-fa84-4f59-a8d1-44390c7bc161
usr_aa200230709d,2025-06-03,free,US,4,14,7.8,1,8,11,0,f5d16425-fa84-4f59-a8d1-44390c7bc161
usr_4c2de8ec88de,2025-04-05,free,UK,37,1,4.4,3,0,32,0,f5d16425-fa84-4f59-a8d1-44390c7bc161
usr_2146275a107b,2024-12-09,pro,DE,38,9,7.9,4,29,90,0,f5d16425-fa84-4f59-a8d1-44390c7bc161
usr_3f5d94a1da89,2025-09-06,free,CA,19,5,18.6,5,29,27,0,f5d16425-fa84-4f59-a8d1-44390c7bc161
usr_1e2661ce4efe,2024-01-27,pro,UK,18,5,1.2,0,28,75,0,f5d16425-fa84-4f59-a8d1-44390c7bc161
usr_d5564b993738,2024-09-18,free,DE,8,10,13.2,1,3,91,0,f5d16425-fa84-4f59-a8d1-44390c7bc161
usr_a1d5c0c896b5,2025-07-18,free,DE,1,14,12.0,5,27,86,0,f5d16425-fa84-4f59-a8d1-44390c7bc161
usr_a7dfefa94ead,2024-05-18,free,DE,7,8,2.4,1,20,53,0,f5d16425-fa84-4f59-a8d1-44390c7bc161
usr_bf177334f84a,2025-03-18,pro,US,18,5,5.0,4,7,62,0,f5d16425-fa84-4f59-a8d1-44390c7bc161
usr_01c4992af104,2024-10-06,free,FR,2,13,15.2,1,15,51,1,f5d16425-fa84-4f59-a8d1-44390c7bc161
usr_a5806deb134d,2026-01-03,free,CA,1,5,14.4,4,6,60,0,f5d16425-fa84-4f59-a8d1-44390c7bc161
usr_7bae3475cc23,2024-07-30,free,DE,19,8,1.0,5,4,51,0,f5d16425-fa84-4f59-a8d1-44390c7bc161
usr_1a4c775f1d7d,2026-01-25,pro,DE,40,10,19.6,5,29,53,0,f5d16425-fa84-4f59-a8d1-44390c7bc161
usr_71a37fa7d524,2025-03-29,free,DE,23,2,6.2,5,15,53,0,f5d16425-fa84-4f59-a8d1-44390c7bc161
usr_b53f24f443e9,2024-04-28,free,DE,34,6,14.2,1,25,37,0,f5d16425-fa84-4f59-a8d1-44390c7bc161
usr_84407c57251d,2025-08-31,free,FR,36,11,13.5,2,7,13,0,f5d16425-fa84-4f59-a8d1-44390c7bc161
usr_bda039797be9,2024-05-05,free,DE,16,7,3.3,0,7,37,1,f5d16425-fa84-4f59-a8d1-44390c7bc161
usr_d9c7bab96d76,2024-05-20,free,CA,13,13,9.3,4,27,53,0,f5d16425-fa84-4f59-a8d1-44390c7bc161
usr_59f4439b2d01,2025-08-01,free,US,44,9,17.5,1,13,62,0,f5d16425-fa84-4f59-a8d1-44390c7bc161
usr_d66bb30041c2,2025-12-18,free,CA,16,14,13.6,4,8,55,0,f5d16425-fa84-4f59-a8d1-44390c7bc161
usr_8357da8a716b,2025-03-12,free,CA,14,11,5.5,1,0,60,0,f5d16425-fa84-4f59-a8d1-44390c7bc161
usr_9be2af5b39e0,2025-05-24,free,FR,40,6,19.3,1,24,15,0,f5d16425-fa84-4f59-a8d1-44390c7bc161
usr_b78b670f5b57,2024-08-31,free,DE,39,4,17.3,3,15,10,0,f5d16425-fa84-4f59-a8d1-44390c7bc161
usr_c7b30d560b9b,2026-03-19,free,DE,40,0,18.0,2,13,31,0,f5d16425-fa84-4f59-a8d1-44390c7bc161
usr_06f1a0b919f6,2024-11-20,free,CA,32,7,4.3,3,15,37,0,f5d16425-fa84-4f59-a8d1-44390c7bc161
usr_722138f5359b,2026-04-15,free,DE,41,8,1.1,4,20,66,0,f5d16425-fa84-4f59-a8d1-44390c7bc161
usr_4c39bb1708e0,2025-02-24,free,DE,7,11,2.9,0,26,74,0,f5d16425-fa84-4f59-a8d1-44390c7bc161
usr_d160d9e91a77,2024-10-11,free,UK,2,1,15.5,3,0,66,0,f5d16425-fa84-4f59-a8d1-44390c7bc161
usr_b16c3b2686e5,2025-12-04,pro,UK,12,10,15.0,5,9,93,0,f5d16425-fa84-4f59-a8d1-44390c7bc161
usr_b813f32432cf,2024-04-21,enterprise,US,21,13,13.5,3,23,17,0,f5d16425-fa84-4f59-a8d1-44390c7bc161
usr_02cf6a3c4ac1,2025-02-06,free,DE,1,6,13.4,0,9,46,1,f5d16425-fa84-4f59-a8d1-44390c7bc161
usr_17bce2e8c87d,2025-08-07,free,DE,30,3,13.0,1,7,68,1,f5d16425-fa84-4f59-a8d1-44390c7bc161
usr_93ddf064126a,2024-01-03,free,FR,29,11,4.6,1,10,61,0,f5d16425-fa84-4f59-a8d1-44390c7bc161
usr_c29624347794,2024-07-04,free,US,19,13,6.9,3,17,65,0,f5d16425-fa84-4f59-a8d1-44390c7bc161
usr_f0c67d11ae11,2025-07-28,free,US,25,7,15.1,4,2,77,0,f5d16425-fa84-4f59-a8d1-44390c7bc161
usr_33ef4588b723,2025-08-10,free,CA,2,9,18.6,0,22,55,0,f5d16425-fa84-4f59-a8d1-44390c7bc161
usr_611c17aaa559,2025-02-07,free,CA,6,6,1.0,2,19,53,0,f5d16425-fa84-4f59-a8d1-44390c7bc161
usr_4f620fef4367,2026-02-25,free,DE,11,1,15.6,0,19,60,0,f5d16425-fa84-4f59-a8d1-44390c7bc161
usr_d2b9a8e66ddf,2024-03-25,free,CA,35,13,15.5,2,19,63,0,f5d16425-fa84-4f59-a8d1-44390c7bc161
usr_05ee3e7d1f7d,2025-01-16,free,FR,21,13,18.2,5,2,84,0,f5d16425-fa84-4f59-a8d1-44390c7bc161
usr_85341a35db21,2024-01-05,free,US,33,2,7.2,0,10,65,0,f5d16425-fa84-4f59-a8d1-44390c7bc161
usr_6dea70ad0bc3,2024-05-25,free,FR,17,1,1.8,2,6,11,0,f5d16425-fa84-4f59-a8d1-44390c7bc161
usr_640b1e8f4fb6,2025-07-20,free,CA,7,0,12.2,0,16,68,0,f5d16425-fa84-4f59-a8d1-44390c7bc161
usr_60d3e52b847f,2024-09-25,free,US,29,7,7.8,2,13,39,0,f5d16425-fa84-4f59-a8d1-44390c7bc161
usr_e5a48f008f24,2025-01-09,free,CA,22,0,13.0,0,19,72,0,f5d16425-fa84-4f59-a8d1-44390c7bc161
usr_b39e4ead3057,2026-02-27,free,US,32,3,11.8,4,23,37,0,f5d16425-fa84-4f59-a8d1-44390c7bc161
usr_809f810330ea,2024-11-04,free,DE,35,6,3.0,3,17,60,0,f5d16425-fa84-4f59-a8d1-44390c7bc161
usr_dd46d07fe0c1,2024-03-13,free,DE,9,4,3.4,3,8,28,1,f5d16425-fa84-4f59-a8d1-44390c7bc161
usr_bd099043ec66,2024-04-03,pro,CA,15,3,19.8,5,1,88,0,f5d16425-fa84-4f59-a8d1-44390c7bc161
usr_01933e04c19a,2026-02-17,free,FR,28,10,14.2,4,28,87,0,f5d16425-fa84-4f59-a8d1-44390c7bc161
usr_78ab2caa030e,2024-12-30,free,DE,15,10,17.8,4,10,72,0,f5d16425-fa84-4f59-a8d1-44390c7bc161
usr_37e27ea363cd,2024-03-29,free,UK,30,12,15.8,1,9,54,0,f5d16425-fa84-4f59-a8d1-44390c7bc161
usr_f8b02032248e,2025-05-02,free,FR,21,8,18.6,2,28,19,1,f5d16425-fa84-4f59-a8d1-44390c7bc161
usr_6ed433c746a0,2026-04-30,free,UK,49,10,1.5,4,9,91,1,f5d16425-fa84-4f59-a8d1-44390c7bc161
usr_f6e9e15e8067,2026-03-14,pro,CA,14,4,9.9,0,24,85,0,f5d16425-fa84-4f59-a8d1-44390c7bc161
usr_242b7372eebe,2025-12-03,pro,US,23,3,9.8,5,26,52,0,f5d16425-fa84-4f59-a8d1-44390c7bc161
usr_128475a6708d,2025-07-10,free,CA,32,13,20.0,0,18,47,0,f5d16425-fa84-4f59-a8d1-44390c7bc161
usr_f34e440067fc,2025-09-03,free,DE,48,8,7.0,2,14,66,0,f5d16425-fa84-4f59-a8d1-44390c7bc161
usr_07f9e2d58188,2024-06-20,free,FR,27,13,5.4,4,3,72,0,f5d16425-fa84-4f59-a8d1-44390c7bc161
usr_d777c7274aab,2024-11-06,free,US,5,4,9.4,0,28,50,0,f5d16425-fa84-4f59-a8d1-44390c7bc161
usr_d922cb82db60,2024-02-10,free,CA,44,8,4.8,3,9,59,0,f5d16425-fa84-4f59-a8d1-44390c7bc161
usr_844af0fc4b45,2025-02-27,free,CA,17,5,7.9,3,20,14,0,f5d16425-fa84-4f59-a8d1-44390c7bc161
usr_9ed1dd0764b4,2025-02-22,pro,FR,42,1,16.2,4,7,68,0,f5d16425-fa84-4f59-a8d1-44390c7bc161
usr_8038eee1d105,2025-10-02,free,CA,38,7,1.5,0,15,67,1,f5d16425-fa84-4f59-a8d1-44390c7bc161
usr_67bce9e2f5b3,2024-04-06,free,FR,1,8,10.1,2,11,45,0,f5d16425-fa84-4f59-a8d1-44390c7bc161
usr_d9300218f030,2025-09-02,pro,DE,11,8,8.4,1,26,16,0,f5d16425-fa84-4f59-a8d1-44390c7bc161
usr_07ab55fa58f8,2024-04-04,free,DE,1,8,12.9,0,6,78,1,f5d16425-fa84-4f59-a8d1-44390c7bc161
usr_56a61cb124dc,2024-10-11,free,DE,41,2,17.5,0,23,56,0,f5d16425-fa84-4f59-a8d1-44390c7bc161
usr_e741412a6293,2025-05-30,free,FR,4,10,6.0,1,5,37,0,f5d16425-fa84-4f59-a8d1-44390c7bc161
usr_82f52ff56403,2025-06-09,pro,UK,10,5,12.4,3,13,50,1,f5d16425-fa84-4f59-a8d1-44390c7bc161
usr_4142ad2fe94b,2025-09-13,free,DE,45,2,18.3,4,8,51,0,f5d16425-fa84-4f59-a8d1-44390c7bc161
usr_b3ff3b4615be,2025-11-16,free,UK,48,9,10.1,0,23,91,0,f5d16425-fa84-4f59-a8d1-44390c7bc161
usr_b06ec8285af7,2025-06-25,free,UK,29,7,7.9,4,19,80,0,f5d16425-fa84-4f59-a8d1-44390c7bc161
usr_3d66b1abec7b,2025-09-13,pro,FR,22,8,7.9,2,16,48,0,f5d16425-fa84-4f59-a8d1-44390c7bc161
usr_edaab7c63c1e,2025-02-04,free,FR,4,4,15.2,2,18,84,0,f5d16425-fa84-4f59-a8d1-44390c7bc161
usr_291d5e6cf6bc,2025-02-22,free,US,14,2,14.0,4,27,43,0,f5d16425-fa84-4f59-a8d1-44390c7bc161
usr_eddced44bc3f,2025-05-19,free,UK,15,3,10.4,1,7,13,0,f5d16425-fa84-4f59-a8d1-44390c7bc161
usr_e97afc55f368,2024-05-10,free,FR,49,3,13.6,2,13,76,0,f5d16425-fa84-4f59-a8d1-44390c7bc161
usr_054c1299da12,2025-07-17,free,CA,13,8,15.7,3,8,90,0,f5d16425-fa84-4f59-a8d1-44390c7bc161
usr_50d84ce24ab1,2026-04-24,free,UK,33,14,18.0,5,11,71,0,f5d16425-fa84-4f59-a8d1-44390c7bc161
usr_a070c922d412,2025-03-24,pro,UK,2,13,1.2,3,7,31,0,f5d16425-fa84-4f59-a8d1-44390c7bc161
usr_78dc9df2d3af,2025-04-04,free,CA,8,1,10.6,5,15,64,0,f5d16425-fa84-4f59-a8d1-44390c7bc161
usr_745704224314,2026-04-25,free,US,6,8,6.4,4,12,43,0,f5d16425-fa84-4f59-a8d1-44390c7bc161
usr_672632994670,2024-09-27,free,US,44,13,9.5,3,10,45,1,f5d16425-fa84-4f59-a8d1-44390c7bc161
usr_d2a8450e8e2c,2024-01-16,free,UK,44,12,4.3,4,4,78,0,f5d16425-fa84-4f59-a8d1-44390c7bc161
usr_59b2ab596e37,2024-08-22,free,UK,11,7,12.2,4,6,80,0,f5d16425-fa84-4f59-a8d1-44390c7bc161
usr_b8ef467cb4d1,2025-08-16,free,CA,7,8,19.7,2,18,86,1,f5d16425-fa84-4f59-a8d1-44390c7bc161
usr_6b373292875b,2024-05-27,pro,DE,18,7,18.4,0,27,23,0,f5d16425-fa84-4f59-a8d1-44390c7bc161
usr_41fd7b7d0e74,2024-11-20,free,UK,21,10,17.2,5,12,10,0,f5d16425-fa84-4f59-a8d1-44390c7bc161
usr_cd32a4be5d5e,2024-10-20,pro,DE,34,0,11.8,0,12,83,0,f5d16425-fa84-4f59-a8d1-44390c7bc161
usr_c36b7d0d43d5,2025-12-01,free,DE,45,4,7.6,1,11,30,0,f5d16425-fa84-4f59-a8d1-44390c7bc161
usr_5b62fc4dc28f,2024-02-17,free,UK,44,9,5.5,0,9,23,0,f5d16425-fa84-4f59-a8d1-44390c7bc161
usr_5e7e8cc18d1e,2024-03-27,free,UK,22,8,18.1,3,5,40,0,f5d16425-fa84-4f59-a8d1-44390c7bc161
usr_180dad214787,2024-07-12,pro,US,28,12,7.6,5,6,31,0,f5d16425-fa84-4f59-a8d1-44390c7bc161
usr_8b471ad57997,2024-05-05,free,CA,6,7,2.8,5,26,29,0,f5d16425-fa84-4f59-a8d1-44390c7bc161
usr_db70426a99bf,2024-03-24,pro,CA,21,0,14.1,3,25,73,1,f5d16425-fa84-4f59-a8d1-44390c7bc161
usr_987771409d85,2025-02-05,pro,UK,6,9,13.7,3,18,79,0,f5d16425-fa84-4f59-a8d1-44390c7bc161
usr_c1440b9dec32,2025-05-17,free,UK,6,2,17.5,1,23,36,0,f5d16425-fa84-4f59-a8d1-44390c7bc161
usr_2d8ae785d98a,2025-08-14,free,FR,30,7,15.7,0,25,47,0,f5d16425-fa84-4f59-a8d1-44390c7bc161
usr_dc3af880d225,2024-02-17,pro,FR,28,0,8.6,3,16,56,0,f5d16425-fa84-4f59-a8d1-44390c7bc161
usr_6dbf9fb979dd,2026-02-05,free,US,36,12,18.1,3,29,65,0,f5d16425-fa84-4f59-a8d1-44390c7bc161
usr_e46b7905ed0b,2026-03-12,free,FR,5,1,16.7,5,12,44,0,f5d16425-fa84-4f59-a8d1-44390c7bc161
usr_095a323e7abf,2025-05-10,pro,UK,4,0,9.7,2,8,46,0,f5d16425-fa84-4f59-a8d1-44390c7bc161
usr_76ab1ae64541,2025-03-05,free,US,9,0,11.7,3,13,17,1,f5d16425-fa84-4f59-a8d1-44390c7bc161
usr_0e0acb01fbc8,2024-08-16,free,UK,37,2,6.2,5,18,52,0,f5d16425-fa84-4f59-a8d1-44390c7bc161
usr_5bc539452d73,2025-04-01,pro,UK,37,2,5.4,1,4,44,1,f5d16425-fa84-4f59-a8d1-44390c7bc161
usr_9b88a10111cf,2024-02-21,pro,FR,4,1,12.4,0,2,48,0,f5d16425-fa84-4f59-a8d1-44390c7bc161
usr_ac84f624cab7,2025-04-17,pro,US,46,12,7.4,5,7,90,1,f5d16425-fa84-4f59-a8d1-44390c7bc161
usr_361fac31f0d3,2024-03-21,free,FR,3,0,4.5,2,2,36,0,f5d16425-fa84-4f59-a8d1-44390c7bc161
usr_3cba633816fb,2024-09-06,free,US,30,14,14.7,3,11,68,0,f5d16425-fa84-4f59-a8d1-44390c7bc161
usr_e97b3c9bbd73,2024-02-28,free,FR,40,9,11.5,5,2,65,0,f5d16425-fa84-4f59-a8d1-44390c7bc161
usr_22a200788b96,2025-12-08,pro,CA,13,8,8.4,3,8,11,0,f5d16425-fa84-4f59-a8d1-44390c7bc161
usr_a755425162eb,2025-05-01,free,CA,47,5,11.3,3,11,53,0,f5d16425-fa84-4f59-a8d1-44390c7bc161
usr_5925a635b62a,2025-12-14,free,DE,49,14,3.8,5,26,80,0,f5d16425-fa84-4f59-a8d1-44390c7bc161
usr_3e1d381bb951,2025-06-29,free,CA,32,1,6.5,3,3,58,0,f5d16425-fa84-4f59-a8d1-44390c7bc161
usr_23a590a2abb4,2024-06-09,free,DE,2,14,9.2,3,23,79,1,f5d16425-fa84-4f59-a8d1-44390c7bc161
usr_42d422acef2e,2024-04-16,free,US,46,5,16.6,5,15,23,0,f5d16425-fa84-4f59-a8d1-44390c7bc161
usr_f60a213173e2,2026-04-15,free,US,39,14,6.0,5,13,65,0,f5d16425-fa84-4f59-a8d1-44390c7bc161
usr_635fcbccca80,2024-07-14,free,DE,5,6,16.0,4,8,19,0,f5d16425-fa84-4f59-a8d1-44390c7bc161
usr_f5db1de004d7,2024-05-14,pro,FR,20,13,1.4,2,20,27,0,f5d16425-fa84-4f59-a8d1-44390c7bc161
usr_bb613020c4b8,2025-11-17,free,US,43,11,7.4,4,20,50,1,f5d16425-fa84-4f59-a8d1-44390c7bc161
usr_05ad86fa8433,2026-01-11,free,DE,41,3,1.9,4,16,40,0,f5d16425-fa84-4f59-a8d1-44390c7bc161
usr_c8e2046f0377,2025-09-19,pro,US,9,12,10.1,5,10,27,0,f5d16425-fa84-4f59-a8d1-44390c7bc161
usr_2d8f87dd5b81,2025-01-07,pro,CA,13,3,8.3,2,17,69,1,f5d16425-fa84-4f59-a8d1-44390c7bc161
usr_c6ee56239a86,2025-12-29,free,UK,36,8,11.8,1,18,19,0,f5d16425-fa84-4f59-a8d1-44390c7bc161
usr_66698f88a67b,2025-04-16,free,US,9,9,15.0,0,18,36,0,f5d16425-fa84-4f59-a8d1-44390c7bc161
usr_2628a8ebae13,2026-04-16,free,DE,40,0,17.9,5,7,48,0,f5d16425-fa84-4f59-a8d1-44390c7bc161
usr_adc7a9f149c1,2025-11-07,free,DE,11,5,13.1,0,20,19,0,f5d16425-fa84-4f59-a8d1-44390c7bc161
usr_e1f3e25709b9,2025-08-20,free,DE,34,8,5.6,5,7,42,0,f5d16425-fa84-4f59-a8d1-44390c7bc161
usr_4e7751e4259b,2026-01-20,free,DE,46,2,19.3,3,18,71,1,f5d16425-fa84-4f59-a8d1-44390c7bc161
usr_94cee6ac51f1,2026-04-15,free,CA,47,2,14.6,3,8,36,1,f5d16425-fa84-4f59-a8d1-44390c7bc161
usr_9f93d7cb876d,2024-06-26,free,UK,2,4,17.6,0,26,66,1,f5d16425-fa84-4f59-a8d1-44390c7bc161
usr_eba6739ee03a,2025-09-08,free,US,31,6,15.9,3,7,17,0,f5d16425-fa84-4f59-a8d1-44390c7bc161
usr_a8bb30374ebe,2025-04-04,pro,UK,17,1,11.2,3,13,75,0,f5d16425-fa84-4f59-a8d1-44390c7bc161
usr_983505edaabf,2024-10-23,free,UK,34,14,9.1,2,14,73,0,f5d16425-fa84-4f59-a8d1-44390c7bc161
usr_d90905339eac,2025-03-23,free,FR,29,10,14.3,5,5,81,0,f5d16425-fa84-4f59-a8d1-44390c7bc161
usr_64198261f984,2024-03-03,free,US,13,13,18.5,1,2,90,1,f5d16425-fa84-4f59-a8d1-44390c7bc161
usr_25b631e040e9,2024-03-27,free,UK,38,1,18.6,2,11,49,0,f5d16425-fa84-4f59-a8d1-44390c7bc161
usr_3ac45a2befab,2025-01-15,free,FR,4,11,1.3,3,3,52,0,f5d16425-fa84-4f59-a8d1-44390c7bc161
usr_ff916d97c3a1,2026-03-07,free,CA,2,4,18.2,3,1,13,0,f5d16425-fa84-4f59-a8d1-44390c7bc161
usr_70c758bb1113,2024-05-29,pro,CA,8,8,16.8,5,19,10,1,f5d16425-fa84-4f59-a8d1-44390c7bc161
usr_bd5e0bf47a09,2024-05-18,free,DE,33,2,3.7,2,18,46,0,f5d16425-fa84-4f59-a8d1-44390c7bc161
usr_40695c8f32a3,2024-12-08,free,DE,37,4,9.8,4,27,29,1,f5d16425-fa84-4f59-a8d1-44390c7bc161
usr_5d3d407b16d0,2024-11-02,free,FR,23,9,16.7,3,16,82,0,f5d16425-fa84-4f59-a8d1-44390c7bc161
usr_f703addcdee8,2024-10-25,free,DE,29,0,10.1,4,17,82,0,f5d16425-fa84-4f59-a8d1-44390c7bc161
usr_bbaa48741ba7,2026-01-17,free,CA,49,3,2.1,4,20,75,0,f5d16425-fa84-4f59-a8d1-44390c7bc161
usr_9538e2061759,2025-04-20,free,DE,43,7,10.6,1,17,18,1,f5d16425-fa84-4f59-a8d1-44390c7bc161
usr_759c01c06d23,2025-01-18,free,CA,10,8,6.4,5,26,79,0,f5d16425-fa84-4f59-a8d1-44390c7bc161
usr_aa85a9ef20e4,2024-12-08,pro,US,21,10,11.8,2,13,49,0,f5d16425-fa84-4f59-a8d1-44390c7bc161
usr_ddcecd98b50b,2024-02-19,free,UK,30,6,14.0,2,13,89,0,f5d16425-fa84-4f59-a8d1-44390c7bc161
usr_7c866009b0b7,2025-05-11,free,CA,8,3,16.8,2,15,40,0,f5d16425-fa84-4f59-a8d1-44390c7bc161
usr_1cf20e82da37,2024-08-27,free,DE,3,14,9.0,0,6,75,0,f5d16425-fa84-4f59-a8d1-44390c7bc161
usr_c15278c8c36d,2024-09-12,pro,DE,34,14,11.3,3,18,18,0,f5d16425-fa84-4f59-a8d1-44390c7bc161
usr_66f5fdcf1acf,2024-02-06,free,CA,12,11,19.3,0,5,20,1,f5d16425-fa84-4f59-a8d1-44390c7bc161
usr_f91c26075eef,2025-09-10,pro,FR,7,2,18.7,1,29,45,0,f5d16425-fa84-4f59-a8d1-44390c7bc161
usr_711719aaa0fb,2026-02-11,pro,US,46,2,11.7,3,11,88,0,f5d16425-fa84-4f59-a8d1-44390c7bc161
usr_1c1b1bfc599b,2024-09-18,free,UK,33,9,17.8,0,18,12,1,f5d16425-fa84-4f59-a8d1-44390c7bc161
usr_43207634fcba,2026-02-04,free,DE,23,13,8.2,0,29,37,0,f5d16425-fa84-4f59-a8d1-44390c7bc161
usr_8964cec251c9,2024-05-29,free,CA,32,7,3.1,2,1,16,0,f5d16425-fa84-4f59-a8d1-44390c7bc161
usr_8edfc2da19fb,2024-11-20,free,FR,44,12,8.1,0,10,60,0,f5d16425-fa84-4f59-a8d1-44390c7bc161
usr_662381ffaa41,2024-04-03,pro,CA,6,14,6.6,0,5,32,1,f5d16425-fa84-4f59-a8d1-44390c7bc161
usr_1146e6d685f7,2026-03-19,pro,UK,19,3,9.2,1,0,20,1,f5d16425-fa84-4f59-a8d1-44390c7bc161
usr_34e5d96ede9f,2025-08-24,free,US,47,10,5.3,0,3,13,0,f5d16425-fa84-4f59-a8d1-44390c7bc161
usr_c2f5d634228f,2025-09-15,free,US,10,7,19.6,3,23,80,0,f5d16425-fa84-4f59-a8d1-44390c7bc161
usr_bd1ad27ff49f,2024-05-02,free,DE,49,10,10.6,0,1,83,0,f5d16425-fa84-4f59-a8d1-44390c7bc161
usr_7c1c6da5e3c9,2024-12-08,free,UK,8,2,9.5,2,15,63,0,f5d16425-fa84-4f59-a8d1-44390c7bc161
usr_bf40bf6a377a,2024-10-27,pro,CA,42,11,1.8,2,3,37,0,f5d16425-fa84-4f59-a8d1-44390c7bc161
usr_cdf543adf43c,2024-10-22,free,UK,32,2,12.8,5,14,49,0,f5d16425-fa84-4f59-a8d1-44390c7bc161
usr_84e8375b452b,2025-01-04,enterprise,US,14,11,6.0,5,1,86,0,f5d16425-fa84-4f59-a8d1-44390c7bc161
usr_a601e88d82e0,2025-03-05,pro,US,2,13,5.5,2,11,36,1,f5d16425-fa84-4f59-a8d1-44390c7bc161
usr_b27325e39feb,2025-03-11,pro,DE,29,14,5.8,1,11,56,0,f5d16425-fa84-4f59-a8d1-44390c7bc161
usr_faaef50799b6,2025-09-15,free,FR,23,1,16.4,0,24,22,0,f5d16425-fa84-4f59-a8d1-44390c7bc161
usr_56105936a636,2026-01-05,pro,CA,1,11,17.6,1,2,49,0,f5d16425-fa84-4f59-a8d1-44390c7bc161
usr_b9e2dfab372e,2025-08-13,free,FR,41,13,10.3,0,24,16,0,f5d16425-fa84-4f59-a8d1-44390c7bc161
usr_5c1dbb97f309,2024-07-04,free,DE,11,6,7.0,0,28,88,1,f5d16425-fa84-4f59-a8d1-44390c7bc161
usr_779a5545069f,2024-07-17,free,UK,26,0,15.0,1,6,42,0,f5d16425-fa84-4f59-a8d1-44390c7bc161
usr_1265a8ea9f24,2024-04-17,pro,UK,41,7,5.1,0,25,70,0,f5d16425-fa84-4f59-a8d1-44390c7bc161
usr_d672169e290d,2024-02-25,pro,FR,46,2,7.5,2,24,85,1,f5d16425-fa84-4f59-a8d1-44390c7bc161
usr_ea47bfb98db3,2025-05-15,free,US,16,4,10.7,5,3,65,0,f5d16425-fa84-4f59-a8d1-44390c7bc161
usr_10547b280a36,2024-08-11,free,DE,25,7,6.6,0,3,11,0,f5d16425-fa84-4f59-a8d1-44390c7bc161
usr_9fdae85f2498,2024-09-09,free,DE,8,5,1.6,0,6,27,0,f5d16425-fa84-4f59-a8d1-44390c7bc161
usr_e4549dc7e810,2025-11-17,free,US,38,10,16.6,0,8,68,0,f5d16425-fa84-4f59-a8d1-44390c7bc161
usr_659d09987020,2025-10-18,free,US,44,8,9.1,2,10,51,0,f5d16425-fa84-4f59-a8d1-44390c7bc161
usr_8f97d8de1621,2025-02-27,pro,US,29,14,16.5,1,8,14,0,f5d16425-fa84-4f59-a8d1-44390c7bc161
usr_68a4fc1d0027,2025-11-15,enterprise,DE,41,5,12.3,0,29,11,0,f5d16425-fa84-4f59-a8d1-44390c7bc161
usr_e0de7f5b7127,2024-05-14,free,DE,30,14,2.2,0,9,72,0,f5d16425-fa84-4f59-a8d1-44390c7bc161
usr_988c4aaa7a0e,2025-09-01,enterprise,FR,22,14,19.9,4,3,15,0,f5d16425-fa84-4f59-a8d1-44390c7bc161
usr_06e0e733793e,2024-05-03,pro,DE,21,1,19.1,0,9,88,0,f5d16425-fa84-4f59-a8d1-44390c7bc161
usr_6ec58fafccd1,2025-08-10,free,UK,21,10,15.9,3,19,20,0,f5d16425-fa84-4f59-a8d1-44390c7bc161
usr_f3896da14a05,2025-03-24,free,US,14,13,14.7,3,27,63,0,f5d16425-fa84-4f59-a8d1-44390c7bc161
usr_d5463ea42ba6,2026-04-07,free,US,22,14,4.9,4,26,15,0,f5d16425-fa84-4f59-a8d1-44390c7bc161
usr_6f8866b636f8,2026-02-25,free,FR,36,0,12.4,5,17,21,0,f5d16425-fa84-4f59-a8d1-44390c7bc161
usr_ca7be9c581f1,2026-02-09,free,US,1,14,18.1,0,21,32,1,f5d16425-fa84-4f59-a8d1-44390c7bc161
usr_6eeaff3f78db,2024-03-01,free,DE,28,6,16.2,1,28,92,0,f5d16425-fa84-4f59-a8d1-44390c7bc161
usr_8ad4b406aa64,2024-07-02,free,DE,28,11,7.5,5,0,42,0,f5d16425-fa84-4f59-a8d1-44390c7bc161
usr_2ceb4a122594,2024-09-14,free,UK,17,13,9.6,4,5,38,0,f5d16425-fa84-4f59-a8d1-44390c7bc161
usr_7e9117fd4903,2024-02-03,free,US,25,12,6.7,5,6,68,0,f5d16425-fa84-4f59-a8d1-44390c7bc161
usr_be436f00f673,2024-01-15,free,DE,6,2,8.2,4,20,75,0,f5d16425-fa84-4f59-a8d1-44390c7bc161
usr_12e7b6b8af32,2024-12-01,pro,FR,20,9,15.8,3,7,20,1,f5d16425-fa84-4f59-a8d1-44390c7bc161
usr_567e4b3bff44,2024-01-18,pro,US,13,6,18.4,3,14,52,0,f5d16425-fa84-4f59-a8d1-44390c7bc161
usr_48537e18671c,2024-05-17,enterprise,FR,30,4,18.3,3,11,44,0,f5d16425-fa84-4f59-a8d1-44390c7bc161
usr_9a07af47467f,2025-12-01,free,CA,15,1,17.0,1,1,29,1,f5d16425-fa84-4f59-a8d1-44390c7bc161
usr_cdf52804a50a,2025-08-25,free,US,46,1,10.4,4,18,63,0,f5d16425-fa84-4f59-a8d1-44390c7bc161
usr_91bf62c131f2,2025-06-22,free,US,45,13,9.3,1,9,57,0,f5d16425-fa84-4f59-a8d1-44390c7bc161
usr_59c78e48959c,2024-05-06,free,FR,11,9,19.9,5,23,34,1,f5d16425-fa84-4f59-a8d1-44390c7bc161
usr_dae73ad15981,2026-03-27,free,DE,49,2,6.9,4,19,56,1,f5d16425-fa84-4f59-a8d1-44390c7bc161
usr_79bcdc8c273c,2024-04-14,free,UK,39,2,13.9,1,2,82,0,f5d16425-fa84-4f59-a8d1-44390c7bc161
usr_de4530bc427e,2025-11-30,pro,CA,13,10,15.1,1,14,40,0,f5d16425-fa84-4f59-a8d1-44390c7bc161
usr_16eafbe70f4d,2025-01-01,free,CA,31,14,19.4,3,4,19,0,f5d16425-fa84-4f59-a8d1-44390c7bc161
usr_9373e70d4038,2024-03-11,pro,CA,47,5,3.6,1,11,82,0,f5d16425-fa84-4f59-a8d1-44390c7bc161
usr_4e70d6c424c0,2025-01-09,pro,DE,47,12,15.3,4,22,40,0,f5d16425-fa84-4f59-a8d1-44390c7bc161
usr_40c6ee4a8539,2025-07-24,enterprise,UK,12,3,19.0,5,0,41,0,f5d16425-fa84-4f59-a8d1-44390c7bc161
usr_28e657460262,2026-03-29,free,FR,4,9,13.9,4,28,41,0,f5d16425-fa84-4f59-a8d1-44390c7bc161
usr_0c37c89503c8,2024-12-02,free,UK,21,10,8.1,1,16,44,0,f5d16425-fa84-4f59-a8d1-44390c7bc161
usr_940238112857,2024-11-11,free,US,14,7,11.3,5,29,27,1,f5d16425-fa84-4f59-a8d1-44390c7bc161
usr_4a8f70bfa582,2024-01-25,free,US,16,12,14.2,3,26,83,0,f5d16425-fa84-4f59-a8d1-44390c7bc161
usr_1c827ca91763,2025-11-06,pro,FR,21,9,13.4,3,9,39,0,f5d16425-fa84-4f59-a8d1-44390c7bc161
usr_b1c76b28f7a2,2024-07-27,free,UK,36,7,10.1,0,21,24,0,f5d16425-fa84-4f59-a8d1-44390c7bc161
usr_87dda1ac1576,2024-12-05,free,UK,49,6,16.4,0,29,52,0,f5d16425-fa84-4f59-a8d1-44390c7bc161
usr_9e384780b667,2024-12-07,free,US,38,4,11.7,3,26,10,0,f5d16425-fa84-4f59-a8d1-44390c7bc161
usr_ac2625660280,2025-02-12,enterprise,UK,33,10,6.9,1,25,29,0,f5d16425-fa84-4f59-a8d1-44390c7bc161
usr_8e7928815418,2025-08-13,pro,UK,38,4,1.1,1,11,87,0,f5d16425-fa84-4f59-a8d1-44390c7bc161
usr_88ca71abb41c,2025-02-07,free,US,17,11,5.2,0,6,86,1,f5d16425-fa84-4f59-a8d1-44390c7bc161
usr_4b87311c5244,2025-06-30,free,FR,38,8,4.8,3,18,56,0,f5d16425-fa84-4f59-a8d1-44390c7bc161
usr_79b61d264b92,2025-07-18,free,UK,45,6,3.0,1,17,47,0,f5d16425-fa84-4f59-a8d1-44390c7bc161
usr_786a9167a91b,2026-01-21,free,US,34,7,17.3,0,26,11,1,f5d16425-fa84-4f59-a8d1-44390c7bc161
usr_10b7539cb750,2024-10-11,free,US,23,2,18.3,0,17,91,0,f5d16425-fa84-4f59-a8d1-44390c7bc161
usr_97400788371f,2025-09-12,free,DE,0,5,3.8,2,7,62,0,f5d16425-fa84-4f59-a8d1-44390c7bc161
usr_43d9a2071814,2025-10-16,pro,UK,17,5,8.0,2,23,93,0,f5d16425-fa84-4f59-a8d1-44390c7bc161
usr_59eae28eab7a,2024-04-13,pro,CA,19,13,6.0,3,12,38,1,f5d16425-fa84-4f59-a8d1-44390c7bc161
usr_2cd9d2dd3f22,2024-09-07,free,UK,28,9,2.6,2,17,52,0,f5d16425-fa84-4f59-a8d1-44390c7bc161
usr_3f9e7ace15aa,2024-06-29,pro,US,9,0,1.9,5,7,30,0,f5d16425-fa84-4f59-a8d1-44390c7bc161
usr_4266a216a80d,2024-05-30,free,DE,9,9,1.5,5,6,76,0,f5d16425-fa84-4f59-a8d1-44390c7bc161
usr_b0316dcb333e,2025-07-18,free,US,18,7,2.6,2,1,70,0,f5d16425-fa84-4f59-a8d1-44390c7bc161
usr_ab82d645dd09,2025-11-20,pro,UK,14,14,5.0,4,16,45,0,f5d16425-fa84-4f59-a8d1-44390c7bc161
usr_8e0aa5508051,2026-02-19,free,DE,32,10,6.3,0,10,94,0,f5d16425-fa84-4f59-a8d1-44390c7bc161
usr_9df18443094c,2024-09-08,free,FR,46,10,2.2,5,26,36,0,f5d16425-fa84-4f59-a8d1-44390c7bc161
usr_8f536a49ebdb,2024-03-06,free,DE,46,2,14.0,2,3,10,0,f5d16425-fa84-4f59-a8d1-44390c7bc161
usr_afe5fb5d8509,2024-11-19,free,US,15,14,4.0,5,26,49,1,f5d16425-fa84-4f59-a8d1-44390c7bc161
usr_9e62649c27ad,2024-06-29,free,FR,5,5,7.4,1,14,29,0,f5d16425-fa84-4f59-a8d1-44390c7bc161
usr_111930046c7e,2024-08-21,free,CA,31,5,10.6,0,12,78,0,f5d16425-fa84-4f59-a8d1-44390c7bc161
usr_29295d2ca4a2,2025-10-21,free,CA,27,5,17.8,1,11,53,0,f5d16425-fa84-4f59-a8d1-44390c7bc161
usr_4aa68e21dfdb,2025-03-17,free,FR,30,4,13.7,3,24,87,0,f5d16425-fa84-4f59-a8d1-44390c7bc161
usr_166cec92fbf3,2024-04-24,free,DE,43,3,14.5,5,16,12,0,f5d16425-fa84-4f59-a8d1-44390c7bc161
usr_47c5d140f270,2025-01-21,free,FR,18,5,1.7,2,27,24,0,f5d16425-fa84-4f59-a8d1-44390c7bc161
usr_7983681f1665,2025-04-15,free,DE,13,1,9.1,1,12,66,0,f5d16425-fa84-4f59-a8d1-44390c7bc161
usr_c7d37c608ed8,2024-04-12,pro,US,29,7,4.5,4,11,86,0,f5d16425-fa84-4f59-a8d1-44390c7bc161
usr_6fa82f45768b,2025-02-08,free,CA,15,12,13.4,1,12,58,1,f5d16425-fa84-4f59-a8d1-44390c7bc161
usr_42d1d1c8aa69,2025-10-15,free,CA,30,4,14.1,1,15,28,0,f5d16425-fa84-4f59-a8d1-44390c7bc161
usr_ff1ef26aba67,2026-02-10,pro,US,16,10,3.4,5,1,61,0,f5d16425-fa84-4f59-a8d1-44390c7bc161
usr_3c2d5fa53c96,2025-07-30,free,UK,1,4,7.7,4,4,31,0,f5d16425-fa84-4f59-a8d1-44390c7bc161
usr_1f6c70b20a24,2024-05-25,free,CA,13,8,15.3,5,22,16,0,f5d16425-fa84-4f59-a8d1-44390c7bc161
usr_3942b65df651,2024-09-02,enterprise,DE,44,3,14.0,0,9,46,0,f5d16425-fa84-4f59-a8d1-44390c7bc161
usr_69f22e8ac8d8,2025-07-07,pro,DE,22,6,7.6,5,4,14,0,f5d16425-fa84-4f59-a8d1-44390c7bc161
usr_602eee230814,2026-03-20,pro,CA,31,8,15.9,0,1,80,0,f5d16425-fa84-4f59-a8d1-44390c7bc161
usr_28e0a31b2581,2024-04-24,pro,CA,49,0,4.5,2,19,45,0,f5d16425-fa84-4f59-a8d1-44390c7bc161
usr_995a00088bd5,2024-05-06,free,UK,16,9,13.1,0,14,40,0,f5d16425-fa84-4f59-a8d1-44390c7bc161
usr_19f83544116e,2024-10-28,free,DE,40,0,18.7,2,5,77,0,f5d16425-fa84-4f59-a8d1-44390c7bc161
usr_ce0fc9437007,2025-05-28,enterprise,US,32,10,8.3,0,6,62,0,f5d16425-fa84-4f59-a8d1-44390c7bc161
usr_56039a485439,2025-06-12,free,DE,29,2,11.4,1,0,20,0,f5d16425-fa84-4f59-a8d1-44390c7bc161
usr_07c52eb9f862,2024-05-16,free,FR,14,7,5.2,5,22,88,0,f5d16425-fa84-4f59-a8d1-44390c7bc161
usr_3036840b6c2e,2025-07-20,free,DE,44,12,9.1,5,11,33,0,f5d16425-fa84-4f59-a8d1-44390c7bc161
usr_76fcba73b135,2025-12-01,pro,CA,23,12,1.5,3,22,60,0,f5d16425-fa84-4f59-a8d1-44390c7bc161
usr_e0fd1f9366b4,2025-02-17,free,FR,24,8,19.3,2,5,33,1,f5d16425-fa84-4f59-a8d1-44390c7bc161
usr_cfc67256156d,2024-02-13,free,FR,36,2,3.5,3,0,69,0,f5d16425-fa84-4f59-a8d1-44390c7bc161
usr_7b8fa07a246b,2024-03-14,free,DE,11,12,11.5,4,23,12,0,f5d16425-fa84-4f59-a8d1-44390c7bc161
usr_6f3660380dc7,2024-04-15,free,DE,31,0,9.7,3,26,19,0,f5d16425-fa84-4f59-a8d1-44390c7bc161
usr_dc5e59f9239c,2026-01-12,pro,US,14,6,9.6,0,28,31,0,f5d16425-fa84-4f59-a8d1-44390c7bc161
usr_0280510a46c1,2025-05-21,free,UK,31,6,10.2,2,23,33,0,f5d16425-fa84-4f59-a8d1-44390c7bc161
usr_3c12e22180ea,2025-07-19,free,FR,17,11,9.8,3,26,10,0,f5d16425-fa84-4f59-a8d1-44390c7bc161
usr_d4265bb28c04,2025-03-18,free,DE,36,3,15.2,4,28,52,0,f5d16425-fa84-4f59-a8d1-44390c7bc161
usr_ad5bedd986c8,2024-04-22,pro,DE,25,8,6.9,5,18,43,1,f5d16425-fa84-4f59-a8d1-44390c7bc161
usr_3c0622b31a7c,2026-01-14,free,US,20,7,14.6,5,17,83,0,f5d16425-fa84-4f59-a8d1-44390c7bc161
usr_bd29ffa88cf5,2025-01-28,pro,FR,21,8,14.2,1,6,18,0,f5d16425-fa84-4f59-a8d1-44390c7bc161
usr_74942eea4786,2024-10-29,pro,US,3,4,7.8,0,3,26,0,f5d16425-fa84-4f59-a8d1-44390c7bc161
usr_95adef304d40,2025-05-04,free,FR,31,12,12.8,4,23,80,1,f5d16425-fa84-4f59-a8d1-44390c7bc161
usr_52da94f65fac,2024-11-15,pro,US,47,2,15.2,5,9,32,0,f5d16425-fa84-4f59-a8d1-44390c7bc161
usr_4f65b643d8f1,2024-05-08,free,US,12,12,9.4,0,1,49,0,f5d16425-fa84-4f59-a8d1-44390c7bc161
usr_56e7292aa49d,2024-09-26,free,CA,28,6,3.7,3,9,67,1,f5d16425-fa84-4f59-a8d1-44390c7bc161
usr_61963367644d,2024-07-11,free,US,4,2,13.0,3,19,67,0,f5d16425-fa84-4f59-a8d1-44390c7bc161
usr_83fde3de3dbb,2025-02-20,free,UK,47,10,4.0,0,2,53,0,f5d16425-fa84-4f59-a8d1-44390c7bc161
usr_d34bcca87da9,2025-07-17,free,FR,31,2,15.9,3,4,79,0,f5d16425-fa84-4f59-a8d1-44390c7bc161
usr_24a7439697a2,2025-09-11,pro,FR,11,3,15.8,2,14,27,0,f5d16425-fa84-4f59-a8d1-44390c7bc161
usr_b6be8d559168,2025-07-06,pro,US,26,6,10.4,3,14,84,0,f5d16425-fa84-4f59-a8d1-44390c7bc161
usr_70a7495c5e76,2024-02-22,free,DE,42,0,11.8,1,8,31,0,f5d16425-fa84-4f59-a8d1-44390c7bc161
usr_724b25d0cf0a,2024-04-11,pro,DE,16,5,3.9,2,7,88,0,f5d16425-fa84-4f59-a8d1-44390c7bc161
usr_53aa9cd5b921,2024-04-27,pro,UK,0,9,15.5,4,21,73,0,f5d16425-fa84-4f59-a8d1-44390c7bc161
usr_7825b550288b,2024-07-22,free,UK,44,0,3.7,5,9,51,0,f5d16425-fa84-4f59-a8d1-44390c7bc161
usr_cd6cd526bd42,2025-04-05,pro,FR,45,12,9.3,2,27,62,0,f5d16425-fa84-4f59-a8d1-44390c7bc161
usr_788e12ed6885,2026-02-13,free,CA,26,4,2.5,1,23,64,0,f5d16425-fa84-4f59-a8d1-44390c7bc161
usr_e9ec62368017,2025-10-14,pro,DE,25,5,1.4,0,6,32,0,f5d16425-fa84-4f59-a8d1-44390c7bc161
usr_e99d51d17621,2026-01-02,free,FR,16,0,1.2,1,21,11,0,f5d16425-fa84-4f59-a8d1-44390c7bc161
usr_425734cc568b,2024-11-13,free,CA,32,11,19.7,0,22,66,1,f5d16425-fa84-4f59-a8d1-44390c7bc161
usr_10818a645fcd,2024-08-23,free,US,28,3,9.0,3,18,34,0,f5d16425-fa84-4f59-a8d1-44390c7bc161
usr_3e5b805dd305,2025-02-01,free,CA,40,14,9.8,2,8,92,0,f5d16425-fa84-4f59-a8d1-44390c7bc161
usr_7c3230be9c63,2025-10-02,enterprise,DE,29,3,3.9,5,22,88,0,f5d16425-fa84-4f59-a8d1-44390c7bc161
usr_f3728c19ea7e,2024-07-24,free,CA,21,13,8.8,0,3,90,0,f5d16425-fa84-4f59-a8d1-44390c7bc161
usr_ea2b4530e469,2024-02-10,free,FR,6,12,16.0,5,21,84,0,f5d16425-fa84-4f59-a8d1-44390c7bc161
usr_cc4b0ca49538,2024-05-20,free,US,5,10,11.4,4,6,24,0,f5d16425-fa84-4f59-a8d1-44390c7bc161
usr_e2a907a2da34,2026-01-28,pro,US,0,5,13.7,1,23,94,1,f5d16425-fa84-4f59-a8d1-44390c7bc161
usr_e0794c11aaa0,2025-01-03,free,DE,39,4,10.2,3,12,51,0,f5d16425-fa84-4f59-a8d1-44390c7bc161
usr_f7c6e183e7f9,2025-04-15,free,US,11,7,7.6,4,4,11,0,f5d16425-fa84-4f59-a8d1-44390c7bc161
usr_26e64b080fb9,2024-04-21,free,FR,47,4,5.4,1,8,43,0,f5d16425-fa84-4f59-a8d1-44390c7bc161
usr_ae993a41a31c,2025-08-26,free,US,12,0,7.6,2,8,39,0,f5d16425-fa84-4f59-a8d1-44390c7bc161
usr_8d60fba4390d,2024-10-14,free,DE,21,12,10.6,5,3,44,0,f5d16425-fa84-4f59-a8d1-44390c7bc161
usr_e73ac72f26cb,2026-04-21,pro,DE,34,2,8.7,1,14,30,1,f5d16425-fa84-4f59-a8d1-44390c7bc161
usr_360b1b1e6921,2025-11-30,free,UK,27,1,14.0,3,6,33,0,f5d16425-fa84-4f59-a8d1-44390c7bc161
usr_9ab1b9e61daf,2025-01-13,enterprise,UK,13,2,14.8,2,18,80,0,f5d16425-fa84-4f59-a8d1-44390c7bc161
usr_d9cf7a490200,2026-02-14,free,CA,22,5,13.9,3,11,50,1,f5d16425-fa84-4f59-a8d1-44390c7bc161
usr_f8bd954d1070,2024-03-11,free,FR,9,10,5.2,0,17,72,0,f5d16425-fa84-4f59-a8d1-44390c7bc161
usr_06cc77dfe0be,2024-06-24,free,DE,27,10,19.5,1,18,42,0,f5d16425-fa84-4f59-a8d1-44390c7bc161
usr_8662670fc542,2026-02-28,free,US,22,4,1.2,5,14,93,0,f5d16425-fa84-4f59-a8d1-44390c7bc161
usr_d835a912c3ac,2024-08-20,free,CA,18,12,11.6,3,5,91,0,f5d16425-fa84-4f59-a8d1-44390c7bc161
usr_2fd4c8f28742,2025-04-10,free,FR,15,8,18.0,1,15,43,1,f5d16425-fa84-4f59-a8d1-44390c7bc161
usr_c40a22ac62a1,2024-05-09,enterprise,DE,38,14,19.3,4,14,85,0,f5d16425-fa84-4f59-a8d1-44390c7bc161
usr_a72c9f558e23,2024-01-25,free,FR,43,3,17.3,5,11,81,0,f5d16425-fa84-4f59-a8d1-44390c7bc161
usr_b03db88c92f5,2025-06-26,free,UK,36,2,3.4,1,13,24,0,f5d16425-fa84-4f59-a8d1-44390c7bc161
usr_3eb206630528,2024-07-17,free,CA,2,6,6.9,3,15,41,1,f5d16425-fa84-4f59-a8d1-44390c7bc161
usr_66187c449e7e,2024-10-13,enterprise,US,41,14,8.7,0,27,79,0,f5d16425-fa84-4f59-a8d1-44390c7bc161
usr_ec157b6a0cc6,2025-01-29,pro,UK,39,14,15.5,5,0,75,0,f5d16425-fa84-4f59-a8d1-44390c7bc161
usr_d6ba40489df5,2024-01-20,enterprise,US,8,8,10.7,4,21,11,0,f5d16425-fa84-4f59-a8d1-44390c7bc161
usr_f6ecf23e9bf4,2024-09-09,free,US,37,1,5.7,1,27,90,0,f5d16425-fa84-4f59-a8d1-44390c7bc161
usr_e03e58eda928,2025-01-14,free,US,48,7,3.8,0,25,75,0,f5d16425-fa84-4f59-a8d1-44390c7bc161
usr_55d1875f0261,2025-08-28,free,US,39,10,2.7,3,17,67,0,f5d16425-fa84-4f59-a8d1-44390c7bc161
usr_b8a90ca244a9,2025-12-19,free,FR,10,2,15.7,2,12,29,0,f5d16425-fa84-4f59-a8d1-44390c7bc161
usr_5d9b88953bba,2025-02-19,free,US,15,0,12.9,0,28,28,0,f5d16425-fa84-4f59-a8d1-44390c7bc161
usr_ddcca720f8e5,2026-03-05,pro,DE,37,14,11.3,1,2,50,0,f5d16425-fa84-4f59-a8d1-44390c7bc161
usr_b9b25c93faaf,2025-06-28,free,DE,8,12,16.8,5,15,42,0,f5d16425-fa84-4f59-a8d1-44390c7bc161
usr_40d2d39e18db,2025-12-19,free,FR,27,4,15.7,0,13,88,0,f5d16425-fa84-4f59-a8d1-44390c7bc161
usr_04962b7b496c,2025-05-20,free,FR,17,1,8.9,3,3,58,1,f5d16425-fa84-4f59-a8d1-44390c7bc161
usr_365362aed324,2024-12-08,free,US,18,3,13.0,0,19,34,0,f5d16425-fa84-4f59-a8d1-44390c7bc161
usr_2560dec3e0a9,2025-03-18,pro,FR,42,4,17.9,1,25,12,0,f5d16425-fa84-4f59-a8d1-44390c7bc161
usr_981b0a446dbe,2025-02-07,pro,FR,32,9,6.3,1,21,39,1,f5d16425-fa84-4f59-a8d1-44390c7bc161
usr_0cee024e06c3,2024-06-20,free,CA,29,10,11.4,3,27,23,0,f5d16425-fa84-4f59-a8d1-44390c7bc161
usr_dad3c3034241,2024-09-02,free,US,30,3,3.0,0,11,35,0,f5d16425-fa84-4f59-a8d1-44390c7bc161
usr_b9e7b2e7bab1,2025-07-01,free,US,34,4,11.1,1,27,73,0,f5d16425-fa84-4f59-a8d1-44390c7bc161
usr_cf300397f07c,2025-03-22,pro,DE,9,6,5.0,2,5,60,0,f5d16425-fa84-4f59-a8d1-44390c7bc161
usr_6dd0f11c698b,2024-07-28,free,DE,40,0,4.4,4,22,64,0,f5d16425-fa84-4f59-a8d1-44390c7bc161
usr_2354c891f77e,2025-03-15,free,CA,17,10,1.2,0,2,75,0,f5d16425-fa84-4f59-a8d1-44390c7bc161
usr_20d9a58071fd,2026-02-23,free,US,14,14,16.6,2,17,45,0,f5d16425-fa84-4f59-a8d1-44390c7bc161
usr_5dbcc90a33ff,2025-12-18,pro,FR,6,6,2.9,1,4,22,0,f5d16425-fa84-4f59-a8d1-44390c7bc161
usr_f8457d03a484,2024-03-27,free,UK,22,9,20.0,1,6,52,0,f5d16425-fa84-4f59-a8d1-44390c7bc161
usr_71f5d4c1121c,2025-08-06,free,CA,16,14,15.3,5,11,22,0,f5d16425-fa84-4f59-a8d1-44390c7bc161
usr_29dd8026ed2e,2025-05-21,free,FR,35,9,7.8,3,2,31,0,f5d16425-fa84-4f59-a8d1-44390c7bc161
usr_2f28384166e3,2025-09-20,free,UK,41,10,4.1,2,9,25,0,f5d16425-fa84-4f59-a8d1-44390c7bc161
usr_6c7313bb43c3,2025-08-27,pro,FR,33,13,8.2,4,3,41,0,f5d16425-fa84-4f59-a8d1-44390c7bc161
usr_054eee3de347,2024-11-24,free,US,9,0,14.0,2,24,90,0,f5d16425-fa84-4f59-a8d1-44390c7bc161
usr_2c7f228be1a0,2024-02-19,pro,US,19,4,16.8,0,7,56,0,f5d16425-fa84-4f59-a8d1-44390c7bc161
usr_20824af90b1e,2025-05-17,free,DE,38,1,17.7,3,29,20,1,f5d16425-fa84-4f59-a8d1-44390c7bc161
usr_c8cc1cf79264,2025-10-26,enterprise,CA,30,7,18.6,4,16,94,0,f5d16425-fa84-4f59-a8d1-44390c7bc161
usr_78d38e359191,2025-09-27,free,FR,18,2,13.6,3,18,87,0,f5d16425-fa84-4f59-a8d1-44390c7bc161
usr_f1e74a726b2c,2024-09-14,pro,UK,3,3,2.2,1,28,42,0,f5d16425-fa84-4f59-a8d1-44390c7bc161
usr_5cd653bb5f02,2025-09-26,free,CA,18,1,10.3,2,3,91,0,f5d16425-fa84-4f59-a8d1-44390c7bc161
usr_f95cdd065a3d,2024-03-22,free,DE,33,8,6.2,3,20,54,0,f5d16425-fa84-4f59-a8d1-44390c7bc161
usr_c8c80fac83f3,2025-02-17,enterprise,US,42,14,18.6,2,3,58,1,f5d16425-fa84-4f59-a8d1-44390c7bc161
usr_c9a8ee57ebc7,2024-07-03,pro,CA,12,2,19.4,3,4,70,0,f5d16425-fa84-4f59-a8d1-44390c7bc161
usr_416dd600a7a2,2024-01-15,free,FR,6,8,6.4,5,14,27,0,f5d16425-fa84-4f59-a8d1-44390c7bc161
usr_03c516c08476,2024-07-09,free,DE,0,0,10.8,4,25,30,0,f5d16425-fa84-4f59-a8d1-44390c7bc161
usr_ab02c56868bd,2024-02-04,free,FR,4,3,9.3,3,22,33,0,f5d16425-fa84-4f59-a8d1-44390c7bc161
usr_147681cb2ca6,2025-09-10,free,UK,45,2,16.1,1,6,51,1,f5d16425-fa84-4f59-a8d1-44390c7bc161
usr_70b91f1baf98,2025-11-12,pro,DE,22,10,16.5,5,19,29,0,f5d16425-fa84-4f59-a8d1-44390c7bc161
usr_23cf77336cfa,2024-07-20,free,DE,28,3,9.8,1,16,72,1,f5d16425-fa84-4f59-a8d1-44390c7bc161
usr_110384c5aa45,2024-10-04,pro,FR,29,6,10.9,1,12,22,0,f5d16425-fa84-4f59-a8d1-44390c7bc161
usr_1136c263d245,2025-08-25,free,FR,49,9,4.5,1,1,91,0,f5d16425-fa84-4f59-a8d1-44390c7bc161
usr_18f084d84d0b,2025-06-16,pro,DE,24,7,1.4,3,3,56,0,f5d16425-fa84-4f59-a8d1-44390c7bc161
usr_f7bba81c5b9e,2026-03-24,pro,FR,48,9,10.4,2,20,73,0,f5d16425-fa84-4f59-a8d1-44390c7bc161
usr_957815e5b130,2025-09-11,pro,FR,10,8,9.9,1,5,50,1,f5d16425-fa84-4f59-a8d1-44390c7bc161
usr_854aadd46531,2025-11-14,pro,FR,48,10,4.6,3,13,54,0,f5d16425-fa84-4f59-a8d1-44390c7bc161
usr_558c28a80500,2025-08-27,free,FR,46,10,17.6,3,13,74,0,f5d16425-fa84-4f59-a8d1-44390c7bc161
usr_8281ba31e411,2024-04-23,free,US,33,14,11.4,5,18,94,0,f5d16425-fa84-4f59-a8d1-44390c7bc161
usr_5660d36ab49f,2024-03-25,free,DE,46,5,11.8,5,28,38,0,f5d16425-fa84-4f59-a8d1-44390c7bc161
usr_4aaf761ee46f,2024-04-20,pro,CA,10,11,4.0,4,28,88,0,f5d16425-fa84-4f59-a8d1-44390c7bc161
usr_16a197ecbb50,2025-05-10,pro,UK,35,4,14.6,5,0,14,0,f5d16425-fa84-4f59-a8d1-44390c7bc161
usr_2ea4bf4fae1e,2024-08-08,free,UK,43,4,6.1,0,25,76,0,f5d16425-fa84-4f59-a8d1-44390c7bc161
usr_29f48699b6b3,2024-07-08,free,US,11,14,4.3,3,25,78,0,f5d16425-fa84-4f59-a8d1-44390c7bc161
usr_6aa8733a92c5,2024-11-10,enterprise,UK,39,8,19.9,4,25,21,0,f5d16425-fa84-4f59-a8d1-44390c7bc161
usr_a6b63b6ba3b8,2025-10-18,free,UK,22,5,5.2,1,25,76,0,f5d16425-fa84-4f59-a8d1-44390c7bc161
usr_744915ddc641,2024-01-31,free,UK,46,3,17.4,5,15,82,0,f5d16425-fa84-4f59-a8d1-44390c7bc161
usr_27c1f8017b38,2025-06-15,free,UK,0,5,18.9,4,26,74,0,f5d16425-fa84-4f59-a8d1-44390c7bc161
usr_3900064821f2,2024-01-07,free,DE,41,11,16.1,0,19,83,0,f5d16425-fa84-4f59-a8d1-44390c7bc161
usr_f058fbb0d97a,2024-12-14,free,CA,15,13,17.1,3,9,33,0,f5d16425-fa84-4f59-a8d1-44390c7bc161
usr_d215af9e2fb2,2024-02-27,pro,CA,9,3,5.1,1,13,79,0,f5d16425-fa84-4f59-a8d1-44390c7bc161
usr_e3a492937c47,2025-05-03,free,US,31,0,15.1,1,16,51,0,f5d16425-fa84-4f59-a8d1-44390c7bc161
usr_b5397c5fb249,2026-03-19,free,CA,10,3,16.2,0,27,12,1,f5d16425-fa84-4f59-a8d1-44390c7bc161
usr_4d24a869d13e,2024-02-21,pro,DE,21,0,11.8,2,0,91,1,f5d16425-fa84-4f59-a8d1-44390c7bc161
usr_a7be49ae83da,2026-01-04,enterprise,DE,48,14,10.5,4,12,66,0,f5d16425-fa84-4f59-a8d1-44390c7bc161
usr_323a59593208,2025-05-12,free,DE,23,9,7.9,5,7,54,0,f5d16425-fa84-4f59-a8d1-44390c7bc161
usr_e19560dd8713,2025-03-24,free,CA,13,7,8.7,0,10,40,0,f5d16425-fa84-4f59-a8d1-44390c7bc161
usr_b6e1c312f3d9,2024-12-03,free,CA,23,12,11.6,0,24,86,0,f5d16425-fa84-4f59-a8d1-44390c7bc161
usr_5617391227f0,2024-06-19,free,UK,8,12,1.6,4,24,80,0,f5d16425-fa84-4f59-a8d1-44390c7bc161
usr_496775cea996,2024-05-29,enterprise,CA,2,6,6.0,2,25,64,0,f5d16425-fa84-4f59-a8d1-44390c7bc161
usr_8685e9239885,2025-08-30,enterprise,US,48,12,2.4,0,27,43,0,f5d16425-fa84-4f59-a8d1-44390c7bc161
usr_17c8172db465,2024-11-30,free,UK,48,1,7.2,3,12,61,0,f5d16425-fa84-4f59-a8d1-44390c7bc161
usr_b1d0ab9730b0,2026-01-18,free,US,8,1,16.6,0,14,42,0,f5d16425-fa84-4f59-a8d1-44390c7bc161
usr_cb47a8f73df9,2024-03-24,pro,UK,39,12,1.9,0,13,33,0,f5d16425-fa84-4f59-a8d1-44390c7bc161
usr_a1634e0e8218,2025-09-10,free,CA,36,0,1.1,2,9,30,0,f5d16425-fa84-4f59-a8d1-44390c7bc161
usr_f79684b6459f,2024-07-01,free,CA,15,6,15.7,2,19,63,0,f5d16425-fa84-4f59-a8d1-44390c7bc161
usr_164b66feca27,2025-05-02,pro,FR,7,5,7.9,0,2,21,1,f5d16425-fa84-4f59-a8d1-44390c7bc161
usr_9d6420cbaccc,2024-11-12,free,UK,8,2,8.7,0,17,44,0,f5d16425-fa84-4f59-a8d1-44390c7bc161
usr_332a75cad35d,2024-06-11,free,DE,11,9,8.3,2,12,90,0,f5d16425-fa84-4f59-a8d1-44390c7bc161
usr_f49168f1309c,2024-01-20,free,CA,44,1,9.1,4,7,41,0,f5d16425-fa84-4f59-a8d1-44390c7bc161
usr_4a35cad668f4,2025-12-15,free,FR,4,0,14.8,1,15,12,0,f5d16425-fa84-4f59-a8d1-44390c7bc161
usr_6951f7fdf586,2024-09-01,free,UK,48,14,13.7,4,1,29,0,f5d16425-fa84-4f59-a8d1-44390c7bc161
usr_4a395f259928,2025-12-28,free,FR,14,13,17.4,5,1,29,0,f5d16425-fa84-4f59-a8d1-44390c7bc161
usr_0ff890a64103,2025-03-19,pro,US,28,5,2.3,2,15,35,1,f5d16425-fa84-4f59-a8d1-44390c7bc161
usr_1419e2a8ebe4,2025-07-23,free,US,47,14,17.1,2,25,22,0,f5d16425-fa84-4f59-a8d1-44390c7bc161
usr_8911081b595c,2024-04-26,free,US,7,10,3.8,0,5,54,0,f5d16425-fa84-4f59-a8d1-44390c7bc161
usr_39c96cd9faa7,2026-01-19,free,UK,36,4,4.9,0,21,76,0,f5d16425-fa84-4f59-a8d1-44390c7bc161
usr_3330e3a60153,2024-03-18,free,CA,14,6,9.7,0,16,66,1,f5d16425-fa84-4f59-a8d1-44390c7bc161
usr_bea730802adf,2024-04-30,free,UK,23,9,13.8,3,23,34,0,f5d16425-fa84-4f59-a8d1-44390c7bc161
usr_82d6b47a0038,2025-03-25,free,US,36,0,10.7,2,26,59,0,f5d16425-fa84-4f59-a8d1-44390c7bc161
usr_8c906bf28049,2026-02-12,free,DE,0,11,5.1,2,3,34,0,f5d16425-fa84-4f59-a8d1-44390c7bc161
usr_a8914f6cc62b,2026-01-16,enterprise,UK,12,8,3.0,3,7,76,0,f5d16425-fa84-4f59-a8d1-44390c7bc161
usr_147e16109bb4,2024-04-25,free,US,3,9,13.0,3,2,94,0,f5d16425-fa84-4f59-a8d1-44390c7bc161
usr_aae8a7790237,2025-09-04,free,DE,17,14,1.5,3,16,22,0,f5d16425-fa84-4f59-a8d1-44390c7bc161
usr_0c52ca58faa6,2025-04-28,free,DE,22,10,15.0,2,5,67,0,f5d16425-fa84-4f59-a8d1-44390c7bc161
usr_9ae9612691a7,2025-02-09,pro,DE,25,7,18.3,5,8,87,0,f5d16425-fa84-4f59-a8d1-44390c7bc161
usr_70299f4a009c,2025-07-05,pro,UK,40,13,18.1,1,15,45,0,f5d16425-fa84-4f59-a8d1-44390c7bc161
usr_6a3382c01fa8,2025-05-17,free,UK,11,2,4.6,2,11,11,0,f5d16425-fa84-4f59-a8d1-44390c7bc161
usr_884c9058f85a,2025-12-31,free,DE,47,5,8.5,1,29,82,0,f5d16425-fa84-4f59-a8d1-44390c7bc161
usr_e83b5e9395c7,2025-04-10,free,CA,46,8,19.4,4,11,93,0,f5d16425-fa84-4f59-a8d1-44390c7bc161
usr_42408c05c247,2026-04-24,pro,UK,38,8,9.3,4,17,12,1,f5d16425-fa84-4f59-a8d1-44390c7bc161
usr_130392dcc7a6,2025-11-13,free,FR,42,10,13.2,1,25,19,0,f5d16425-fa84-4f59-a8d1-44390c7bc161
usr_7f9b8c8c9ff9,2025-01-04,free,US,6,11,13.9,4,3,81,0,f5d16425-fa84-4f59-a8d1-44390c7bc161
usr_69bd8e519aa0,2025-01-10,free,UK,19,0,19.8,2,19,45,0,f5d16425-fa84-4f59-a8d1-44390c7bc161
usr_06747a78caa8,2025-12-22,free,UK,36,3,15.2,2,28,13,0,f5d16425-fa84-4f59-a8d1-44390c7bc161
usr_3b966ac278bd,2024-11-06,free,UK,0,13,12.6,4,22,13,0,f5d16425-fa84-4f59-a8d1-44390c7bc161
usr_81454ecda4ed,2025-03-10,free,CA,1,11,2.7,3,25,23,0,f5d16425-fa84-4f59-a8d1-44390c7bc161
usr_441eacfdf4bb,2026-04-16,free,CA,43,9,14.2,2,26,22,0,f5d16425-fa84-4f59-a8d1-44390c7bc161
usr_58e7c5fbf0ab,2025-11-18,free,DE,2,3,19.0,3,28,51,0,f5d16425-fa84-4f59-a8d1-44390c7bc161
usr_236376dd8049,2024-12-05,pro,CA,0,11,17.0,2,8,16,0,f5d16425-fa84-4f59-a8d1-44390c7bc161
usr_64e4744dd86e,2024-07-28,free,DE,19,7,5.2,4,23,49,0,f5d16425-fa84-4f59-a8d1-44390c7bc161
usr_8b77d96b25d4,2025-10-13,free,DE,17,0,19.9,4,20,68,0,f5d16425-fa84-4f59-a8d1-44390c7bc161
usr_fa81d4c3653e,2026-03-01,enterprise,UK,5,5,1.3,2,9,14,0,f5d16425-fa84-4f59-a8d1-44390c7bc161
usr_62ae1fa3e4b7,2025-01-30,enterprise,FR,23,6,1.8,0,15,31,0,f5d16425-fa84-4f59-a8d1-44390c7bc161
usr_6f637fff7496,2025-11-19,free,UK,40,0,17.7,0,7,76,0,f5d16425-fa84-4f59-a8d1-44390c7bc161
usr_26aea11f41bb,2025-02-25,free,DE,40,4,9.4,4,1,11,0,f5d16425-fa84-4f59-a8d1-44390c7bc161
usr_ece03819040e,2024-07-05,free,US,25,10,6.2,3,10,34,0,f5d16425-fa84-4f59-a8d1-44390c7bc161
usr_dacb144766e8,2026-03-16,free,FR,35,14,12.1,2,0,78,1,f5d16425-fa84-4f59-a8d1-44390c7bc161
usr_be53248af308,2025-08-24,free,FR,23,14,15.7,1,3,51,0,f5d16425-fa84-4f59-a8d1-44390c7bc161
usr_a6c7faba54e8,2024-03-15,free,CA,16,10,13.1,0,18,67,0,f5d16425-fa84-4f59-a8d1-44390c7bc161
usr_4c493b88fd3c,2024-11-18,free,US,20,13,2.3,2,24,15,0,f5d16425-fa84-4f59-a8d1-44390c7bc161
usr_6de61425be7f,2024-02-27,pro,UK,7,0,9.0,2,22,78,0,f5d16425-fa84-4f59-a8d1-44390c7bc161
usr_6bbfc84cb0c9,2025-10-11,free,CA,44,8,2.8,2,22,61,1,f5d16425-fa84-4f59-a8d1-44390c7bc161
usr_a81f62a1885e,2025-03-28,free,US,14,0,1.1,5,9,71,0,f5d16425-fa84-4f59-a8d1-44390c7bc161
usr_2a5a00df5384,2025-07-17,free,FR,15,2,16.6,1,1,57,0,f5d16425-fa84-4f59-a8d1-44390c7bc161
usr_bc59a314bd3d,2025-02-12,pro,CA,10,5,9.3,4,25,93,0,f5d16425-fa84-4f59-a8d1-44390c7bc161
usr_c18d555e8d82,2025-06-12,free,DE,41,1,7.7,3,18,19,0,f5d16425-fa84-4f59-a8d1-44390c7bc161
usr_328e402c7978,2024-10-07,free,DE,23,8,15.2,1,29,60,0,f5d16425-fa84-4f59-a8d1-44390c7bc161
usr_dc88fd1d7c4a,2024-05-01,pro,US,20,14,7.5,5,21,73,1,f5d16425-fa84-4f59-a8d1-44390c7bc161
usr_2fbc9bbbdcdd,2024-03-19,pro,CA,9,13,1.6,3,15,85,1,f5d16425-fa84-4f59-a8d1-44390c7bc161
usr_cf327ec80250,2025-02-28,pro,FR,30,3,14.8,1,3,18,0,f5d16425-fa84-4f59-a8d1-44390c7bc161
usr_5e20ea8b7d26,2026-03-26,free,DE,4,7,15.6,5,21,24,0,f5d16425-fa84-4f59-a8d1-44390c7bc161
usr_5feeae2241e5,2025-11-02,free,DE,47,0,1.7,1,2,61,0,f5d16425-fa84-4f59-a8d1-44390c7bc161
usr_d08c15da866a,2024-04-05,free,US,33,13,9.0,5,9,85,0,f5d16425-fa84-4f59-a8d1-44390c7bc161
usr_4f1a20c69a12,2025-01-31,free,DE,43,14,3.5,4,28,56,0,f5d16425-fa84-4f59-a8d1-44390c7bc161
usr_f2666205bf9d,2024-03-19,free,FR,47,2,12.2,5,3,51,0,f5d16425-fa84-4f59-a8d1-44390c7bc161
usr_0616fd554152,2025-02-27,free,DE,9,11,7.3,1,20,87,0,f5d16425-fa84-4f59-a8d1-44390c7bc161
usr_48caca69d058,2024-06-24,free,FR,7,6,13.3,0,19,84,0,f5d16425-fa84-4f59-a8d1-44390c7bc161
usr_f6bcbba2d7b9,2024-09-08,pro,UK,43,1,19.5,5,10,10,0,f5d16425-fa84-4f59-a8d1-44390c7bc161
usr_803427f303fd,2025-10-22,free,CA,6,11,16.4,4,15,57,0,f5d16425-fa84-4f59-a8d1-44390c7bc161
usr_9b227984e1ac,2024-09-10,pro,DE,20,11,14.1,3,27,75,0,f5d16425-fa84-4f59-a8d1-44390c7bc161
usr_775f74befffc,2025-04-03,pro,CA,24,3,3.2,4,18,35,0,f5d16425-fa84-4f59-a8d1-44390c7bc161
usr_d4fb207c5c99,2024-12-12,enterprise,DE,8,10,6.4,3,29,58,0,f5d16425-fa84-4f59-a8d1-44390c7bc161
usr_e1bc33e9183f,2025-02-12,free,US,8,7,18.5,0,22,64,0,f5d16425-fa84-4f59-a8d1-44390c7bc161
usr_02d2dd095948,2025-12-08,pro,CA,28,11,19.7,2,14,44,0,f5d16425-fa84-4f59-a8d1-44390c7bc161
usr_6f91bdda014c,2024-02-10,pro,UK,11,5,16.3,4,23,55,1,f5d16425-fa84-4f59-a8d1-44390c7bc161
usr_9e5d784d6f02,2025-07-30,free,UK,47,3,14.6,2,2,81,0,f5d16425-fa84-4f59-a8d1-44390c7bc161
usr_9cf0fafff7cd,2026-04-11,free,CA,31,13,5.7,3,1,50,1,f5d16425-fa84-4f59-a8d1-44390c7bc161
usr_48cb052ec5cc,2024-08-21,free,UK,24,2,5.6,1,6,10,1,f5d16425-fa84-4f59-a8d1-44390c7bc161
usr_01ecb5e4d79b,2024-12-22,pro,UK,16,9,7.0,2,12,23,0,f5d16425-fa84-4f59-a8d1-44390c7bc161
usr_475182c73493,2024-05-29,free,FR,18,7,13.6,5,16,85,0,f5d16425-fa84-4f59-a8d1-44390c7bc161
usr_6103c3e4bd6b,2025-03-03,free,FR,21,5,14.0,0,28,91,0,f5d16425-fa84-4f59-a8d1-44390c7bc161
usr_cfff52b28638,2024-11-02,free,FR,21,12,16.4,2,26,17,0,f5d16425-fa84-4f59-a8d1-44390c7bc161
usr_fc03d3a6996c,2024-08-04,pro,UK,48,5,7.7,5,13,40,0,f5d16425-fa84-4f59-a8d1-44390c7bc161
usr_efb65ea90d72,2024-05-21,pro,DE,44,6,10.7,2,16,12,0,f5d16425-fa84-4f59-a8d1-44390c7bc161
usr_01b58d0d42e4,2024-10-20,pro,DE,9,9,16.7,4,2,70,0,f5d16425-fa84-4f59-a8d1-44390c7bc161
usr_5df8c998c8b1,2025-06-12,free,DE,4,7,8.5,2,10,92,0,f5d16425-fa84-4f59-a8d1-44390c7bc161
usr_0288732b5317,2024-06-15,free,UK,41,9,19.1,4,4,71,1,f5d16425-fa84-4f59-a8d1-44390c7bc161
usr_9ad0ef6b3ec1,2025-08-19,free,DE,48,2,10.9,5,11,81,1,f5d16425-fa84-4f59-a8d1-44390c7bc161
usr_49e2d4321d09,2024-08-05,pro,FR,20,2,19.2,5,6,56,0,f5d16425-fa84-4f59-a8d1-44390c7bc161
usr_4ca3763fe3e3,2025-03-06,free,FR,35,10,19.9,3,21,24,1,f5d16425-fa84-4f59-a8d1-44390c7bc161
usr_dc8a1716e5ef,2025-04-06,free,CA,49,2,12.3,0,5,56,0,f5d16425-fa84-4f59-a8d1-44390c7bc161
usr_a2c535471832,2025-08-10,free,US,7,11,5.9,5,5,80,0,f5d16425-fa84-4f59-a8d1-44390c7bc161
usr_927edaa9b3c2,2024-11-27,free,FR,42,10,16.6,5,6,26,0,f5d16425-fa84-4f59-a8d1-44390c7bc161
usr_c0c21108213c,2024-04-14,free,CA,30,0,5.4,1,9,30,0,f5d16425-fa84-4f59-a8d1-44390c7bc161
usr_08921f55db93,2025-10-15,free,UK,0,10,15.6,0,12,74,1,f5d16425-fa84-4f59-a8d1-44390c7bc161
usr_8727f1cd842a,2026-02-24,free,US,5,12,18.8,1,15,35,0,f5d16425-fa84-4f59-a8d1-44390c7bc161
usr_ebb74bdd0004,2025-04-19,free,FR,36,1,9.8,5,19,52,0,f5d16425-fa84-4f59-a8d1-44390c7bc161
usr_1af4f8e28e1e,2025-09-16,free,FR,19,3,18.6,4,14,47,0,f5d16425-fa84-4f59-a8d1-44390c7bc161
usr_519fe8d3c8b0,2025-05-05,pro,DE,47,7,6.4,3,3,92,0,f5d16425-fa84-4f59-a8d1-44390c7bc161
usr_4d9cbbd5d94e,2026-04-18,free,DE,41,1,1.9,4,11,48,1,f5d16425-fa84-4f59-a8d1-44390c7bc161
usr_ce845481053a,2024-02-24,free,CA,10,1,13.3,1,28,55,0,f5d16425-fa84-4f59-a8d1-44390c7bc161
usr_c6b275e7cc1b,2024-08-01,pro,DE,5,11,4.2,4,4,79,1,f5d16425-fa84-4f59-a8d1-44390c7bc161
usr_ab7c420d04a4,2025-01-09,free,DE,25,0,19.7,1,7,52,0,f5d16425-fa84-4f59-a8d1-44390c7bc161
usr_e29ff113494d,2025-11-02,free,DE,7,2,13.6,4,22,44,1,f5d16425-fa84-4f59-a8d1-44390c7bc161
usr_b93c7f17f8ea,2025-06-14,pro,UK,8,7,10.2,0,1,70,0,f5d16425-fa84-4f59-a8d1-44390c7bc161
usr_aa4e78c2d689,2024-03-18,free,US,34,1,2.2,4,14,26,0,f5d16425-fa84-4f59-a8d1-44390c7bc161
usr_2d4fc3cd2443,2024-04-07,free,US,23,7,7.0,3,0,72,0,f5d16425-fa84-4f59-a8d1-44390c7bc161
usr_32168569b961,2025-01-21,enterprise,FR,37,11,18.2,3,21,62,0,f5d16425-fa84-4f59-a8d1-44390c7bc161
usr_9018ac2d98f6,2026-04-21,pro,US,0,2,11.3,0,13,88,1,f5d16425-fa84-4f59-a8d1-44390c7bc161
usr_5a13e71d8b07,2025-09-15,free,UK,37,5,6.4,2,18,29,0,f5d16425-fa84-4f59-a8d1-44390c7bc161
usr_d2b87304adb6,2024-03-20,enterprise,FR,44,11,9.0,1,12,85,0,f5d16425-fa84-4f59-a8d1-44390c7bc161
usr_4c2b840afb6b,2025-06-26,free,CA,26,13,8.2,3,29,69,0,f5d16425-fa84-4f59-a8d1-44390c7bc161
usr_2868657d4ac2,2025-05-16,free,FR,7,13,9.0,0,17,56,0,f5d16425-fa84-4f59-a8d1-44390c7bc161
usr_3a4774a8c266,2025-06-01,free,DE,37,3,8.9,2,0,15,0,f5d16425-fa84-4f59-a8d1-44390c7bc161
usr_74f310f528d7,2025-07-21,free,CA,25,9,6.9,5,17,82,0,f5d16425-fa84-4f59-a8d1-44390c7bc161
usr_b83dcab34d00,2024-12-28,free,DE,20,5,6.8,0,14,65,0,f5d16425-fa84-4f59-a8d1-44390c7bc161
usr_b5a08c2b9c40,2024-10-11,pro,CA,19,2,14.4,5,10,73,0,f5d16425-fa84-4f59-a8d1-44390c7bc161
usr_2c83ed96b3fb,2025-01-26,pro,UK,0,11,4.0,1,18,49,0,f5d16425-fa84-4f59-a8d1-44390c7bc161
usr_9b3a69adb7ed,2024-10-04,free,DE,39,7,9.7,5,26,37,0,f5d16425-fa84-4f59-a8d1-44390c7bc161
usr_ba90ced72d97,2024-03-08,pro,FR,29,14,17.1,1,24,29,0,f5d16425-fa84-4f59-a8d1-44390c7bc161
usr_b22105513e56,2024-02-15,free,FR,22,9,13.5,0,18,82,0,f5d16425-fa84-4f59-a8d1-44390c7bc161
usr_843fe957b162,2025-05-26,free,US,29,14,1.1,2,24,25,0,f5d16425-fa84-4f59-a8d1-44390c7bc161
usr_39567d044c4f,2025-09-07,free,CA,16,14,3.5,0,23,36,0,f5d16425-fa84-4f59-a8d1-44390c7bc161
usr_0a20daeed862,2024-07-29,free,US,16,2,16.5,1,21,84,0,f5d16425-fa84-4f59-a8d1-44390c7bc161
usr_b0076d8ea70d,2025-03-11,free,FR,48,12,8.3,0,3,48,0,f5d16425-fa84-4f59-a8d1-44390c7bc161
usr_68a0c4da1085,2026-02-01,free,FR,14,9,18.5,0,4,24,0,f5d16425-fa84-4f59-a8d1-44390c7bc161
usr_8b5834d0fb4e,2024-09-17,pro,CA,46,13,4.4,2,13,43,0,f5d16425-fa84-4f59-a8d1-44390c7bc161
usr_8316625fb25f,2025-12-11,free,UK,23,11,9.0,5,13,75,1,f5d16425-fa84-4f59-a8d1-44390c7bc161
usr_19f1dec7c642,2026-02-22,enterprise,UK,26,6,6.8,1,27,24,0,f5d16425-fa84-4f59-a8d1-44390c7bc161
usr_42fb64e0edc0,2024-12-04,free,CA,48,14,12.0,1,11,57,0,f5d16425-fa84-4f59-a8d1-44390c7bc161
usr_7a7ecf0a93b3,2026-02-19,pro,US,7,12,12.5,5,2,44,0,f5d16425-fa84-4f59-a8d1-44390c7bc161
usr_9b1ba1c7b70a,2025-09-28,pro,US,21,4,11.4,4,26,66,0,f5d16425-fa84-4f59-a8d1-44390c7bc161
usr_c15e361d02f1,2024-07-27,free,FR,12,8,16.2,5,25,39,0,f5d16425-fa84-4f59-a8d1-44390c7bc161
usr_448d096c0b2f,2025-07-13,free,UK,45,1,14.7,0,12,15,0,f5d16425-fa84-4f59-a8d1-44390c7bc161
usr_e08c44e5fa0c,2025-02-02,free,DE,37,10,18.9,5,22,43,0,f5d16425-fa84-4f59-a8d1-44390c7bc161
usr_6bbb7a3cf109,2024-07-15,free,US,40,11,17.5,3,4,61,0,f5d16425-fa84-4f59-a8d1-44390c7bc161
usr_51c81d3062d1,2024-02-15,free,FR,14,9,1.7,3,2,80,0,f5d16425-fa84-4f59-a8d1-44390c7bc161
usr_3bd3d9c7dadb,2025-04-29,free,FR,4,3,2.7,5,5,19,0,f5d16425-fa84-4f59-a8d1-44390c7bc161
usr_69a2987bde1e,2024-05-03,free,UK,2,13,6.6,0,24,81,0,f5d16425-fa84-4f59-a8d1-44390c7bc161
usr_bbe8796d58e3,2024-08-19,free,UK,45,0,11.7,1,26,12,1,f5d16425-fa84-4f59-a8d1-44390c7bc161
usr_1407af73fc67,2024-04-10,free,FR,39,2,3.3,5,5,79,0,f5d16425-fa84-4f59-a8d1-44390c7bc161
usr_ac433be72b39,2025-09-04,free,UK,44,11,18.9,2,19,11,0,f5d16425-fa84-4f59-a8d1-44390c7bc161
usr_1bc2e44f5583,2025-02-25,free,FR,15,8,1.8,4,2,75,0,f5d16425-fa84-4f59-a8d1-44390c7bc161
usr_5a3436d395e5,2024-05-28,free,UK,32,13,8.0,4,1,19,0,f5d16425-fa84-4f59-a8d1-44390c7bc161
usr_1eb5973c6d6d,2025-11-23,free,UK,7,1,16.8,2,2,61,0,f5d16425-fa84-4f59-a8d1-44390c7bc161
usr_c3744efaf425,2024-09-21,free,UK,38,5,4.2,3,5,36,0,f5d16425-fa84-4f59-a8d1-44390c7bc161
usr_041060b2dcf3,2025-02-01,free,FR,38,2,13.9,2,24,78,0,f5d16425-fa84-4f59-a8d1-44390c7bc161
usr_697e5308b1f1,2024-07-17,free,FR,11,5,15.0,2,19,62,0,f5d16425-fa84-4f59-a8d1-44390c7bc161
usr_c3bc86c46985,2024-07-29,free,US,43,8,1.5,2,26,80,0,f5d16425-fa84-4f59-a8d1-44390c7bc161
usr_561b0ccf0b2f,2024-11-09,free,FR,33,14,1.8,2,22,14,0,f5d16425-fa84-4f59-a8d1-44390c7bc161
usr_08c34b885bd4,2024-06-14,pro,US,47,2,6.9,0,13,43,0,f5d16425-fa84-4f59-a8d1-44390c7bc161
usr_14508a168824,2025-07-03,free,US,46,12,10.2,3,25,57,1,f5d16425-fa84-4f59-a8d1-44390c7bc161
usr_2ff157f1a37f,2024-02-05,free,DE,48,1,19.9,4,23,33,0,f5d16425-fa84-4f59-a8d1-44390c7bc161
usr_5a2cfbe0c793,2025-10-18,free,CA,25,4,18.3,1,22,32,0,f5d16425-fa84-4f59-a8d1-44390c7bc161
usr_ecca089d8612,2024-07-09,free,US,31,0,7.6,4,10,41,0,f5d16425-fa84-4f59-a8d1-44390c7bc161
usr_d74ae202ba06,2024-04-17,pro,CA,37,1,9.9,4,1,75,0,f5d16425-fa84-4f59-a8d1-44390c7bc161
usr_4a042794e25b,2026-01-26,free,DE,19,4,2.3,2,5,41,0,f5d16425-fa84-4f59-a8d1-44390c7bc161
usr_dfb154dee52f,2024-07-13,pro,FR,11,9,12.3,4,27,70,0,f5d16425-fa84-4f59-a8d1-44390c7bc161
usr_6c1b32297b64,2025-09-07,pro,US,49,1,20.0,0,1,70,1,f5d16425-fa84-4f59-a8d1-44390c7bc161
usr_974794d2863c,2024-04-13,pro,FR,13,9,2.7,3,29,37,0,f5d16425-fa84-4f59-a8d1-44390c7bc161
usr_2498064118d1,2024-12-14,free,FR,46,2,3.2,0,24,46,0,f5d16425-fa84-4f59-a8d1-44390c7bc161
usr_b2a75257d3de,2025-09-28,free,US,31,3,18.2,1,0,48,0,f5d16425-fa84-4f59-a8d1-44390c7bc161
usr_be8126fb4e51,2025-02-05,pro,UK,31,7,3.4,0,2,78,0,f5d16425-fa84-4f59-a8d1-44390c7bc161
usr_eaef00e20ecf,2024-01-11,free,FR,23,3,5.1,2,13,64,0,f5d16425-fa84-4f59-a8d1-44390c7bc161
usr_e78406d6a73b,2024-09-17,pro,UK,38,3,11.6,4,12,26,0,f5d16425-fa84-4f59-a8d1-44390c7bc161
usr_929b0f5b4f43,2024-07-16,free,CA,21,7,16.0,4,8,69,0,f5d16425-fa84-4f59-a8d1-44390c7bc161
usr_3d96132c59d2,2025-04-20,free,UK,17,0,1.1,5,23,28,0,f5d16425-fa84-4f59-a8d1-44390c7bc161
usr_f4edb28c02d7,2025-10-21,free,UK,38,10,5.3,4,29,13,1,f5d16425-fa84-4f59-a8d1-44390c7bc161
usr_b235ddfede3b,2024-01-11,pro,CA,37,4,3.6,5,24,32,0,f5d16425-fa84-4f59-a8d1-44390c7bc161
usr_dcae2f33f825,2025-03-13,free,FR,12,14,18.7,2,29,24,0,f5d16425-fa84-4f59-a8d1-44390c7bc161
usr_3f4356822e5b,2024-02-06,free,UK,47,8,9.3,1,8,32,0,f5d16425-fa84-4f59-a8d1-44390c7bc161
usr_fe1ea5f42e0b,2024-10-28,free,CA,5,9,14.7,3,3,40,0,f5d16425-fa84-4f59-a8d1-44390c7bc161
usr_d73c79012169,2025-03-29,free,DE,44,6,1.1,5,20,94,0,f5d16425-fa84-4f59-a8d1-44390c7bc161
usr_bf345db5e57c,2024-02-01,pro,CA,37,7,6.2,4,14,67,0,f5d16425-fa84-4f59-a8d1-44390c7bc161
usr_4939d8edd016,2024-02-12,pro,UK,7,12,10.2,5,23,31,0,f5d16425-fa84-4f59-a8d1-44390c7bc161
usr_cf90fcd36718,2024-09-21,free,FR,33,12,19.7,2,8,56,0,f5d16425-fa84-4f59-a8d1-44390c7bc161
usr_529a63f02fc6,2025-10-09,free,UK,21,0,10.6,0,1,57,0,f5d16425-fa84-4f59-a8d1-44390c7bc161
usr_800e518a4ab9,2025-09-10,free,US,32,9,6.8,1,15,45,0,f5d16425-fa84-4f59-a8d1-44390c7bc161
usr_39727847576e,2025-05-02,free,CA,42,8,15.2,5,5,35,1,f5d16425-fa84-4f59-a8d1-44390c7bc161
usr_9c614562da3e,2024-02-16,free,FR,41,1,2.8,1,5,24,0,f5d16425-fa84-4f59-a8d1-44390c7bc161
usr_eae463efc272,2024-03-01,enterprise,CA,39,6,12.4,2,25,42,0,f5d16425-fa84-4f59-a8d1-44390c7bc161
usr_2828c91b8359,2024-06-07,pro,DE,19,6,3.0,1,27,57,0,f5d16425-fa84-4f59-a8d1-44390c7bc161
usr_e3012b67e212,2025-11-28,free,US,29,0,8.3,0,5,79,1,f5d16425-fa84-4f59-a8d1-44390c7bc161
usr_c0923091a3e4,2024-07-21,pro,CA,24,12,17.9,4,18,75,1,f5d16425-fa84-4f59-a8d1-44390c7bc161
usr_049d103565e3,2025-12-19,free,UK,45,9,10.2,1,5,73,0,f5d16425-fa84-4f59-a8d1-44390c7bc161
usr_725f5b4770e0,2024-11-29,pro,UK,19,5,7.8,3,8,75,0,f5d16425-fa84-4f59-a8d1-44390c7bc161
usr_98fd9b1c8c25,2025-03-20,pro,UK,48,0,3.7,0,24,42,0,f5d16425-fa84-4f59-a8d1-44390c7bc161
usr_b07c11149d7f,2024-07-17,free,FR,24,9,2.0,1,16,68,0,f5d16425-fa84-4f59-a8d1-44390c7bc161
usr_915eb4eac45c,2024-10-22,pro,US,25,7,7.5,2,15,79,0,f5d16425-fa84-4f59-a8d1-44390c7bc161
usr_5ed44d406efc,2025-09-08,free,DE,39,0,12.2,4,24,42,0,f5d16425-fa84-4f59-a8d1-44390c7bc161
usr_41712fbf8659,2025-05-17,free,US,10,8,4.1,4,5,35,0,f5d16425-fa84-4f59-a8d1-44390c7bc161
usr_6da40bd9b84c,2025-10-19,free,DE,1,7,8.6,4,20,37,0,f5d16425-fa84-4f59-a8d1-44390c7bc161
usr_751c0aa80023,2025-01-15,free,FR,0,3,4.9,4,3,73,0,f5d16425-fa84-4f59-a8d1-44390c7bc161
usr_6bba15b4848b,2025-02-13,pro,UK,40,11,4.2,5,28,86,0,f5d16425-fa84-4f59-a8d1-44390c7bc161
usr_8f9e45b34760,2024-01-11,free,CA,21,4,14.4,4,10,11,0,f5d16425-fa84-4f59-a8d1-44390c7bc161
usr_172aba49204b,2026-02-15,enterprise,FR,43,14,12.5,2,21,73,0,f5d16425-fa84-4f59-a8d1-44390c7bc161
usr_046cffdf2f28,2025-12-13,free,UK,4,14,15.6,2,9,90,0,f5d16425-fa84-4f59-a8d1-44390c7bc161
usr_c4eee795ae13,2025-07-22,free,US,22,9,13.1,4,15,61,0,f5d16425-fa84-4f59-a8d1-44390c7bc161
usr_7c7e0efd6b6c,2025-11-19,free,US,49,11,3.8,4,2,79,1,f5d16425-fa84-4f59-a8d1-44390c7bc161
usr_3780faa33447,2024-02-26,free,DE,49,1,11.7,3,4,70,0,f5d16425-fa84-4f59-a8d1-44390c7bc161
usr_fec3066a926f,2024-01-15,free,UK,12,10,10.2,2,10,43,0,f5d16425-fa84-4f59-a8d1-44390c7bc161
usr_75ef2026bf96,2024-03-07,pro,UK,33,7,3.4,3,23,10,0,f5d16425-fa84-4f59-a8d1-44390c7bc161
usr_4272563f2fd0,2024-03-17,pro,US,45,11,2.3,1,17,44,0,f5d16425-fa84-4f59-a8d1-44390c7bc161
usr_468b223db6f8,2024-04-05,free,US,22,3,9.9,4,21,83,0,f5d16425-fa84-4f59-a8d1-44390c7bc161
usr_b70c15d7ca2f,2025-07-03,free,UK,1,4,16.2,5,24,45,1,f5d16425-fa84-4f59-a8d1-44390c7bc161
usr_41f1aaf4af84,2025-11-03,free,FR,16,4,4.9,3,19,49,0,f5d16425-fa84-4f59-a8d1-44390c7bc161
usr_58b75005cc09,2025-10-13,free,DE,43,9,11.1,4,10,44,0,f5d16425-fa84-4f59-a8d1-44390c7bc161
usr_c9181469b4e2,2025-10-06,free,UK,20,11,13.8,0,25,64,0,f5d16425-fa84-4f59-a8d1-44390c7bc161
usr_67f9ded607f2,2024-03-24,free,US,15,0,18.9,3,1,40,0,f5d16425-fa84-4f59-a8d1-44390c7bc161
usr_4f81c4604faa,2025-10-22,free,DE,39,6,6.6,4,11,50,1,f5d16425-fa84-4f59-a8d1-44390c7bc161
usr_1c255a5d43cd,2025-06-10,pro,FR,34,3,8.7,3,14,38,0,f5d16425-fa84-4f59-a8d1-44390c7bc161
usr_35b86b2a7de4,2025-04-30,free,DE,17,5,5.1,5,11,41,1,f5d16425-fa84-4f59-a8d1-44390c7bc161
usr_c2ab7716872f,2024-03-06,free,UK,7,1,11.9,5,3,64,0,f5d16425-fa84-4f59-a8d1-44390c7bc161
usr_725d9818d98d,2024-05-14,pro,FR,2,8,12.2,1,19,66,0,f5d16425-fa84-4f59-a8d1-44390c7bc161
usr_27ddeaab0e0f,2024-02-01,free,US,22,7,19.2,3,26,19,0,f5d16425-fa84-4f59-a8d1-44390c7bc161
usr_77555ae2a401,2024-07-03,free,CA,47,8,13.4,3,3,66,0,f5d16425-fa84-4f59-a8d1-44390c7bc161
usr_6773627935c8,2024-09-19,free,US,33,11,8.4,4,5,32,0,f5d16425-fa84-4f59-a8d1-44390c7bc161
usr_7b71fcbd8078,2024-06-02,free,US,1,2,6.1,5,13,50,1,f5d16425-fa84-4f59-a8d1-44390c7bc161
usr_ccf419106f4a,2026-02-24,pro,DE,39,2,16.0,0,9,83,0,f5d16425-fa84-4f59-a8d1-44390c7bc161
usr_e18615d68bbe,2026-02-20,pro,CA,41,6,13.5,1,5,60,0,f5d16425-fa84-4f59-a8d1-44390c7bc161
usr_e4ea16c4a397,2026-01-05,free,UK,38,5,7.5,4,27,19,1,f5d16425-fa84-4f59-a8d1-44390c7bc161
usr_379ec5ff08db,2026-02-01,free,DE,25,0,12.3,0,9,42,0,f5d16425-fa84-4f59-a8d1-44390c7bc161
usr_ae626b79cf3b,2025-05-08,pro,DE,4,12,8.8,0,19,12,0,f5d16425-fa84-4f59-a8d1-44390c7bc161
usr_de71acd2b78b,2024-09-14,free,US,40,9,1.4,4,25,45,0,f5d16425-fa84-4f59-a8d1-44390c7bc161
usr_d14a31309698,2024-01-03,free,CA,1,13,19.0,5,1,20,0,f5d16425-fa84-4f59-a8d1-44390c7bc161
usr_81c018b494dc,2024-01-31,free,US,42,4,12.6,5,7,12,0,f5d16425-fa84-4f59-a8d1-44390c7bc161
usr_6042d278576d,2024-08-24,free,DE,16,11,4.2,3,9,22,0,f5d16425-fa84-4f59-a8d1-44390c7bc161
usr_6a3f5a76b28f,2026-02-02,pro,UK,15,7,8.8,3,16,61,0,f5d16425-fa84-4f59-a8d1-44390c7bc161
usr_d8e792a5a0a6,2024-09-29,free,UK,29,13,1.1,3,13,53,0,f5d16425-fa84-4f59-a8d1-44390c7bc161
usr_212be5980e48,2026-01-05,free,DE,22,11,11.2,1,28,69,0,f5d16425-fa84-4f59-a8d1-44390c7bc161
usr_751f1b22991d,2024-12-01,free,DE,9,4,13.6,0,0,51,0,f5d16425-fa84-4f59-a8d1-44390c7bc161
usr_a600dcef21a4,2025-03-31,pro,DE,0,12,19.1,5,28,52,0,f5d16425-fa84-4f59-a8d1-44390c7bc161
usr_9457c311f8de,2024-11-01,free,DE,32,3,8.8,2,12,50,0,f5d16425-fa84-4f59-a8d1-44390c7bc161
usr_b07adff83a7e,2026-04-14,enterprise,US,41,7,11.9,0,16,85,0,f5d16425-fa84-4f59-a8d1-44390c7bc161
usr_9ab880deb3ef,2026-01-02,free,US,42,13,4.6,0,1,62,1,f5d16425-fa84-4f59-a8d1-44390c7bc161
usr_1f4d454ba95d,2024-11-22,free,CA,26,3,17.0,5,8,59,0,f5d16425-fa84-4f59-a8d1-44390c7bc161
usr_30fe1dc71cb6,2024-11-08,enterprise,DE,15,1,1.3,1,15,65,0,f5d16425-fa84-4f59-a8d1-44390c7bc161
usr_8819926ab842,2024-04-21,pro,US,19,14,9.2,2,5,23,0,f5d16425-fa84-4f59-a8d1-44390c7bc161
usr_6b55fbe2728f,2024-03-18,free,FR,6,6,6.4,0,28,75,0,f5d16425-fa84-4f59-a8d1-44390c7bc161
usr_835fef2e913e,2025-03-06,enterprise,DE,33,7,1.0,3,4,33,0,f5d16425-fa84-4f59-a8d1-44390c7bc161
usr_5cd91b3b7989,2025-12-02,free,FR,47,0,12.2,1,8,35,1,f5d16425-fa84-4f59-a8d1-44390c7bc161
usr_3dd80a04a0d1,2024-05-04,pro,FR,41,2,19.5,0,15,46,0,f5d16425-fa84-4f59-a8d1-44390c7bc161
usr_a8e2732b6814,2025-04-10,free,DE,22,2,18.7,0,27,49,0,f5d16425-fa84-4f59-a8d1-44390c7bc161
usr_149ee82daf20,2025-11-30,free,FR,43,10,19.0,0,16,89,1,f5d16425-fa84-4f59-a8d1-44390c7bc161
usr_bf3a0d569933,2024-11-26,free,UK,46,12,5.8,0,5,51,1,f5d16425-fa84-4f59-a8d1-44390c7bc161
usr_dd12cb1f0439,2025-11-02,free,UK,21,10,4.5,2,29,45,0,f5d16425-fa84-4f59-a8d1-44390c7bc161
usr_4b79575afb7b,2024-01-29,free,FR,3,3,3.9,1,3,67,0,f5d16425-fa84-4f59-a8d1-44390c7bc161
usr_cb33e8ddd47d,2024-08-31,free,US,27,2,15.6,2,12,14,0,f5d16425-fa84-4f59-a8d1-44390c7bc161
usr_c42ad1c7b610,2026-04-30,pro,DE,45,1,12.8,5,6,82,0,f5d16425-fa84-4f59-a8d1-44390c7bc161
usr_f13378165bd0,2025-07-19,pro,DE,1,9,7.4,2,0,17,0,f5d16425-fa84-4f59-a8d1-44390c7bc161
usr_033a2a6b45e5,2025-03-11,enterprise,FR,30,5,16.6,2,0,10,0,f5d16425-fa84-4f59-a8d1-44390c7bc161
usr_e4f9e2ca52d6,2024-01-17,free,US,45,14,13.7,1,29,78,0,f5d16425-fa84-4f59-a8d1-44390c7bc161
usr_cdbfccb60879,2025-09-05,free,CA,35,6,2.8,1,14,58,0,f5d16425-fa84-4f59-a8d1-44390c7bc161
usr_bd8e6630cf01,2024-01-27,free,UK,28,10,9.5,5,29,46,0,f5d16425-fa84-4f59-a8d1-44390c7bc161
usr_bc115596f1a2,2024-08-06,free,US,41,2,13.1,3,14,33,1,f5d16425-fa84-4f59-a8d1-44390c7bc161
usr_e664ad845bc8,2025-07-01,pro,US,20,1,19.4,0,1,64,0,f5d16425-fa84-4f59-a8d1-44390c7bc161
usr_c0260cfcb89d,2025-06-16,free,FR,20,9,4.9,5,10,86,0,f5d16425-fa84-4f59-a8d1-44390c7bc161
usr_0909fe9317f4,2025-11-17,free,FR,4,0,10.8,1,4,51,0,f5d16425-fa84-4f59-a8d1-44390c7bc161
usr_fead764e8efa,2024-11-11,free,UK,24,12,4.6,3,20,38,0,f5d16425-fa84-4f59-a8d1-44390c7bc161
usr_47a9fc177368,2025-04-27,free,US,17,8,14.9,1,4,88,0,f5d16425-fa84-4f59-a8d1-44390c7bc161
usr_a3e60d7ee9e0,2025-12-07,pro,DE,16,10,3.5,4,21,75,0,f5d16425-fa84-4f59-a8d1-44390c7bc161
usr_05b8775fde9f,2025-02-12,pro,DE,43,5,5.4,1,20,13,1,f5d16425-fa84-4f59-a8d1-44390c7bc161
usr_2977fd92b112,2024-09-07,enterprise,UK,19,9,15.7,4,25,87,0,f5d16425-fa84-4f59-a8d1-44390c7bc161
usr_634cfe4ff566,2024-12-04,free,DE,38,3,16.7,3,23,91,1,f5d16425-fa84-4f59-a8d1-44390c7bc161
usr_f1d2c3932575,2025-04-17,pro,DE,16,6,18.7,4,26,91,0,f5d16425-fa84-4f59-a8d1-44390c7bc161
usr_51887961d95a,2025-02-20,free,FR,28,13,6.3,2,3,16,0,f5d16425-fa84-4f59-a8d1-44390c7bc161
usr_7ff0d8218ce4,2025-12-20,free,US,19,6,3.8,1,8,52,0,f5d16425-fa84-4f59-a8d1-44390c7bc161
usr_5e0d506e3f3d,2024-10-16,pro,CA,28,12,12.3,1,20,13,0,f5d16425-fa84-4f59-a8d1-44390c7bc161
usr_88fe1a44e76e,2024-04-14,free,DE,20,10,13.5,3,13,61,0,f5d16425-fa84-4f59-a8d1-44390c7bc161
usr_2c5f70b8b30c,2026-02-22,pro,FR,5,7,6.1,4,26,13,0,f5d16425-fa84-4f59-a8d1-44390c7bc161
usr_44ebea35f7e3,2025-12-24,free,DE,41,2,5.6,0,14,43,0,f5d16425-fa84-4f59-a8d1-44390c7bc161
usr_aaedbb2e151a,2026-02-19,free,DE,49,5,5.1,1,7,46,0,f5d16425-fa84-4f59-a8d1-44390c7bc161
usr_27016a6fa03a,2025-06-22,free,FR,11,9,4.9,5,18,13,0,f5d16425-fa84-4f59-a8d1-44390c7bc161
usr_b5c8d3899c54,2024-10-10,pro,UK,4,9,11.5,3,22,75,1,f5d16425-fa84-4f59-a8d1-44390c7bc161
usr_9920b57b885f,2026-02-05,pro,CA,7,11,13.9,5,14,41,0,f5d16425-fa84-4f59-a8d1-44390c7bc161
usr_e6b31e13d6dd,2025-08-04,free,FR,17,2,13.2,1,19,63,0,f5d16425-fa84-4f59-a8d1-44390c7bc161
usr_90064af5c654,2024-01-21,pro,CA,9,11,7.7,1,7,59,0,f5d16425-fa84-4f59-a8d1-44390c7bc161
usr_509e3eefec80,2026-03-07,pro,CA,6,1,14.0,0,6,79,0,f5d16425-fa84-4f59-a8d1-44390c7bc161
usr_241b8713094b,2024-08-15,free,US,34,8,13.7,3,5,40,0,f5d16425-fa84-4f59-a8d1-44390c7bc161
usr_f3ab366f3310,2024-08-01,free,CA,15,7,19.6,3,12,50,0,f5d16425-fa84-4f59-a8d1-44390c7bc161
usr_3c808b658d44,2025-08-23,enterprise,US,39,10,14.6,0,26,57,0,f5d16425-fa84-4f59-a8d1-44390c7bc161
usr_5dc049ac0595,2024-05-17,free,FR,36,7,13.0,2,29,60,0,f5d16425-fa84-4f59-a8d1-44390c7bc161
usr_8a33ad44febe,2025-12-04,free,CA,18,13,12.9,4,1,23,0,f5d16425-fa84-4f59-a8d1-44390c7bc161
usr_703c0d99a472,2024-11-16,free,US,40,10,1.9,0,2,25,0,f5d16425-fa84-4f59-a8d1-44390c7bc161
usr_acc5584f7c7f,2025-09-25,free,FR,30,6,11.3,3,4,11,0,f5d16425-fa84-4f59-a8d1-44390c7bc161
usr_46cc15a965b3,2025-10-08,pro,CA,29,6,7.6,4,13,48,0,f5d16425-fa84-4f59-a8d1-44390c7bc161
usr_ef679c05c13c,2026-03-24,free,CA,41,7,11.8,2,29,47,0,f5d16425-fa84-4f59-a8d1-44390c7bc161
usr_ef31cc6ffca6,2025-07-16,pro,UK,36,11,10.4,4,1,84,0,f5d16425-fa84-4f59-a8d1-44390c7bc161
usr_a08d8c6fc746,2026-01-04,free,US,24,5,9.8,1,29,57,0,f5d16425-fa84-4f59-a8d1-44390c7bc161
usr_14e1da6da2cc,2025-08-26,pro,DE,19,13,2.8,0,4,75,0,f5d16425-fa84-4f59-a8d1-44390c7bc161
usr_b7458a248d74,2026-03-25,free,US,2,10,7.3,5,9,12,0,f5d16425-fa84-4f59-a8d1-44390c7bc161
usr_c6676197b67e,2024-01-15,free,UK,25,1,2.3,0,9,29,0,f5d16425-fa84-4f59-a8d1-44390c7bc161
usr_e19e01a40ff4,2025-10-19,free,DE,2,2,3.0,3,13,82,0,f5d16425-fa84-4f59-a8d1-44390c7bc161
usr_14ad9c3d48af,2025-03-09,free,DE,49,5,18.1,0,0,28,0,f5d16425-fa84-4f59-a8d1-44390c7bc161
usr_758c52a37c14,2024-05-23,pro,FR,15,13,15.1,5,24,72,0,f5d16425-fa84-4f59-a8d1-44390c7bc161
usr_17fdce143684,2025-08-03,free,CA,3,14,16.8,4,10,66,1,f5d16425-fa84-4f59-a8d1-44390c7bc161
usr_da71acd7e780,2025-03-09,pro,DE,0,7,4.6,5,1,55,0,f5d16425-fa84-4f59-a8d1-44390c7bc161
usr_181607910c77,2026-04-10,free,DE,19,3,9.9,1,1,25,0,f5d16425-fa84-4f59-a8d1-44390c7bc161
usr_8a092b0261d9,2024-05-07,free,US,45,1,3.7,1,23,53,0,f5d16425-fa84-4f59-a8d1-44390c7bc161
usr_2bddc30ceacb,2025-02-10,free,FR,4,14,9.6,5,25,24,0,f5d16425-fa84-4f59-a8d1-44390c7bc161
usr_65e72461f011,2024-08-21,free,DE,20,1,13.0,2,27,23,0,f5d16425-fa84-4f59-a8d1-44390c7bc161
usr_3a2fd3be5568,2024-04-08,free,FR,28,2,3.8,3,5,76,0,f5d16425-fa84-4f59-a8d1-44390c7bc161
usr_3281f3faa6fe,2024-11-28,free,FR,43,1,1.8,3,25,55,0,f5d16425-fa84-4f59-a8d1-44390c7bc161
usr_bb1b30f6962a,2025-02-18,free,UK,11,2,18.9,0,16,88,0,f5d16425-fa84-4f59-a8d1-44390c7bc161
usr_2dd428923848,2025-03-02,free,FR,36,9,6.9,1,23,20,0,f5d16425-fa84-4f59-a8d1-44390c7bc161
usr_b3263d89ce5c,2026-02-08,free,US,19,3,19.2,1,3,25,0,f5d16425-fa84-4f59-a8d1-44390c7bc161
usr_fc5eb597499c,2025-11-04,free,CA,27,2,4.5,1,15,91,0,f5d16425-fa84-4f59-a8d1-44390c7bc161
usr_02e5cbaabc8f,2024-02-17,free,DE,36,9,3.8,1,4,61,1,f5d16425-fa84-4f59-a8d1-44390c7bc161
usr_be8160e41ec3,2025-03-12,enterprise,DE,22,11,2.6,3,22,59,0,f5d16425-fa84-4f59-a8d1-44390c7bc161
usr_7fc28e32fce5,2025-06-14,free,UK,36,1,9.6,1,11,72,0,f5d16425-fa84-4f59-a8d1-44390c7bc161
usr_9fc6e9a4593c,2025-08-09,free,US,2,12,19.6,1,13,75,1,f5d16425-fa84-4f59-a8d1-44390c7bc161
usr_31d912aae141,2025-07-13,free,FR,37,9,1.3,2,15,26,1,f5d16425-fa84-4f59-a8d1-44390c7bc161
usr_cfdc554ada8b,2024-02-17,free,DE,8,10,16.1,1,25,72,0,f5d16425-fa84-4f59-a8d1-44390c7bc161
usr_690eeb0957b4,2024-01-07,free,DE,20,2,2.0,2,16,37,0,f5d16425-fa84-4f59-a8d1-44390c7bc161
usr_fc5bb0882fc1,2025-07-21,free,FR,32,13,16.4,3,23,64,0,f5d16425-fa84-4f59-a8d1-44390c7bc161
usr_fe3c35aa4bbd,2024-02-18,free,UK,28,6,5.7,3,2,37,0,f5d16425-fa84-4f59-a8d1-44390c7bc161
usr_487650a5517a,2026-01-24,pro,DE,46,14,13.8,1,2,19,0,f5d16425-fa84-4f59-a8d1-44390c7bc161
usr_668633b9b9ce,2024-04-08,free,CA,39,1,13.6,3,14,59,0,f5d16425-fa84-4f59-a8d1-44390c7bc161
usr_09db832e91b0,2025-10-14,enterprise,CA,14,5,1.6,5,5,75,1,f5d16425-fa84-4f59-a8d1-44390c7bc161
usr_c1daf963e7a0,2024-08-24,free,UK,34,1,8.6,0,18,30,0,f5d16425-fa84-4f59-a8d1-44390c7bc161
usr_aa7bbf065ba4,2024-02-13,pro,UK,44,13,6.6,2,28,90,1,f5d16425-fa84-4f59-a8d1-44390c7bc161
usr_f4c51e574a44,2026-04-15,free,CA,48,10,17.2,2,3,40,0,f5d16425-fa84-4f59-a8d1-44390c7bc161
usr_12016ff852cd,2025-02-14,free,CA,35,3,2.6,4,9,47,0,f5d16425-fa84-4f59-a8d1-44390c7bc161
usr_bdc79fcef398,2025-05-29,free,US,22,3,7.6,0,0,49,0,f5d16425-fa84-4f59-a8d1-44390c7bc161
usr_13e63ff63783,2025-05-12,free,US,39,12,11.4,2,23,35,0,f5d16425-fa84-4f59-a8d1-44390c7bc161
usr_adfb83ebe71f,2024-07-26,pro,CA,24,0,8.6,1,28,54,0,f5d16425-fa84-4f59-a8d1-44390c7bc161
usr_0fb5e564ded0,2026-03-21,free,FR,15,1,3.0,4,4,72,1,f5d16425-fa84-4f59-a8d1-44390c7bc161
usr_ffb602a21cf7,2024-03-07,free,DE,4,14,6.7,2,24,27,1,f5d16425-fa84-4f59-a8d1-44390c7bc161
usr_c896b5627da7,2025-05-31,free,UK,35,8,7.7,2,15,34,0,f5d16425-fa84-4f59-a8d1-44390c7bc161
usr_da7e3e8d0269,2024-08-03,free,FR,30,4,7.5,2,23,30,0,f5d16425-fa84-4f59-a8d1-44390c7bc161
usr_aa37c6311b2e,2025-12-29,pro,DE,31,4,14.8,5,25,86,0,f5d16425-fa84-4f59-a8d1-44390c7bc161
usr_1365ee1aace6,2024-07-07,free,UK,16,5,8.0,0,12,29,0,f5d16425-fa84-4f59-a8d1-44390c7bc161
usr_9b740f07f3eb,2026-02-18,free,UK,40,2,1.3,2,24,84,1,f5d16425-fa84-4f59-a8d1-44390c7bc161
usr_0a289e1797aa,2025-09-12,free,CA,32,3,15.8,5,10,32,1,f5d16425-fa84-4f59-a8d1-44390c7bc161
usr_3c4a56fca288,2024-09-14,free,UK,15,9,13.4,3,13,69,0,f5d16425-fa84-4f59-a8d1-44390c7bc161
usr_726b229ddd40,2024-02-18,pro,UK,21,0,8.8,0,17,41,1,f5d16425-fa84-4f59-a8d1-44390c7bc161
usr_89d88ae43a14,2024-06-04,free,FR,22,7,8.9,1,13,39,1,f5d16425-fa84-4f59-a8d1-44390c7bc161
usr_994075c5e749,2024-11-24,free,US,2,4,7.9,4,25,85,0,f5d16425-fa84-4f59-a8d1-44390c7bc161
usr_47fdd504a1cd,2025-11-20,pro,FR,32,13,12.8,1,11,82,0,f5d16425-fa84-4f59-a8d1-44390c7bc161
usr_c3b8fa6a977a,2026-02-04,free,CA,19,13,4.9,0,24,20,0,f5d16425-fa84-4f59-a8d1-44390c7bc161
usr_fd2609e5945b,2024-10-27,free,CA,36,7,12.3,2,4,66,0,f5d16425-fa84-4f59-a8d1-44390c7bc161
usr_f78e1b6956b8,2024-09-06,pro,FR,45,2,6.6,5,29,21,0,f5d16425-fa84-4f59-a8d1-44390c7bc161
usr_7e2ee233d865,2024-01-21,pro,DE,37,5,19.1,2,17,56,0,f5d16425-fa84-4f59-a8d1-44390c7bc161
usr_d1f4e8f4bec0,2026-01-18,free,UK,29,10,14.0,4,12,50,0,f5d16425-fa84-4f59-a8d1-44390c7bc161
usr_de4e24bed01e,2024-07-23,free,FR,32,13,19.3,2,0,11,0,f5d16425-fa84-4f59-a8d1-44390c7bc161
usr_0ab4518aca0c,2024-02-13,free,CA,40,8,8.9,5,2,38,0,f5d16425-fa84-4f59-a8d1-44390c7bc161
usr_bf277064561e,2024-04-21,free,FR,4,14,13.9,5,20,42,0,f5d16425-fa84-4f59-a8d1-44390c7bc161
usr_d7b74fdabc75,2024-12-17,free,FR,15,12,4.9,4,3,61,0,f5d16425-fa84-4f59-a8d1-44390c7bc161
usr_86ddc70b5ce9,2026-03-11,pro,US,47,6,13.9,0,14,39,0,f5d16425-fa84-4f59-a8d1-44390c7bc161
usr_ce026609499a,2025-11-29,free,DE,13,5,12.1,1,21,76,1,f5d16425-fa84-4f59-a8d1-44390c7bc161
usr_82d5959a3f08,2024-01-11,free,CA,42,11,4.1,3,27,50,0,f5d16425-fa84-4f59-a8d1-44390c7bc161
usr_19b5c3ee0e8e,2025-08-09,free,FR,10,11,8.1,1,13,38,0,f5d16425-fa84-4f59-a8d1-44390c7bc161
usr_f2ca43ddedc5,2025-05-26,free,FR,48,0,9.5,1,6,75,0,f5d16425-fa84-4f59-a8d1-44390c7bc161
usr_eaf5055dc401,2024-12-01,pro,US,20,7,1.7,0,16,22,0,f5d16425-fa84-4f59-a8d1-44390c7bc161
usr_a467f4d5f381,2025-02-06,free,DE,33,0,7.2,2,3,28,0,f5d16425-fa84-4f59-a8d1-44390c7bc161
usr_c94a70281170,2025-12-16,free,UK,2,9,12.2,4,24,46,0,f5d16425-fa84-4f59-a8d1-44390c7bc161
usr_21efb048966d,2024-04-06,free,FR,38,3,6.0,3,24,65,0,f5d16425-fa84-4f59-a8d1-44390c7bc161
usr_bd5bc1233ccb,2025-10-27,free,DE,30,6,11.8,4,15,40,0,f5d16425-fa84-4f59-a8d1-44390c7bc161
usr_9dd973b175e9,2026-04-21,enterprise,DE,27,2,18.3,1,15,64,1,f5d16425-fa84-4f59-a8d1-44390c7bc161
usr_ba2512e11a6b,2024-11-19,free,FR,14,6,19.9,5,15,30,0,f5d16425-fa84-4f59-a8d1-44390c7bc161
usr_d602a3c51ca6,2026-03-09,free,US,40,10,18.0,5,23,66,0,f5d16425-fa84-4f59-a8d1-44390c7bc161
usr_fbd5775b69d2,2024-08-15,free,FR,15,0,2.3,4,8,57,1,f5d16425-fa84-4f59-a8d1-44390c7bc161
usr_f81b216faf0f,2025-10-22,pro,UK,46,11,8.5,2,27,72,0,f5d16425-fa84-4f59-a8d1-44390c7bc161
usr_4c72479c0f4a,2024-07-06,free,CA,24,10,15.8,1,5,79,1,f5d16425-fa84-4f59-a8d1-44390c7bc161
usr_0c25f18fb1d4,2025-08-22,free,DE,7,9,8.4,0,23,42,0,f5d16425-fa84-4f59-a8d1-44390c7bc161
usr_d2cbf17e7aa2,2024-06-30,free,US,1,14,14.3,3,23,33,0,f5d16425-fa84-4f59-a8d1-44390c7bc161
usr_5785eabac3fa,2024-01-27,free,UK,12,13,3.0,3,0,86,0,f5d16425-fa84-4f59-a8d1-44390c7bc161
usr_2a37c6ab5beb,2024-12-15,free,UK,12,7,14.8,2,0,26,0,f5d16425-fa84-4f59-a8d1-44390c7bc161
usr_3ca07c8f0ab2,2025-07-20,free,DE,45,5,17.2,0,2,45,0,f5d16425-fa84-4f59-a8d1-44390c7bc161
usr_89dcd95aa826,2025-05-24,free,CA,6,0,13.6,0,13,27,0,f5d16425-fa84-4f59-a8d1-44390c7bc161
usr_d6697ebc3f82,2024-04-05,free,UK,35,10,15.2,5,26,60,0,f5d16425-fa84-4f59-a8d1-44390c7bc161
usr_46f78fc63f5d,2024-03-16,free,DE,37,5,12.4,1,20,63,0,f5d16425-fa84-4f59-a8d1-44390c7bc161
usr_bf66ede2a4dd,2025-05-24,pro,US,38,9,15.8,1,2,35,0,f5d16425-fa84-4f59-a8d1-44390c7bc161
usr_38208dc3be0f,2024-04-10,free,US,21,3,8.9,3,25,12,1,f5d16425-fa84-4f59-a8d1-44390c7bc161
usr_c07773cc1a33,2025-10-10,free,FR,25,9,15.8,2,11,78,0,f5d16425-fa84-4f59-a8d1-44390c7bc161
usr_2e654a795a33,2025-09-04,free,UK,18,14,18.2,2,25,81,0,f5d16425-fa84-4f59-a8d1-44390c7bc161
usr_f589dbf4d11f,2025-01-22,free,FR,44,8,12.4,5,14,54,0,f5d16425-fa84-4f59-a8d1-44390c7bc161
usr_4a7ecd8b9bee,2025-02-20,free,DE,25,9,18.7,3,7,35,0,f5d16425-fa84-4f59-a8d1-44390c7bc161
usr_b0d9e97789c4,2025-01-02,free,FR,38,10,17.8,5,3,34,0,f5d16425-fa84-4f59-a8d1-44390c7bc161
usr_d57383d7ee88,2025-01-13,pro,DE,39,3,14.8,1,18,83,0,f5d16425-fa84-4f59-a8d1-44390c7bc161
usr_eaa3989631d6,2024-01-05,free,DE,32,2,19.1,2,21,46,1,f5d16425-fa84-4f59-a8d1-44390c7bc161
usr_8962e88d82d0,2026-01-08,free,DE,5,7,17.4,4,14,27,0,f5d16425-fa84-4f59-a8d1-44390c7bc161
usr_d28786e246c0,2025-12-26,enterprise,US,32,11,10.0,0,17,59,0,f5d16425-fa84-4f59-a8d1-44390c7bc161
usr_37b6e0c952d4,2026-01-17,free,UK,30,9,12.7,2,21,62,0,f5d16425-fa84-4f59-a8d1-44390c7bc161
usr_7faf376e1668,2025-08-14,pro,DE,6,8,17.9,0,23,76,0,f5d16425-fa84-4f59-a8d1-44390c7bc161
usr_323854d780b2,2025-01-30,pro,US,11,3,13.9,3,22,92,1,f5d16425-fa84-4f59-a8d1-44390c7bc161
usr_0d850fe6d38a,2025-05-25,pro,FR,11,3,2.3,0,19,13,0,f5d16425-fa84-4f59-a8d1-44390c7bc161
usr_ed979865dae7,2025-01-08,free,CA,36,6,5.2,4,22,52,0,f5d16425-fa84-4f59-a8d1-44390c7bc161
usr_d8e868d87c0f,2024-07-26,free,UK,11,12,9.3,5,25,85,0,f5d16425-fa84-4f59-a8d1-44390c7bc161
usr_903c0bbdc7e5,2025-05-26,free,UK,19,9,12.2,5,17,80,0,f5d16425-fa84-4f59-a8d1-44390c7bc161
usr_764ba0ab68fe,2025-07-16,free,CA,6,13,6.4,4,26,12,0,f5d16425-fa84-4f59-a8d1-44390c7bc161
usr_c34195db3aa1,2025-11-03,free,UK,19,2,19.7,1,3,75,0,f5d16425-fa84-4f59-a8d1-44390c7bc161
usr_3fbe44b52e62,2026-01-29,pro,CA,43,10,2.7,1,18,91,1,f5d16425-fa84-4f59-a8d1-44390c7bc161
usr_29c83ec654cb,2025-02-26,free,US,36,3,9.7,1,24,31,0,f5d16425-fa84-4f59-a8d1-44390c7bc161
usr_a99638d952ff,2024-07-02,free,CA,1,11,13.0,1,17,86,0,f5d16425-fa84-4f59-a8d1-44390c7bc161
usr_a357ccbc8f6a,2025-02-03,free,UK,40,10,18.9,3,10,15,0,f5d16425-fa84-4f59-a8d1-44390c7bc161
usr_692e7047b707,2024-04-01,pro,DE,16,13,6.1,5,23,33,0,f5d16425-fa84-4f59-a8d1-44390c7bc161
usr_b9df7f26072a,2025-08-18,free,UK,6,9,13.2,2,13,93,0,f5d16425-fa84-4f59-a8d1-44390c7bc161
usr_df129be37cd0,2024-12-23,free,CA,13,13,7.3,1,28,53,1,f5d16425-fa84-4f59-a8d1-44390c7bc161
usr_44a920ca2ca4,2025-03-04,free,CA,18,9,2.5,0,26,31,0,f5d16425-fa84-4f59-a8d1-44390c7bc161
usr_38349e78a3c9,2024-08-03,free,CA,25,7,12.4,5,24,92,0,f5d16425-fa84-4f59-a8d1-44390c7bc161
usr_b6fe80fe2855,2024-02-15,free,US,48,4,18.2,1,8,85,0,f5d16425-fa84-4f59-a8d1-44390c7bc161
usr_710ea253e26c,2026-04-02,free,FR,49,6,16.5,2,15,89,1,f5d16425-fa84-4f59-a8d1-44390c7bc161
usr_c17811df9df0,2026-02-09,free,UK,21,9,18.5,3,22,94,0,f5d16425-fa84-4f59-a8d1-44390c7bc161
usr_340d997d1c36,2024-01-11,free,CA,34,4,12.2,2,17,38,0,f5d16425-fa84-4f59-a8d1-44390c7bc161
usr_ec5b5b46dead,2025-01-08,free,UK,24,1,10.3,2,7,26,0,f5d16425-fa84-4f59-a8d1-44390c7bc161
usr_11916fca94f7,2024-10-22,enterprise,UK,14,13,3.7,5,5,74,0,f5d16425-fa84-4f59-a8d1-44390c7bc161
usr_a788bd5e897d,2024-09-15,free,US,35,6,8.5,3,2,61,0,f5d16425-fa84-4f59-a8d1-44390c7bc161
usr_3bb7dce50293,2024-05-12,free,FR,31,2,11.9,5,24,83,0,f5d16425-fa84-4f59-a8d1-44390c7bc161
usr_65e469ee2a24,2024-09-03,pro,FR,27,11,14.4,0,14,34,0,f5d16425-fa84-4f59-a8d1-44390c7bc161
usr_4916bebf9d09,2025-10-07,pro,FR,47,2,3.6,1,3,29,0,f5d16425-fa84-4f59-a8d1-44390c7bc161
usr_e6ecb6a8c02c,2025-08-18,pro,CA,20,13,7.6,4,18,37,1,f5d16425-fa84-4f59-a8d1-44390c7bc161
usr_2412f165bd07,2026-01-31,free,FR,4,8,9.4,5,24,23,0,f5d16425-fa84-4f59-a8d1-44390c7bc161
usr_e5a6206cc3e4,2024-05-06,free,US,34,14,15.6,4,7,52,0,f5d16425-fa84-4f59-a8d1-44390c7bc161
usr_9fdc9cab6637,2025-11-12,free,US,9,9,10.2,0,12,50,0,f5d16425-fa84-4f59-a8d1-44390c7bc161
usr_a2c35cd4ac22,2025-03-31,enterprise,UK,19,1,9.8,5,1,64,0,f5d16425-fa84-4f59-a8d1-44390c7bc161
usr_9165d263bb80,2024-01-25,pro,CA,6,9,8.2,5,23,52,0,f5d16425-fa84-4f59-a8d1-44390c7bc161
usr_b5704b7157c9,2026-01-29,free,FR,21,5,19.2,5,12,72,0,f5d16425-fa84-4f59-a8d1-44390c7bc161
usr_b5ca63726a9f,2024-12-08,pro,FR,38,9,13.5,0,24,78,0,f5d16425-fa84-4f59-a8d1-44390c7bc161
usr_2a455c0a6f8c,2024-01-20,free,UK,11,7,12.7,3,29,60,0,f5d16425-fa84-4f59-a8d1-44390c7bc161
usr_bc27a4592210,2024-02-06,free,US,48,9,18.1,5,6,13,0,f5d16425-fa84-4f59-a8d1-44390c7bc161
usr_ce1d06c109b0,2026-01-13,enterprise,FR,20,10,17.0,2,1,51,0,f5d16425-fa84-4f59-a8d1-44390c7bc161
usr_068af2643d4e,2025-02-07,enterprise,DE,23,3,16.1,2,9,66,0,f5d16425-fa84-4f59-a8d1-44390c7bc161
usr_a948da1feb94,2025-08-26,free,US,4,7,9.5,2,28,54,0,f5d16425-fa84-4f59-a8d1-44390c7bc161
usr_ed96c8c8cf55,2024-01-11,free,US,42,4,5.1,5,15,60,0,f5d16425-fa84-4f59-a8d1-44390c7bc161
usr_537228c41875,2026-04-23,free,UK,7,3,8.0,1,1,50,0,f5d16425-fa84-4f59-a8d1-44390c7bc161
usr_4dcf71d35421,2026-04-28,free,FR,23,7,1.5,5,13,22,0,f5d16425-fa84-4f59-a8d1-44390c7bc161
usr_d21a24af0c17,2025-03-06,free,CA,0,5,14.3,1,5,59,0,f5d16425-fa84-4f59-a8d1-44390c7bc161
usr_18b890357083,2025-06-16,free,FR,43,8,1.0,0,14,48,0,f5d16425-fa84-4f59-a8d1-44390c7bc161
usr_2861e7761d05,2024-11-06,pro,CA,12,11,19.1,0,16,42,0,f5d16425-fa84-4f59-a8d1-44390c7bc161
usr_5c4685816f32,2024-04-16,free,DE,42,1,1.3,5,16,52,0,f5d16425-fa84-4f59-a8d1-44390c7bc161
usr_ae3354fc5046,2024-11-29,free,DE,19,12,13.8,2,7,14,0,f5d16425-fa84-4f59-a8d1-44390c7bc161
usr_3819ae078d00,2025-09-02,free,UK,44,6,13.8,5,24,80,0,f5d16425-fa84-4f59-a8d1-44390c7bc161
usr_4283b1c6a2fa,2026-03-12,pro,US,15,7,1.8,3,25,51,0,f5d16425-fa84-4f59-a8d1-44390c7bc161
usr_20d4e29b5ba0,2024-12-01,pro,CA,22,7,18.1,0,4,92,0,f5d16425-fa84-4f59-a8d1-44390c7bc161
usr_3c0292aa291a,2024-06-10,pro,FR,26,2,18.8,3,18,83,0,f5d16425-fa84-4f59-a8d1-44390c7bc161
usr_6eff2d3f3552,2025-02-15,free,UK,36,6,1.7,4,11,71,0,f5d16425-fa84-4f59-a8d1-44390c7bc161
usr_953d450b984a,2024-07-04,free,CA,36,3,16.6,3,27,28,0,f5d16425-fa84-4f59-a8d1-44390c7bc161
usr_7b2023f592a9,2025-03-23,free,US,25,13,7.1,3,16,28,0,f5d16425-fa84-4f59-a8d1-44390c7bc161
usr_a8095dc1c256,2024-12-18,free,FR,28,13,1.8,5,18,86,0,f5d16425-fa84-4f59-a8d1-44390c7bc161
usr_20d35def036a,2024-02-05,pro,CA,33,0,6.0,3,21,81,1,f5d16425-fa84-4f59-a8d1-44390c7bc161
usr_65da521a4de7,2025-10-27,free,FR,49,3,15.3,2,7,62,0,f5d16425-fa84-4f59-a8d1-44390c7bc161
usr_d6c182c50f13,2024-12-14,pro,UK,16,10,13.7,0,8,41,0,f5d16425-fa84-4f59-a8d1-44390c7bc161
usr_9cd3cb43cba8,2025-12-27,pro,CA,11,6,11.6,5,28,76,0,f5d16425-fa84-4f59-a8d1-44390c7bc161
usr_729afee1925b,2024-06-29,free,CA,12,2,7.0,2,15,76,0,f5d16425-fa84-4f59-a8d1-44390c7bc161
usr_56d544f4f14c,2025-04-23,free,DE,30,8,9.8,2,19,13,0,f5d16425-fa84-4f59-a8d1-44390c7bc161
usr_085539983ec9,2025-09-24,enterprise,FR,16,9,6.6,3,10,32,0,f5d16425-fa84-4f59-a8d1-44390c7bc161
usr_57705db6689f,2025-08-05,free,DE,42,8,16.7,2,21,12,0,f5d16425-fa84-4f59-a8d1-44390c7bc161
usr_5889e8620ba1,2024-04-19,free,CA,22,4,12.6,5,15,19,0,f5d16425-fa84-4f59-a8d1-44390c7bc161
usr_d8666557f41c,2025-06-14,free,UK,28,3,17.2,1,7,43,0,f5d16425-fa84-4f59-a8d1-44390c7bc161
usr_5dd87828b1fc,2024-01-24,pro,DE,43,2,2.9,3,12,14,0,f5d16425-fa84-4f59-a8d1-44390c7bc161
usr_635949dfe9d1,2025-01-06,pro,DE,1,14,3.2,4,5,22,0,f5d16425-fa84-4f59-a8d1-44390c7bc161
usr_3a770af6a07e,2024-01-11,enterprise,DE,22,0,17.3,3,13,46,0,f5d16425-fa84-4f59-a8d1-44390c7bc161
usr_c6fd7897dce4,2026-01-23,pro,FR,36,12,5.4,0,16,33,1,f5d16425-fa84-4f59-a8d1-44390c7bc161
usr_67a2696e2a6c,2025-12-23,free,US,26,13,8.7,5,4,36,0,f5d16425-fa84-4f59-a8d1-44390c7bc161
usr_d1acb0ed9ab6,2024-12-15,free,CA,0,1,12.0,1,4,87,0,f5d16425-fa84-4f59-a8d1-44390c7bc161
usr_6c4504973afa,2026-03-06,free,US,30,1,18.3,0,21,21,0,f5d16425-fa84-4f59-a8d1-44390c7bc161
usr_96da3b9df7bf,2024-07-07,free,FR,39,12,5.0,2,5,30,0,f5d16425-fa84-4f59-a8d1-44390c7bc161
usr_7feaf83d78cc,2024-04-21,enterprise,CA,17,10,19.8,4,8,72,0,f5d16425-fa84-4f59-a8d1-44390c7bc161
usr_29941f3d150b,2024-09-27,free,CA,9,14,9.8,1,27,62,0,f5d16425-fa84-4f59-a8d1-44390c7bc161
usr_f7d54944c16e,2025-10-25,free,CA,34,12,14.1,2,22,19,0,f5d16425-fa84-4f59-a8d1-44390c7bc161
usr_388b8a380d71,2026-03-28,free,FR,10,1,2.2,2,11,26,0,f5d16425-fa84-4f59-a8d1-44390c7bc161
usr_bf551664ca33,2024-11-14,pro,FR,49,12,2.0,0,13,40,0,f5d16425-fa84-4f59-a8d1-44390c7bc161
usr_1ccbdeb58abc,2025-01-13,free,DE,16,14,8.9,5,11,51,0,f5d16425-fa84-4f59-a8d1-44390c7bc161
usr_590749895475,2025-10-20,pro,UK,21,12,4.4,2,7,29,1,f5d16425-fa84-4f59-a8d1-44390c7bc161
usr_6822844765f1,2026-04-25,free,DE,7,13,1.6,1,14,93,0,f5d16425-fa84-4f59-a8d1-44390c7bc161
usr_c4dcfb4c2e54,2026-04-25,pro,US,29,13,7.4,2,19,41,0,f5d16425-fa84-4f59-a8d1-44390c7bc161
usr_834422165353,2024-10-24,free,DE,10,3,19.9,4,19,34,0,f5d16425-fa84-4f59-a8d1-44390c7bc161
usr_be78bd40a27e,2025-02-11,pro,CA,42,11,3.7,3,23,51,0,f5d16425-fa84-4f59-a8d1-44390c7bc161
usr_1b41ab7d808f,2025-08-01,free,DE,38,4,12.5,1,22,83,0,f5d16425-fa84-4f59-a8d1-44390c7bc161
usr_66717cdd0dda,2026-04-02,free,UK,12,14,15.7,2,28,18,0,f5d16425-fa84-4f59-a8d1-44390c7bc161
usr_380333e46e3f,2025-01-12,free,DE,44,14,15.5,3,25,66,0,f5d16425-fa84-4f59-a8d1-44390c7bc161
usr_48650481f19d,2024-03-29,free,UK,30,12,14.3,2,14,23,1,f5d16425-fa84-4f59-a8d1-44390c7bc161
usr_3acae2a74111,2025-05-31,free,CA,43,13,12.4,0,28,26,0,f5d16425-fa84-4f59-a8d1-44390c7bc161
usr_89d47558e23e,2026-01-08,free,US,2,6,13.9,0,9,94,0,f5d16425-fa84-4f59-a8d1-44390c7bc161
usr_9a29475d4aac,2024-10-30,pro,UK,44,4,19.9,2,26,92,0,f5d16425-fa84-4f59-a8d1-44390c7bc161
usr_40570912d27a,2024-07-19,pro,CA,16,2,15.4,0,10,64,0,f5d16425-fa84-4f59-a8d1-44390c7bc161
usr_0483909c5eea,2026-03-25,free,DE,39,0,13.7,2,18,20,1,f5d16425-fa84-4f59-a8d1-44390c7bc161
usr_5c88146e8bfa,2025-07-22,free,DE,48,14,11.5,4,10,20,0,f5d16425-fa84-4f59-a8d1-44390c7bc161
usr_ae587f7e3163,2025-07-23,free,CA,35,8,1.8,4,7,44,0,f5d16425-fa84-4f59-a8d1-44390c7bc161
usr_43d67f6d709a,2024-07-23,free,FR,18,1,6.6,5,6,79,0,f5d16425-fa84-4f59-a8d1-44390c7bc161
usr_7522f6da949c,2025-12-20,free,US,43,9,18.1,3,0,86,0,f5d16425-fa84-4f59-a8d1-44390c7bc161
usr_b975ab5b8792,2025-04-20,pro,DE,45,13,2.7,1,29,59,0,f5d16425-fa84-4f59-a8d1-44390c7bc161
usr_794a1024955a,2025-06-11,pro,DE,1,12,17.3,0,3,57,0,f5d16425-fa84-4f59-a8d1-44390c7bc161
usr_b1a8274856f3,2024-02-24,free,DE,41,2,2.7,0,8,41,0,f5d16425-fa84-4f59-a8d1-44390c7bc161
usr_682fd796ec5b,2024-02-26,free,DE,0,6,14.0,2,11,88,0,f5d16425-fa84-4f59-a8d1-44390c7bc161
usr_8180240bc18d,2026-01-21,free,FR,39,14,9.9,0,7,54,0,f5d16425-fa84-4f59-a8d1-44390c7bc161
usr_cf4044f6b24c,2025-09-21,free,FR,28,6,3.9,0,23,18,0,f5d16425-fa84-4f59-a8d1-44390c7bc161
usr_c16ec5f655e1,2024-05-11,pro,CA,17,2,14.6,4,9,23,0,f5d16425-fa84-4f59-a8d1-44390c7bc161
usr_d38ed6667af0,2025-12-25,free,US,45,11,10.5,2,0,72,0,f5d16425-fa84-4f59-a8d1-44390c7bc161
usr_fc7b3f0d5eb0,2024-09-09,enterprise,CA,16,12,10.8,4,11,56,0,f5d16425-fa84-4f59-a8d1-44390c7bc161
usr_aef1248ad36a,2026-02-07,pro,CA,13,4,15.6,2,25,46,1,f5d16425-fa84-4f59-a8d1-44390c7bc161
usr_4e79af62b59b,2024-06-25,free,CA,46,1,16.4,2,23,37,1,f5d16425-fa84-4f59-a8d1-44390c7bc161
usr_c92e978113b2,2024-06-03,free,UK,37,12,18.0,0,25,34,0,f5d16425-fa84-4f59-a8d1-44390c7bc161
usr_ed68a590367f,2025-09-09,free,DE,37,13,15.6,5,22,48,0,f5d16425-fa84-4f59-a8d1-44390c7bc161
usr_65f803f15324,2024-07-04,free,FR,38,7,8.2,4,23,53,0,f5d16425-fa84-4f59-a8d1-44390c7bc161
usr_251854f2c30c,2025-08-26,free,FR,6,8,12.7,3,13,36,0,f5d16425-fa84-4f59-a8d1-44390c7bc161
usr_74ace26aa85a,2024-05-03,pro,US,44,12,17.2,4,3,80,0,f5d16425-fa84-4f59-a8d1-44390c7bc161
usr_4a42edda2ba8,2026-04-28,free,CA,6,14,19.0,4,28,79,1,f5d16425-fa84-4f59-a8d1-44390c7bc161
usr_2f46e35eb92e,2025-05-22,free,CA,4,1,19.1,2,21,58,0,f5d16425-fa84-4f59-a8d1-44390c7bc161
usr_57424d1e39ba,2024-11-13,free,US,24,3,10.9,4,23,36,0,f5d16425-fa84-4f59-a8d1-44390c7bc161
usr_23fec8b2a6ab,2025-02-26,free,CA,42,8,6.4,5,25,52,0,f5d16425-fa84-4f59-a8d1-44390c7bc161
usr_fb74589a56d2,2025-02-06,pro,DE,24,10,5.9,4,17,60,0,f5d16425-fa84-4f59-a8d1-44390c7bc161
usr_398d3b71c6c9,2026-02-18,free,UK,34,10,18.0,2,6,61,0,f5d16425-fa84-4f59-a8d1-44390c7bc161
usr_f934ddd56a7d,2024-10-29,free,UK,30,12,8.6,4,10,65,0,f5d16425-fa84-4f59-a8d1-44390c7bc161
usr_47fe3800ffb6,2024-05-31,free,US,32,2,17.7,0,10,45,0,f5d16425-fa84-4f59-a8d1-44390c7bc161
usr_506312b5c549,2025-07-28,pro,UK,40,7,15.5,0,17,43,1,f5d16425-fa84-4f59-a8d1-44390c7bc161
usr_21e7fde8f74f,2024-11-15,pro,UK,5,6,18.8,1,8,28,0,f5d16425-fa84-4f59-a8d1-44390c7bc161
usr_2189c149f933,2025-05-23,free,FR,24,5,8.4,3,15,22,0,f5d16425-fa84-4f59-a8d1-44390c7bc161
usr_b1d429f1aa1d,2024-04-04,pro,UK,44,12,14.7,3,13,82,0,f5d16425-fa84-4f59-a8d1-44390c7bc161
usr_e2b1f37a5966,2026-03-10,free,FR,8,0,9.8,0,14,39,0,f5d16425-fa84-4f59-a8d1-44390c7bc161
usr_8beeb16e12c2,2024-09-03,pro,FR,48,3,18.1,3,23,44,0,f5d16425-fa84-4f59-a8d1-44390c7bc161
usr_d481ac5b2544,2025-08-18,free,UK,3,9,18.0,0,28,53,1,f5d16425-fa84-4f59-a8d1-44390c7bc161
usr_5ebecb06ea29,2025-03-17,enterprise,US,45,10,9.9,1,14,92,0,f5d16425-fa84-4f59-a8d1-44390c7bc161
usr_727734c7da97,2025-07-20,free,FR,49,10,19.3,3,27,69,0,f5d16425-fa84-4f59-a8d1-44390c7bc161
usr_9934a2cc30d5,2024-12-30,free,CA,12,10,7.7,4,19,90,0,f5d16425-fa84-4f59-a8d1-44390c7bc161
usr_e454ad65f508,2026-02-14,free,DE,15,12,4.1,4,29,83,0,f5d16425-fa84-4f59-a8d1-44390c7bc161
usr_09759e37f814,2024-06-14,pro,US,10,2,12.2,1,19,49,0,f5d16425-fa84-4f59-a8d1-44390c7bc161
usr_4db7bd8b2514,2024-10-23,free,US,42,3,4.2,2,20,30,0,f5d16425-fa84-4f59-a8d1-44390c7bc161
usr_b5efb4f6994d,2025-01-16,free,US,36,6,2.4,3,3,56,1,f5d16425-fa84-4f59-a8d1-44390c7bc161
usr_843ebef99723,2026-01-09,free,UK,42,10,7.9,0,29,17,0,f5d16425-fa84-4f59-a8d1-44390c7bc161
usr_b1cbe4c0ad36,2025-04-09,pro,UK,11,9,5.7,4,28,26,0,f5d16425-fa84-4f59-a8d1-44390c7bc161
usr_bffcd3e3e802,2024-09-25,pro,US,38,4,12.8,0,8,18,0,f5d16425-fa84-4f59-a8d1-44390c7bc161
usr_fb928fd044c1,2024-04-23,free,FR,41,9,14.9,4,14,15,0,f5d16425-fa84-4f59-a8d1-44390c7bc161
usr_edbd6894504d,2025-06-20,free,FR,4,5,12.1,2,7,36,1,f5d16425-fa84-4f59-a8d1-44390c7bc161
usr_fbc599ce5dc7,2024-12-27,free,US,13,6,16.6,2,3,66,0,f5d16425-fa84-4f59-a8d1-44390c7bc161
usr_f6c18cc5bb29,2024-12-11,pro,US,13,8,16.1,2,3,39,0,f5d16425-fa84-4f59-a8d1-44390c7bc161
usr_fffe68af72b4,2025-01-05,free,DE,14,9,18.7,0,20,77,0,f5d16425-fa84-4f59-a8d1-44390c7bc161
usr_dd1fa0cb063c,2025-09-02,free,CA,19,2,15.4,0,8,65,1,f5d16425-fa84-4f59-a8d1-44390c7bc161
usr_86c987ca1ce6,2025-07-22,pro,DE,21,11,7.1,2,0,94,0,f5d16425-fa84-4f59-a8d1-44390c7bc161
usr_6aada308ac00,2026-04-06,enterprise,FR,46,6,5.0,1,16,44,0,f5d16425-fa84-4f59-a8d1-44390c7bc161
usr_2e85d10e8763,2024-12-26,free,FR,15,11,15.0,4,7,79,0,f5d16425-fa84-4f59-a8d1-44390c7bc161
usr_97b090d27b9f,2025-07-20,pro,UK,26,11,11.8,5,15,21,0,f5d16425-fa84-4f59-a8d1-44390c7bc161
usr_a35ba47eceae,2025-08-05,free,US,33,2,7.6,4,9,51,0,f5d16425-fa84-4f59-a8d1-44390c7bc161
usr_2ace53d03639,2024-09-24,pro,US,24,7,15.7,2,17,48,1,f5d16425-fa84-4f59-a8d1-44390c7bc161
usr_75ef33b178dd,2025-02-19,free,UK,23,12,16.6,4,6,12,1,f5d16425-fa84-4f59-a8d1-44390c7bc161
usr_84b696f3a879,2025-02-07,free,CA,12,6,4.4,4,1,38,0,f5d16425-fa84-4f59-a8d1-44390c7bc161
usr_476595845eb5,2025-01-05,pro,UK,0,6,4.9,3,24,84,1,f5d16425-fa84-4f59-a8d1-44390c7bc161
usr_6159ad6550f3,2025-08-11,free,UK,7,10,2.2,5,14,53,0,f5d16425-fa84-4f59-a8d1-44390c7bc161
usr_8bb358804a84,2024-05-07,pro,CA,29,11,7.4,0,14,58,0,f5d16425-fa84-4f59-a8d1-44390c7bc161
usr_418a5c4adf7b,2024-05-22,free,DE,36,6,19.3,1,28,61,0,f5d16425-fa84-4f59-a8d1-44390c7bc161
usr_d085a154586d,2025-08-29,free,UK,43,14,5.2,2,18,16,0,f5d16425-fa84-4f59-a8d1-44390c7bc161
usr_3808c9000d25,2024-06-21,free,CA,21,2,3.2,2,20,79,0,f5d16425-fa84-4f59-a8d1-44390c7bc161
usr_c18f90ffb225,2024-07-24,free,US,27,4,14.3,4,18,36,0,f5d16425-fa84-4f59-a8d1-44390c7bc161
usr_d5a4ee3fbffe,2024-04-17,free,US,49,3,1.0,1,27,82,0,f5d16425-fa84-4f59-a8d1-44390c7bc161
usr_70707f435db7,2026-02-22,pro,FR,15,0,19.1,5,12,49,1,f5d16425-fa84-4f59-a8d1-44390c7bc161
usr_fb9607fb31aa,2026-04-11,pro,DE,6,10,19.5,5,24,74,0,f5d16425-fa84-4f59-a8d1-44390c7bc161
usr_ca1d04902d2d,2025-09-16,pro,DE,47,7,2.9,4,4,42,0,f5d16425-fa84-4f59-a8d1-44390c7bc161
usr_ddac6852188e,2025-08-21,free,US,29,13,6.5,4,11,31,0,f5d16425-fa84-4f59-a8d1-44390c7bc161
usr_a3597dff4051,2024-03-09,enterprise,US,17,5,8.8,2,7,43,0,f5d16425-fa84-4f59-a8d1-44390c7bc161
usr_92e93777f1f2,2026-04-10,enterprise,US,22,11,13.6,5,21,47,0,f5d16425-fa84-4f59-a8d1-44390c7bc161
usr_9763d9915a17,2024-11-07,free,US,19,3,2.5,3,1,93,0,f5d16425-fa84-4f59-a8d1-44390c7bc161
usr_a91e19583e74,2025-11-18,free,FR,33,5,14.2,0,3,35,1,f5d16425-fa84-4f59-a8d1-44390c7bc161
usr_62ddea5ccd22,2024-06-28,free,DE,11,0,8.6,2,10,27,0,f5d16425-fa84-4f59-a8d1-44390c7bc161
usr_a87d49168b5a,2024-11-25,pro,DE,9,3,5.5,2,3,21,0,f5d16425-fa84-4f59-a8d1-44390c7bc161
usr_253563b01c5b,2026-04-16,pro,DE,12,13,8.1,3,4,85,0,f5d16425-fa84-4f59-a8d1-44390c7bc161
usr_f22cc83fd559,2024-06-12,free,US,21,1,5.2,1,18,81,0,f5d16425-fa84-4f59-a8d1-44390c7bc161
usr_3e37fd6ded12,2024-05-23,free,US,5,14,1.0,1,29,28,0,f5d16425-fa84-4f59-a8d1-44390c7bc161
usr_d8e2f3c6c4ea,2025-09-24,free,DE,3,1,19.6,3,29,82,0,f5d16425-fa84-4f59-a8d1-44390c7bc161
usr_7f607f3a29e8,2024-02-27,pro,CA,38,13,20.0,4,27,19,0,f5d16425-fa84-4f59-a8d1-44390c7bc161
usr_2962d350206a,2025-12-19,free,US,13,12,19.5,2,25,14,1,f5d16425-fa84-4f59-a8d1-44390c7bc161
usr_aa4a2b6c3c3e,2025-12-11,free,DE,44,7,17.2,5,23,56,0,f5d16425-fa84-4f59-a8d1-44390c7bc161
usr_cc6425df926c,2026-03-01,free,CA,24,5,14.3,4,8,46,0,f5d16425-fa84-4f59-a8d1-44390c7bc161
usr_6d2c22795d48,2024-12-22,free,DE,49,6,4.0,4,22,83,0,f5d16425-fa84-4f59-a8d1-44390c7bc161
usr_20d3a60bc111,2024-06-14,free,US,47,11,14.9,0,19,37,0,f5d16425-fa84-4f59-a8d1-44390c7bc161
usr_4aa9a2ec500c,2024-09-04,free,US,43,4,3.2,1,15,53,0,f5d16425-fa84-4f59-a8d1-44390c7bc161
usr_77d4f4a4d745,2025-04-13,free,UK,16,2,5.3,3,1,70,0,f5d16425-fa84-4f59-a8d1-44390c7bc161
usr_683658de7157,2024-07-07,pro,DE,8,14,5.1,5,1,74,0,f5d16425-fa84-4f59-a8d1-44390c7bc161
usr_6561b50307f6,2025-01-03,pro,UK,31,0,15.6,0,16,18,0,f5d16425-fa84-4f59-a8d1-44390c7bc161
usr_ac113ea14252,2024-04-19,enterprise,DE,7,1,9.1,1,17,79,0,f5d16425-fa84-4f59-a8d1-44390c7bc161
usr_e160173f15bc,2025-10-07,pro,UK,22,10,13.4,1,23,93,0,f5d16425-fa84-4f59-a8d1-44390c7bc161
usr_e8935ee9b967,2024-10-19,free,US,43,11,5.6,4,15,20,0,f5d16425-fa84-4f59-a8d1-44390c7bc161
usr_3ee225b99dc8,2026-04-08,free,DE,16,6,7.1,5,28,88,0,f5d16425-fa84-4f59-a8d1-44390c7bc161
usr_de9afd3e4123,2024-02-18,free,UK,39,5,17.8,5,12,10,1,f5d16425-fa84-4f59-a8d1-44390c7bc161
usr_28f65549d453,2024-09-18,free,FR,18,1,3.4,3,27,84,0,f5d16425-fa84-4f59-a8d1-44390c7bc161
usr_dca782908541,2026-01-15,free,US,41,2,11.4,5,10,15,0,f5d16425-fa84-4f59-a8d1-44390c7bc161
usr_ac545b6a26c3,2024-01-22,free,US,1,10,7.6,3,20,87,0,f5d16425-fa84-4f59-a8d1-44390c7bc161
usr_e5598fc3aec4,2025-01-07,free,FR,38,1,2.2,0,24,34,0,f5d16425-fa84-4f59-a8d1-44390c7bc161
usr_adc362b88eee,2025-06-06,free,UK,28,10,12.2,4,6,64,0,f5d16425-fa84-4f59-a8d1-44390c7bc161
usr_a9ffe5812c51,2025-09-27,free,DE,49,3,3.7,4,0,93,0,f5d16425-fa84-4f59-a8d1-44390c7bc161
usr_c220eebafabc,2026-04-13,free,FR,18,1,3.9,4,20,41,0,f5d16425-fa84-4f59-a8d1-44390c7bc161
usr_ccfb8f872b22,2025-03-18,free,US,19,6,7.1,0,0,17,0,f5d16425-fa84-4f59-a8d1-44390c7bc161
usr_de768a9bfbb9,2025-10-25,free,UK,4,9,9.0,4,21,85,1,f5d16425-fa84-4f59-a8d1-44390c7bc161
usr_75015fbfb2dd,2024-09-18,free,CA,1,13,1.1,1,10,79,0,f5d16425-fa84-4f59-a8d1-44390c7bc161
usr_a7089e453209,2024-03-21,pro,CA,29,3,8.2,0,18,37,1,f5d16425-fa84-4f59-a8d1-44390c7bc161
usr_9ae8511d8238,2025-09-26,pro,DE,32,1,10.5,0,29,27,0,f5d16425-fa84-4f59-a8d1-44390c7bc161
usr_1948ffa9d1bc,2025-11-21,free,FR,20,12,1.9,1,8,33,0,f5d16425-fa84-4f59-a8d1-44390c7bc161
usr_bdaa538c431d,2025-06-10,free,CA,20,6,8.3,2,24,13,0,f5d16425-fa84-4f59-a8d1-44390c7bc161
usr_8e4df85b734a,2025-04-23,free,CA,44,1,14.7,4,20,22,0,f5d16425-fa84-4f59-a8d1-44390c7bc161
usr_911c601a5edb,2025-10-11,free,US,43,0,15.7,1,21,41,0,f5d16425-fa84-4f59-a8d1-44390c7bc161
usr_7a4733d328f3,2024-04-10,free,US,13,13,2.9,4,13,63,0,f5d16425-fa84-4f59-a8d1-44390c7bc161
usr_11a4983d37fb,2025-02-03,free,DE,5,0,15.7,4,27,13,0,f5d16425-fa84-4f59-a8d1-44390c7bc161
usr_9d8488ebadfa,2026-04-15,free,UK,3,6,9.2,2,2,23,0,f5d16425-fa84-4f59-a8d1-44390c7bc161
usr_1d0cdeb46e9f,2024-07-20,pro,US,0,1,13.7,0,29,69,0,f5d16425-fa84-4f59-a8d1-44390c7bc161
usr_3f9995072e9d,2025-01-04,free,CA,20,12,8.9,4,25,15,0,f5d16425-fa84-4f59-a8d1-44390c7bc161
usr_54a75a959775,2026-04-25,free,UK,0,12,11.3,5,7,89,0,f5d16425-fa84-4f59-a8d1-44390c7bc161
usr_df670e9cbd15,2026-04-27,free,DE,9,4,12.9,4,29,94,0,f5d16425-fa84-4f59-a8d1-44390c7bc161
usr_08c4b21546bb,2025-10-07,free,DE,25,5,17.5,5,12,77,1,f5d16425-fa84-4f59-a8d1-44390c7bc161
usr_197899566063,2024-04-12,free,FR,43,13,14.5,0,26,42,0,f5d16425-fa84-4f59-a8d1-44390c7bc161
usr_aa915fa53571,2025-06-22,free,US,18,1,9.9,2,10,41,1,f5d16425-fa84-4f59-a8d1-44390c7bc161
usr_28a789aca39a,2025-09-10,free,CA,25,12,10.4,5,16,51,0,f5d16425-fa84-4f59-a8d1-44390c7bc161
usr_f1ec3dd6a52a,2025-08-27,free,FR,15,12,10.5,0,19,85,0,f5d16425-fa84-4f59-a8d1-44390c7bc161
usr_f8120dfe3c36,2026-03-04,free,DE,12,5,8.4,5,27,14,0,f5d16425-fa84-4f59-a8d1-44390c7bc161
usr_a307ca510e52,2024-05-15,free,CA,11,4,11.6,5,14,61,1,f5d16425-fa84-4f59-a8d1-44390c7bc161
usr_a27ea72f9697,2024-02-17,pro,US,11,4,15.9,4,26,14,0,f5d16425-fa84-4f59-a8d1-44390c7bc161
usr_4203d00da902,2025-09-04,free,US,32,12,16.0,3,1,70,0,f5d16425-fa84-4f59-a8d1-44390c7bc161
usr_805376e9afba,2025-01-24,free,US,43,1,2.1,3,0,30,1,f5d16425-fa84-4f59-a8d1-44390c7bc161
usr_f90457c50eab,2024-09-11,pro,US,29,2,15.6,0,14,74,0,f5d16425-fa84-4f59-a8d1-44390c7bc161
usr_209fa2172125,2025-04-20,free,DE,24,1,15.4,2,2,32,0,f5d16425-fa84-4f59-a8d1-44390c7bc161
usr_cd2496a88144,2024-03-27,free,US,29,0,19.7,0,11,18,0,f5d16425-fa84-4f59-a8d1-44390c7bc161
usr_d47af57f8074,2025-07-20,free,FR,28,10,17.8,0,4,71,0,f5d16425-fa84-4f59-a8d1-44390c7bc161
usr_18d0b2484bff,2025-03-03,free,DE,22,3,3.5,1,18,12,0,f5d16425-fa84-4f59-a8d1-44390c7bc161
usr_0f981a2cf6ad,2024-06-06,free,UK,22,6,3.6,2,28,78,1,f5d16425-fa84-4f59-a8d1-44390c7bc161
usr_b4b7e5b192e1,2024-11-28,pro,UK,34,9,18.0,0,24,88,1,f5d16425-fa84-4f59-a8d1-44390c7bc161
usr_24c3fe18593b,2024-01-02,free,FR,47,11,13.1,2,10,50,1,f5d16425-fa84-4f59-a8d1-44390c7bc161
usr_b18b0a9e3c15,2025-08-27,free,UK,39,1,9.0,4,13,73,0,f5d16425-fa84-4f59-a8d1-44390c7bc161
usr_b1731fb14f5d,2024-05-15,pro,FR,24,8,8.7,0,15,79,0,f5d16425-fa84-4f59-a8d1-44390c7bc161
usr_b23a01258f2d,2024-02-19,free,DE,11,3,11.8,1,14,41,0,f5d16425-fa84-4f59-a8d1-44390c7bc161
usr_f1aca8ac79ba,2025-12-01,free,FR,8,8,12.7,0,19,90,0,f5d16425-fa84-4f59-a8d1-44390c7bc161
usr_1ebab5e75e7e,2024-07-29,free,FR,4,7,19.1,3,13,18,1,f5d16425-fa84-4f59-a8d1-44390c7bc161
usr_428eb835e84b,2026-03-29,pro,UK,46,2,15.3,1,19,55,0,f5d16425-fa84-4f59-a8d1-44390c7bc161
usr_bde6044fca21,2025-04-16,free,FR,12,1,18.0,1,7,54,1,f5d16425-fa84-4f59-a8d1-44390c7bc161
usr_6edc46c87afd,2025-05-10,pro,UK,47,7,5.4,4,29,74,0,f5d16425-fa84-4f59-a8d1-44390c7bc161
usr_787abeade86e,2025-04-24,pro,DE,11,5,12.2,5,22,48,1,f5d16425-fa84-4f59-a8d1-44390c7bc161
usr_751da89d85bd,2025-10-15,free,DE,12,2,13.7,1,20,41,0,f5d16425-fa84-4f59-a8d1-44390c7bc161
usr_a472d47a52ed,2025-10-06,free,US,42,13,17.7,2,6,19,0,f5d16425-fa84-4f59-a8d1-44390c7bc161
usr_2d0765dfbbbf,2024-02-17,free,FR,15,4,5.7,1,14,42,0,f5d16425-fa84-4f59-a8d1-44390c7bc161
usr_40a2226532d0,2025-01-04,free,UK,44,5,16.4,3,18,62,0,f5d16425-fa84-4f59-a8d1-44390c7bc161
usr_9c0a59079b30,2025-12-25,pro,DE,42,2,10.2,2,14,23,0,f5d16425-fa84-4f59-a8d1-44390c7bc161
usr_fe01d61d3d65,2024-04-22,pro,US,39,12,18.3,1,24,32,0,f5d16425-fa84-4f59-a8d1-44390c7bc161
usr_848b732e8140,2024-03-12,free,US,34,1,11.7,4,16,88,0,f5d16425-fa84-4f59-a8d1-44390c7bc161
usr_3f95aa2e6d7d,2025-02-25,free,US,16,8,3.6,4,9,40,0,f5d16425-fa84-4f59-a8d1-44390c7bc161
usr_fd78a0cb22ee,2024-07-01,free,CA,39,6,15.9,2,24,48,0,f5d16425-fa84-4f59-a8d1-44390c7bc161
usr_608084d0262f,2024-07-21,free,FR,27,12,2.3,5,22,26,0,f5d16425-fa84-4f59-a8d1-44390c7bc161
usr_747ffadccedc,2025-01-12,free,CA,39,13,6.3,0,26,26,0,f5d16425-fa84-4f59-a8d1-44390c7bc161
usr_9e2b47ca3616,2025-08-02,free,CA,12,0,15.3,0,4,45,0,f5d16425-fa84-4f59-a8d1-44390c7bc161
usr_3ea6c74cbda6,2025-02-20,pro,DE,45,11,18.2,0,14,64,1,f5d16425-fa84-4f59-a8d1-44390c7bc161
usr_cc04d101014d,2025-09-09,free,CA,13,6,10.6,3,5,76,0,f5d16425-fa84-4f59-a8d1-44390c7bc161
usr_98b65fac1c6b,2025-03-31,pro,CA,37,11,6.6,0,17,59,1,f5d16425-fa84-4f59-a8d1-44390c7bc161
usr_3423040625eb,2026-03-21,free,CA,18,12,6.0,5,6,43,0,f5d16425-fa84-4f59-a8d1-44390c7bc161
usr_f8ba0815e740,2025-07-10,free,DE,45,1,6.4,1,10,88,0,f5d16425-fa84-4f59-a8d1-44390c7bc161
usr_fd53645c1bac,2025-07-10,free,CA,0,1,1.8,2,26,56,1,f5d16425-fa84-4f59-a8d1-44390c7bc161
usr_80e1670829fc,2026-03-29,free,CA,36,11,19.6,2,23,45,0,f5d16425-fa84-4f59-a8d1-44390c7bc161
usr_e809332e3370,2024-02-03,free,US,27,4,12.9,1,6,77,0,f5d16425-fa84-4f59-a8d1-44390c7bc161
usr_04dd44e4ba58,2024-02-29,pro,US,48,5,4.5,2,9,61,0,f5d16425-fa84-4f59-a8d1-44390c7bc161
usr_f7a3d76c6b43,2025-09-27,free,DE,40,3,2.0,5,3,42,0,f5d16425-fa84-4f59-a8d1-44390c7bc161
usr_c7d7518fdc80,2025-02-19,free,DE,36,13,4.0,5,9,40,0,f5d16425-fa84-4f59-a8d1-44390c7bc161
usr_b028ede85afd,2024-10-09,free,DE,21,14,15.8,3,29,53,0,f5d16425-fa84-4f59-a8d1-44390c7bc161
usr_c14719aad214,2025-06-06,free,UK,9,9,6.4,4,10,39,0,f5d16425-fa84-4f59-a8d1-44390c7bc161
usr_8529f01b6c30,2026-01-10,free,CA,28,6,12.5,3,5,12,0,f5d16425-fa84-4f59-a8d1-44390c7bc161
usr_60b46daefb1f,2024-05-03,pro,FR,2,6,12.5,4,6,90,0,f5d16425-fa84-4f59-a8d1-44390c7bc161
usr_0f8218db9b2b,2024-02-03,free,DE,7,2,3.2,2,14,88,0,f5d16425-fa84-4f59-a8d1-44390c7bc161
usr_a9012041d828,2025-03-29,free,DE,19,14,12.9,0,12,87,0,f5d16425-fa84-4f59-a8d1-44390c7bc161
usr_48a8bfda4a76,2025-12-05,free,FR,47,9,18.0,5,4,28,1,f5d16425-fa84-4f59-a8d1-44390c7bc161
usr_9c7cd54d134c,2026-04-09,free,FR,3,11,12.6,3,13,70,0,f5d16425-fa84-4f59-a8d1-44390c7bc161
usr_14005211c0d0,2024-10-18,enterprise,DE,25,2,19.6,5,13,10,0,f5d16425-fa84-4f59-a8d1-44390c7bc161
usr_ec027f078bed,2024-11-26,free,CA,13,0,17.9,5,12,49,0,f5d16425-fa84-4f59-a8d1-44390c7bc161
usr_542283f0ed8c,2024-08-31,free,FR,34,9,8.2,5,16,37,1,f5d16425-fa84-4f59-a8d1-44390c7bc161
usr_8fe047fbea35,2025-04-18,free,US,48,2,4.4,1,6,88,0,f5d16425-fa84-4f59-a8d1-44390c7bc161
usr_a6dda024ea66,2025-07-08,free,CA,30,5,17.0,3,1,56,0,f5d16425-fa84-4f59-a8d1-44390c7bc161
usr_d3d68bd4d072,2025-12-04,free,DE,38,6,3.9,3,28,67,0,f5d16425-fa84-4f59-a8d1-44390c7bc161
usr_f0d9295514fd,2024-02-01,pro,CA,36,13,6.2,2,4,77,0,f5d16425-fa84-4f59-a8d1-44390c7bc161
usr_1b4af4201f44,2025-07-04,free,DE,4,14,18.3,3,19,37,0,f5d16425-fa84-4f59-a8d1-44390c7bc161
usr_7bf84bd139fd,2025-06-17,free,CA,30,12,17.4,4,8,31,0,f5d16425-fa84-4f59-a8d1-44390c7bc161
usr_1ae573b8e8e9,2024-11-09,free,US,43,13,4.9,4,5,71,0,f5d16425-fa84-4f59-a8d1-44390c7bc161
usr_b8304b678abd,2025-01-19,pro,US,15,0,7.8,0,11,26,0,f5d16425-fa84-4f59-a8d1-44390c7bc161
usr_66b4515af0ef,2025-10-20,free,CA,16,4,17.9,1,4,67,0,f5d16425-fa84-4f59-a8d1-44390c7bc161
usr_e85571fa4a78,2024-11-01,enterprise,FR,43,4,18.9,5,8,37,0,f5d16425-fa84-4f59-a8d1-44390c7bc161
usr_56e57ee599e8,2024-06-21,pro,US,21,1,2.9,0,17,35,0,f5d16425-fa84-4f59-a8d1-44390c7bc161
usr_706b249f1409,2024-11-03,free,FR,30,8,12.2,3,9,25,0,f5d16425-fa84-4f59-a8d1-44390c7bc161
usr_51534c550b6b,2025-01-31,free,US,5,2,14.8,5,18,50,0,f5d16425-fa84-4f59-a8d1-44390c7bc161
usr_32f6533ba1fb,2024-08-12,free,DE,17,7,7.4,1,25,85,1,f5d16425-fa84-4f59-a8d1-44390c7bc161
usr_4f499953930d,2024-04-22,enterprise,FR,18,4,9.4,5,29,41,0,f5d16425-fa84-4f59-a8d1-44390c7bc161
usr_89c18c96ea1c,2025-08-09,free,CA,13,4,4.9,3,23,23,0,f5d16425-fa84-4f59-a8d1-44390c7bc161
usr_cedd6bda260e,2024-05-03,free,UK,0,5,19.4,2,22,53,0,f5d16425-fa84-4f59-a8d1-44390c7bc161
usr_105bd25097b8,2024-03-10,free,UK,44,5,17.6,1,24,48,1,f5d16425-fa84-4f59-a8d1-44390c7bc161
usr_8f4cd4b35da5,2026-04-14,free,US,46,3,7.0,1,6,81,0,f5d16425-fa84-4f59-a8d1-44390c7bc161
usr_67ff6e5969a5,2025-05-10,free,FR,2,4,13.8,1,22,38,0,f5d16425-fa84-4f59-a8d1-44390c7bc161
usr_1a76dd484d17,2024-10-19,free,UK,45,7,13.3,1,5,85,1,f5d16425-fa84-4f59-a8d1-44390c7bc161
usr_0c0d7559cf5d,2024-03-27,free,DE,9,4,11.2,4,10,92,1,f5d16425-fa84-4f59-a8d1-44390c7bc161
usr_36b18c63bfc6,2024-08-12,free,DE,13,9,19.9,0,0,57,1,f5d16425-fa84-4f59-a8d1-44390c7bc161
usr_41c6ef609839,2025-02-24,free,UK,21,8,12.9,5,19,71,1,f5d16425-fa84-4f59-a8d1-44390c7bc161
usr_f8bbbccf7238,2025-03-30,free,UK,11,6,18.4,0,9,56,0,f5d16425-fa84-4f59-a8d1-44390c7bc161
usr_a3e35b4f8b75,2025-02-24,pro,UK,38,11,18.9,1,10,65,0,f5d16425-fa84-4f59-a8d1-44390c7bc161
usr_3dddbcee0092,2025-02-23,free,UK,33,5,6.3,2,29,25,0,f5d16425-fa84-4f59-a8d1-44390c7bc161
usr_d87445ebaf41,2024-03-15,pro,US,39,9,14.4,0,28,68,0,f5d16425-fa84-4f59-a8d1-44390c7bc161
usr_5289fbb978fb,2025-03-17,pro,FR,0,11,6.6,4,9,50,0,f5d16425-fa84-4f59-a8d1-44390c7bc161
usr_cd9f52c4e1b0,2025-07-27,free,FR,38,2,8.9,0,12,60,0,f5d16425-fa84-4f59-a8d1-44390c7bc161
usr_2c7215c9e743,2024-01-11,free,DE,24,3,8.4,0,14,26,0,f5d16425-fa84-4f59-a8d1-44390c7bc161
usr_763431bba4a1,2024-01-17,free,FR,41,7,3.7,1,22,56,0,f5d16425-fa84-4f59-a8d1-44390c7bc161
usr_7159d01cfb03,2024-01-26,free,US,21,0,18.4,1,14,53,1,f5d16425-fa84-4f59-a8d1-44390c7bc161
usr_fc5455645c91,2024-12-06,free,DE,45,0,13.3,2,22,56,0,f5d16425-fa84-4f59-a8d1-44390c7bc161
usr_be0ebc54cdc2,2024-09-05,free,FR,2,8,17.6,2,3,56,0,f5d16425-fa84-4f59-a8d1-44390c7bc161
usr_bb29135fa7e5,2024-07-27,free,FR,49,0,18.4,1,17,59,1,f5d16425-fa84-4f59-a8d1-44390c7bc161
usr_06fcb5f1d88c,2025-10-27,free,US,21,6,14.3,2,4,55,0,f5d16425-fa84-4f59-a8d1-44390c7bc161
usr_ea620940a02a,2025-05-16,pro,CA,24,7,16.6,1,15,53,1,f5d16425-fa84-4f59-a8d1-44390c7bc161
usr_3a05e6688f76,2025-01-14,free,UK,37,11,8.0,0,1,41,0,f5d16425-fa84-4f59-a8d1-44390c7bc161
usr_44aea61826c7,2025-03-15,free,US,16,11,8.5,5,4,61,0,f5d16425-fa84-4f59-a8d1-44390c7bc161
usr_2aabc5851c65,2024-05-02,free,DE,4,1,13.1,4,25,36,0,f5d16425-fa84-4f59-a8d1-44390c7bc161
usr_dbed21e438c3,2025-03-07,pro,DE,47,5,16.5,5,10,12,1,f5d16425-fa84-4f59-a8d1-44390c7bc161
usr_2d964fedbcc7,2025-07-28,free,CA,29,13,5.6,5,16,29,0,f5d16425-fa84-4f59-a8d1-44390c7bc161
usr_9475274675c8,2024-08-16,enterprise,US,49,13,10.4,0,23,32,0,f5d16425-fa84-4f59-a8d1-44390c7bc161
usr_453526f1306e,2025-01-01,free,FR,13,5,8.0,3,2,72,0,f5d16425-fa84-4f59-a8d1-44390c7bc161
usr_efc301a24650,2026-01-20,free,FR,20,2,17.5,4,16,19,0,f5d16425-fa84-4f59-a8d1-44390c7bc161
usr_fe5883c2da94,2024-02-06,free,US,20,5,4.4,0,25,34,0,f5d16425-fa84-4f59-a8d1-44390c7bc161
usr_3812bba949ec,2024-09-08,free,UK,30,11,2.0,2,14,92,0,f5d16425-fa84-4f59-a8d1-44390c7bc161
usr_2c7ac20c7f7d,2024-05-24,free,DE,34,11,11.5,3,6,15,0,f5d16425-fa84-4f59-a8d1-44390c7bc161
usr_c8356b3a84a0,2024-01-24,pro,CA,14,0,9.4,4,29,22,0,f5d16425-fa84-4f59-a8d1-44390c7bc161
usr_8e37f1aa72b6,2024-12-21,free,DE,0,10,11.5,5,26,30,0,f5d16425-fa84-4f59-a8d1-44390c7bc161
usr_e4a0d05a0a95,2024-04-16,free,CA,49,3,3.8,5,19,33,0,f5d16425-fa84-4f59-a8d1-44390c7bc161
usr_564521513e4a,2025-07-05,free,DE,38,9,14.5,1,20,83,0,f5d16425-fa84-4f59-a8d1-44390c7bc161
usr_a73893d4fd45,2025-05-21,pro,DE,41,6,16.4,0,6,25,0,f5d16425-fa84-4f59-a8d1-44390c7bc161
usr_cb63cd24ffc3,2024-03-21,free,FR,36,2,13.8,4,10,35,0,f5d16425-fa84-4f59-a8d1-44390c7bc161
usr_9a0c02b00222,2024-12-01,pro,DE,17,11,5.8,2,0,48,0,f5d16425-fa84-4f59-a8d1-44390c7bc161
usr_ddf615959f51,2026-03-18,free,FR,12,14,11.9,5,22,27,0,f5d16425-fa84-4f59-a8d1-44390c7bc161
usr_4b2ea31dae78,2024-01-07,free,CA,16,3,7.6,3,5,92,0,f5d16425-fa84-4f59-a8d1-44390c7bc161
usr_f01f477b4c86,2025-12-14,free,US,13,5,12.5,3,4,60,0,f5d16425-fa84-4f59-a8d1-44390c7bc161
usr_7921ba03bd84,2024-10-15,free,FR,22,9,3.8,2,20,37,0,f5d16425-fa84-4f59-a8d1-44390c7bc161
usr_a41233a8d03c,2025-10-16,free,US,2,11,19.4,4,22,25,0,f5d16425-fa84-4f59-a8d1-44390c7bc161
usr_352d10053308,2024-02-13,pro,US,33,5,4.5,4,0,92,0,f5d16425-fa84-4f59-a8d1-44390c7bc161
usr_92c11b286933,2024-04-10,pro,FR,48,10,3.0,4,29,50,0,f5d16425-fa84-4f59-a8d1-44390c7bc161
usr_3b6bcd1d8644,2025-11-07,free,DE,31,7,13.3,1,6,36,0,f5d16425-fa84-4f59-a8d1-44390c7bc161
usr_e8478390c5eb,2024-02-07,pro,FR,12,6,16.8,5,4,52,0,f5d16425-fa84-4f59-a8d1-44390c7bc161
usr_dfe75cae3800,2026-04-26,enterprise,FR,35,10,19.9,4,25,88,0,f5d16425-fa84-4f59-a8d1-44390c7bc161
usr_8be98ca72aab,2026-01-06,free,US,25,6,9.6,0,12,31,0,f5d16425-fa84-4f59-a8d1-44390c7bc161
usr_0a0aa024a51a,2024-08-24,free,US,47,7,10.6,2,21,17,0,f5d16425-fa84-4f59-a8d1-44390c7bc161
usr_993374ddf9a8,2024-09-05,free,DE,31,9,16.0,5,20,26,0,f5d16425-fa84-4f59-a8d1-44390c7bc161
usr_0379f91afa2e,2025-01-01,free,FR,17,11,15.9,1,0,35,0,f5d16425-fa84-4f59-a8d1-44390c7bc161
usr_a96f4d31ca28,2025-05-27,free,US,17,11,11.1,3,6,46,0,f5d16425-fa84-4f59-a8d1-44390c7bc161
usr_4ff0014ef564,2026-04-03,free,UK,40,3,9.5,0,3,41,1,f5d16425-fa84-4f59-a8d1-44390c7bc161
usr_d49028f3be90,2026-03-04,pro,DE,45,0,1.4,5,14,69,0,f5d16425-fa84-4f59-a8d1-44390c7bc161
usr_72deb8f48ba2,2026-01-27,free,FR,23,3,8.2,2,16,67,0,f5d16425-fa84-4f59-a8d1-44390c7bc161
usr_e9b145711f04,2024-06-08,free,US,35,2,8.0,0,8,58,1,f5d16425-fa84-4f59-a8d1-44390c7bc161
usr_5fa1ae437e1d,2025-04-28,free,CA,7,3,15.1,3,23,18,0,f5d16425-fa84-4f59-a8d1-44390c7bc161
usr_f15411dbf59e,2024-03-19,free,CA,38,14,6.3,4,27,78,0,f5d16425-fa84-4f59-a8d1-44390c7bc161
usr_4274c98f3112,2026-01-11,free,DE,45,14,2.0,3,10,34,0,f5d16425-fa84-4f59-a8d1-44390c7bc161
usr_ba35f281cd49,2024-06-10,free,US,14,5,3.3,1,7,65,0,f5d16425-fa84-4f59-a8d1-44390c7bc161
usr_c4263d9fbe54,2024-09-12,pro,US,3,2,18.6,3,28,27,0,f5d16425-fa84-4f59-a8d1-44390c7bc161
usr_7ad6dcf01f95,2025-04-07,free,FR,5,1,12.5,3,4,11,0,f5d16425-fa84-4f59-a8d1-44390c7bc161
usr_07e87a5874b3,2024-01-05,pro,CA,13,12,11.6,3,6,57,0,f5d16425-fa84-4f59-a8d1-44390c7bc161
usr_21eebc6ac0b5,2024-04-21,pro,CA,34,0,1.2,1,28,54,0,f5d16425-fa84-4f59-a8d1-44390c7bc161
usr_62ffade2ec8d,2025-09-16,pro,CA,19,6,4.5,4,29,84,0,f5d16425-fa84-4f59-a8d1-44390c7bc161
usr_40c07cecb448,2024-05-15,free,US,7,9,4.4,0,12,78,0,f5d16425-fa84-4f59-a8d1-44390c7bc161
usr_ce38b6f5bd70,2024-08-30,enterprise,DE,34,0,9.3,3,16,25,0,f5d16425-fa84-4f59-a8d1-44390c7bc161
usr_5b023de852e3,2025-01-31,pro,FR,7,4,11.5,5,1,23,0,f5d16425-fa84-4f59-a8d1-44390c7bc161
usr_8c1d613b70ad,2025-09-24,pro,DE,28,8,1.0,2,25,71,1,f5d16425-fa84-4f59-a8d1-44390c7bc161
usr_ffffddf9f3f2,2026-03-26,pro,UK,1,1,16.9,5,18,43,0,f5d16425-fa84-4f59-a8d1-44390c7bc161
usr_15180621844e,2024-09-16,enterprise,CA,36,2,3.0,2,12,85,0,f5d16425-fa84-4f59-a8d1-44390c7bc161
usr_f0b45c56f6f3,2024-06-22,free,UK,16,8,4.9,1,14,65,0,f5d16425-fa84-4f59-a8d1-44390c7bc161
usr_498047d1c73c,2025-10-14,pro,FR,34,4,15.6,0,22,50,0,f5d16425-fa84-4f59-a8d1-44390c7bc161
usr_e0bea2b2d9fc,2024-06-11,free,CA,48,2,2.6,2,18,75,0,f5d16425-fa84-4f59-a8d1-44390c7bc161
usr_23c9f84f93d4,2024-08-01,free,FR,3,11,8.5,4,2,25,0,f5d16425-fa84-4f59-a8d1-44390c7bc161
usr_7581aefaaee8,2026-03-21,pro,US,46,14,17.9,2,14,13,0,f5d16425-fa84-4f59-a8d1-44390c7bc161
usr_f70f7775d6d4,2025-03-08,pro,DE,22,1,2.7,5,28,67,0,f5d16425-fa84-4f59-a8d1-44390c7bc161
usr_6e3a70b46a94,2026-03-19,pro,DE,30,0,16.7,4,1,71,0,f5d16425-fa84-4f59-a8d1-44390c7bc161
usr_a242333de4c5,2025-01-08,free,FR,23,5,15.1,2,27,82,0,f5d16425-fa84-4f59-a8d1-44390c7bc161
usr_4a64d6b6e956,2025-02-15,free,UK,42,2,17.1,1,28,60,0,f5d16425-fa84-4f59-a8d1-44390c7bc161
usr_b4a5ed4f76d6,2025-11-12,free,UK,9,11,7.5,1,10,59,0,f5d16425-fa84-4f59-a8d1-44390c7bc161
usr_8e2ffdac118b,2026-03-14,free,US,19,14,8.4,0,21,79,1,f5d16425-fa84-4f59-a8d1-44390c7bc161
usr_108662687531,2024-09-27,pro,UK,31,10,18.1,3,28,10,0,f5d16425-fa84-4f59-a8d1-44390c7bc161
usr_f19874148d16,2024-08-06,free,US,23,8,9.3,2,22,94,0,f5d16425-fa84-4f59-a8d1-44390c7bc161
usr_ab7b9df56500,2024-02-19,free,US,0,5,19.5,0,25,76,0,f5d16425-fa84-4f59-a8d1-44390c7bc161
usr_ceb319f88d04,2026-04-25,free,US,44,3,6.4,0,8,74,1,f5d16425-fa84-4f59-a8d1-44390c7bc161
usr_0f080bdafe51,2025-03-14,free,DE,14,8,9.6,0,7,16,1,f5d16425-fa84-4f59-a8d1-44390c7bc161
usr_4f1069480417,2024-10-17,free,FR,14,11,12.3,3,10,26,1,f5d16425-fa84-4f59-a8d1-44390c7bc161
usr_279df2cec02c,2025-11-07,enterprise,UK,49,1,5.2,3,13,34,0,f5d16425-fa84-4f59-a8d1-44390c7bc161
usr_f24cde12dd02,2024-04-17,free,US,42,14,15.9,2,11,84,1,f5d16425-fa84-4f59-a8d1-44390c7bc161
usr_534dddd4a683,2024-04-11,free,CA,30,5,17.1,2,7,72,0,f5d16425-fa84-4f59-a8d1-44390c7bc161
usr_100c2f98e129,2024-02-11,free,CA,1,4,6.2,5,14,61,1,f5d16425-fa84-4f59-a8d1-44390c7bc161
usr_c6bada85d804,2025-09-04,free,US,22,8,13.1,1,29,27,0,f5d16425-fa84-4f59-a8d1-44390c7bc161
usr_f68bf68d30cb,2024-09-10,free,CA,23,5,8.7,0,22,63,0,f5d16425-fa84-4f59-a8d1-44390c7bc161
usr_b6fd7b2b8b32,2024-08-24,free,CA,42,5,17.8,4,29,24,0,f5d16425-fa84-4f59-a8d1-44390c7bc161
usr_a7eb2411b37e,2024-09-03,free,UK,4,11,2.4,5,2,48,0,f5d16425-fa84-4f59-a8d1-44390c7bc161
usr_4e82699d3bca,2026-02-27,free,FR,1,14,14.6,0,11,26,0,f5d16425-fa84-4f59-a8d1-44390c7bc161
usr_ddc09ef633b7,2024-04-23,free,CA,34,0,5.2,2,28,46,0,f5d16425-fa84-4f59-a8d1-44390c7bc161
usr_80c0007fdc35,2024-02-13,free,DE,21,8,7.7,4,15,76,0,f5d16425-fa84-4f59-a8d1-44390c7bc161
usr_abbbade9bde7,2025-07-12,free,UK,48,2,11.0,5,5,81,0,f5d16425-fa84-4f59-a8d1-44390c7bc161
usr_8ad5198cd0d1,2026-03-05,free,DE,29,4,1.7,0,24,89,1,f5d16425-fa84-4f59-a8d1-44390c7bc161
usr_b4cdb2badfbc,2024-11-03,pro,UK,29,11,7.0,4,27,57,0,f5d16425-fa84-4f59-a8d1-44390c7bc161
usr_dd41e8a7e902,2025-09-23,free,FR,14,7,16.4,4,25,16,0,f5d16425-fa84-4f59-a8d1-44390c7bc161
usr_1df4e804b314,2025-07-07,free,UK,38,0,3.4,5,9,37,0,f5d16425-fa84-4f59-a8d1-44390c7bc161
usr_6e8fe26ce9c7,2024-04-28,free,US,49,4,14.0,5,15,30,1,f5d16425-fa84-4f59-a8d1-44390c7bc161
usr_19a98a28ba06,2025-11-28,free,DE,30,9,18.9,1,12,89,0,f5d16425-fa84-4f59-a8d1-44390c7bc161
usr_72a4deb19ef5,2024-09-23,pro,DE,47,14,19.1,1,10,26,0,f5d16425-fa84-4f59-a8d1-44390c7bc161
usr_0165e0cb7dda,2026-03-30,free,FR,17,11,5.4,4,23,82,0,f5d16425-fa84-4f59-a8d1-44390c7bc161
usr_79b98d8fc85b,2024-08-05,free,CA,19,10,1.5,2,1,19,0,f5d16425-fa84-4f59-a8d1-44390c7bc161
usr_31a1f43d783b,2026-01-07,free,US,29,9,11.9,3,13,87,0,f5d16425-fa84-4f59-a8d1-44390c7bc161
usr_4c9ab68049bc,2024-09-26,free,DE,21,7,5.6,1,15,58,0,f5d16425-fa84-4f59-a8d1-44390c7bc161
usr_66d9bda9bba7,2025-05-29,free,FR,31,12,11.9,2,10,16,0,f5d16425-fa84-4f59-a8d1-44390c7bc161
usr_9d6b7095b4d6,2024-05-15,free,CA,13,9,6.4,2,29,19,0,f5d16425-fa84-4f59-a8d1-44390c7bc161
usr_4b96ed2e2b30,2024-01-15,free,UK,25,0,12.4,5,16,51,0,f5d16425-fa84-4f59-a8d1-44390c7bc161
usr_d73a8fe749df,2024-06-23,free,UK,26,1,7.0,1,15,18,0,f5d16425-fa84-4f59-a8d1-44390c7bc161
usr_982121181f93,2025-07-31,free,UK,45,5,19.6,5,29,23,0,f5d16425-fa84-4f59-a8d1-44390c7bc161
usr_c3de4680d36a,2024-03-17,free,DE,18,2,5.6,3,13,69,0,f5d16425-fa84-4f59-a8d1-44390c7bc161
usr_0f742f92755a,2025-03-08,free,CA,25,0,8.2,2,17,15,0,f5d16425-fa84-4f59-a8d1-44390c7bc161
usr_7c44803297d8,2025-08-02,pro,FR,48,4,17.2,4,5,79,0,f5d16425-fa84-4f59-a8d1-44390c7bc161
usr_75824555c1c4,2024-12-09,free,FR,35,5,11.4,1,26,35,0,f5d16425-fa84-4f59-a8d1-44390c7bc161
usr_48376f3b2de9,2024-01-09,free,US,37,8,11.2,0,27,65,0,f5d16425-fa84-4f59-a8d1-44390c7bc161
usr_7796b942943c,2025-05-03,free,FR,17,6,14.1,5,15,81,1,f5d16425-fa84-4f59-a8d1-44390c7bc161
usr_164337bcd493,2026-03-18,pro,DE,5,2,1.5,3,12,55,0,f5d16425-fa84-4f59-a8d1-44390c7bc161
usr_dea7f99b2267,2024-05-22,free,CA,35,7,13.7,5,26,64,0,f5d16425-fa84-4f59-a8d1-44390c7bc161
usr_f539afbc9ad0,2024-04-30,pro,FR,34,7,9.0,1,4,12,0,f5d16425-fa84-4f59-a8d1-44390c7bc161
usr_2a62c5dcb720,2025-03-12,pro,FR,20,9,12.0,3,27,17,0,f5d16425-fa84-4f59-a8d1-44390c7bc161
usr_1f90d47f4ead,2025-02-06,pro,US,26,5,2.4,3,5,39,0,f5d16425-fa84-4f59-a8d1-44390c7bc161
usr_0b50c0f6b5ab,2025-04-29,pro,FR,3,9,5.7,3,2,32,1,f5d16425-fa84-4f59-a8d1-44390c7bc161
usr_d5c00401b781,2025-02-15,enterprise,CA,2,6,19.4,4,22,16,0,f5d16425-fa84-4f59-a8d1-44390c7bc161
usr_e4672ec38fab,2025-09-17,free,DE,17,9,7.2,1,3,93,0,f5d16425-fa84-4f59-a8d1-44390c7bc161
usr_7e63588651ba,2026-01-02,pro,DE,36,11,1.5,2,28,87,0,f5d16425-fa84-4f59-a8d1-44390c7bc161
usr_43b3651d51ca,2025-07-26,free,FR,31,6,8.7,1,8,64,1,f5d16425-fa84-4f59-a8d1-44390c7bc161
usr_b3b78cedb0ac,2024-06-04,free,DE,27,10,17.8,5,15,51,0,f5d16425-fa84-4f59-a8d1-44390c7bc161
usr_a9b6014387ba,2025-06-27,pro,FR,20,0,1.4,2,15,60,0,f5d16425-fa84-4f59-a8d1-44390c7bc161
usr_679f16f7d5a8,2024-05-21,free,UK,4,3,18.6,5,12,24,0,f5d16425-fa84-4f59-a8d1-44390c7bc161
usr_5ca76d10db57,2024-10-20,free,US,12,10,4.0,3,7,68,0,f5d16425-fa84-4f59-a8d1-44390c7bc161
usr_e39aedcf6c4b,2025-04-05,free,US,6,11,15.0,1,14,32,1,f5d16425-fa84-4f59-a8d1-44390c7bc161
usr_e0e656381e16,2024-12-14,free,US,9,13,15.8,1,13,15,0,f5d16425-fa84-4f59-a8d1-44390c7bc161
usr_f273db6e5305,2025-10-12,free,CA,31,5,3.6,2,1,22,0,f5d16425-fa84-4f59-a8d1-44390c7bc161
usr_f1f1954d450b,2025-03-05,free,US,28,4,17.1,4,2,78,0,f5d16425-fa84-4f59-a8d1-44390c7bc161
usr_a01de801449c,2025-12-16,free,FR,34,12,10.5,4,27,20,0,f5d16425-fa84-4f59-a8d1-44390c7bc161
usr_3cbfa866e4a1,2025-01-11,free,US,8,7,3.7,4,4,32,0,f5d16425-fa84-4f59-a8d1-44390c7bc161
usr_9559e93b0410,2025-01-18,free,FR,37,9,14.9,3,18,76,0,f5d16425-fa84-4f59-a8d1-44390c7bc161
usr_19fd13e5b21a,2026-04-22,free,FR,32,0,2.3,5,4,42,0,f5d16425-fa84-4f59-a8d1-44390c7bc161
usr_23eed9908a1c,2025-01-08,enterprise,US,28,7,6.2,0,5,92,1,f5d16425-fa84-4f59-a8d1-44390c7bc161
usr_9525ca918632,2024-09-29,free,DE,38,2,15.8,0,26,94,0,f5d16425-fa84-4f59-a8d1-44390c7bc161
usr_444984ab95d1,2025-12-25,free,DE,26,5,8.6,5,6,29,1,f5d16425-fa84-4f59-a8d1-44390c7bc161
usr_8903c5b22fdb,2024-01-03,free,DE,47,11,8.0,0,20,56,0,f5d16425-fa84-4f59-a8d1-44390c7bc161
usr_49e8744f775d,2024-02-01,free,DE,18,0,15.9,2,14,81,0,f5d16425-fa84-4f59-a8d1-44390c7bc161
usr_96dae58476a0,2024-03-11,free,UK,44,12,19.3,4,24,84,0,f5d16425-fa84-4f59-a8d1-44390c7bc161
usr_4b8d4d34d6a5,2024-08-06,pro,FR,25,12,5.5,0,5,54,0,f5d16425-fa84-4f59-a8d1-44390c7bc161
usr_407f6278b135,2024-08-05,enterprise,FR,24,8,18.8,0,4,51,0,f5d16425-fa84-4f59-a8d1-44390c7bc161
usr_586b3aee4dfc,2024-06-08,free,DE,42,0,16.2,5,7,70,0,f5d16425-fa84-4f59-a8d1-44390c7bc161
usr_7088eeffd9db,2025-08-17,pro,US,26,5,12.4,5,8,32,0,f5d16425-fa84-4f59-a8d1-44390c7bc161
usr_65e173d58062,2024-09-01,free,CA,9,6,1.3,3,3,89,0,f5d16425-fa84-4f59-a8d1-44390c7bc161
usr_0d4ef6ef3e25,2025-12-08,free,CA,27,8,15.1,2,2,14,0,f5d16425-fa84-4f59-a8d1-44390c7bc161
usr_7fcfac3f6804,2025-02-16,free,FR,45,7,13.0,4,17,79,0,f5d16425-fa84-4f59-a8d1-44390c7bc161
usr_5efd54f4171d,2024-11-28,free,CA,5,5,5.8,4,3,40,0,f5d16425-fa84-4f59-a8d1-44390c7bc161
usr_147f0c4e33bc,2025-11-23,free,US,35,6,6.5,1,0,70,0,f5d16425-fa84-4f59-a8d1-44390c7bc161
usr_6b01128bccb7,2025-02-15,enterprise,CA,40,7,6.9,3,7,90,0,f5d16425-fa84-4f59-a8d1-44390c7bc161
usr_72badaf402be,2024-08-11,free,CA,35,11,6.9,5,9,31,0,f5d16425-fa84-4f59-a8d1-44390c7bc161
usr_8a8bd4f47cb7,2024-12-04,pro,CA,41,7,9.4,4,23,85,0,f5d16425-fa84-4f59-a8d1-44390c7bc161
usr_d9c9d2da9575,2026-02-14,free,DE,13,6,11.7,1,16,23,0,f5d16425-fa84-4f59-a8d1-44390c7bc161
usr_122f5c5a6e43,2024-09-17,free,CA,7,9,16.2,3,24,48,0,f5d16425-fa84-4f59-a8d1-44390c7bc161
usr_a46bb5851ef7,2024-09-03,pro,US,11,12,8.4,2,22,27,0,f5d16425-fa84-4f59-a8d1-44390c7bc161
usr_d7bb6d268cac,2025-09-16,free,UK,44,10,16.5,5,12,55,0,f5d16425-fa84-4f59-a8d1-44390c7bc161
usr_b3f4c29b0c6e,2025-04-07,free,CA,10,5,3.6,4,18,22,0,f5d16425-fa84-4f59-a8d1-44390c7bc161
usr_f1877f60be52,2024-01-18,free,DE,27,8,7.5,5,0,72,0,f5d16425-fa84-4f59-a8d1-44390c7bc161
usr_d604125dd16a,2026-04-20,free,FR,9,5,7.7,4,4,14,0,f5d16425-fa84-4f59-a8d1-44390c7bc161
usr_86abad2bd078,2025-02-27,free,CA,43,10,1.1,0,14,34,0,f5d16425-fa84-4f59-a8d1-44390c7bc161
usr_dadca743c115,2026-04-15,free,FR,46,1,2.5,4,20,69,1,f5d16425-fa84-4f59-a8d1-44390c7bc161
usr_b75c4c297cbe,2024-12-26,free,FR,14,6,7.8,2,28,18,0,f5d16425-fa84-4f59-a8d1-44390c7bc161
usr_9e8398fc6f7b,2025-02-07,pro,FR,24,14,1.1,3,16,49,0,f5d16425-fa84-4f59-a8d1-44390c7bc161
usr_44218aae4bff,2024-04-09,free,CA,21,9,7.1,1,24,94,1,f5d16425-fa84-4f59-a8d1-44390c7bc161
usr_ba7cf40ae3da,2024-10-23,free,DE,3,1,3.1,5,21,46,0,f5d16425-fa84-4f59-a8d1-44390c7bc161
usr_6f064ca516b5,2024-06-11,enterprise,CA,46,11,5.0,5,22,21,0,f5d16425-fa84-4f59-a8d1-44390c7bc161
usr_8517144a1ca4,2025-05-09,free,DE,15,13,18.6,1,10,20,0,f5d16425-fa84-4f59-a8d1-44390c7bc161
usr_623494bc9b9c,2025-03-11,free,CA,38,2,7.6,3,20,67,1,f5d16425-fa84-4f59-a8d1-44390c7bc161
usr_d66f6f99db36,2025-10-19,free,DE,35,5,3.0,0,11,83,0,f5d16425-fa84-4f59-a8d1-44390c7bc161
usr_cc84a7a020f2,2026-01-14,free,FR,33,1,12.1,3,15,11,0,f5d16425-fa84-4f59-a8d1-44390c7bc161
usr_090f62c3267d,2024-05-01,free,FR,23,5,16.4,3,19,11,0,f5d16425-fa84-4f59-a8d1-44390c7bc161
usr_78b2e47c9316,2025-02-01,free,DE,39,4,2.0,1,12,17,0,f5d16425-fa84-4f59-a8d1-44390c7bc161
usr_b5d1a7f92c72,2024-09-30,free,US,41,11,2.4,1,13,20,0,f5d16425-fa84-4f59-a8d1-44390c7bc161
usr_dd980db7b3fb,2025-08-01,free,CA,46,10,1.7,0,10,46,0,f5d16425-fa84-4f59-a8d1-44390c7bc161
usr_40df98422105,2025-01-10,free,US,2,6,9.5,5,20,93,1,f5d16425-fa84-4f59-a8d1-44390c7bc161
usr_3a83aec0f2ac,2024-12-04,free,UK,1,13,11.8,4,2,54,0,f5d16425-fa84-4f59-a8d1-44390c7bc161
usr_5f872e298fc6,2025-12-25,pro,FR,47,0,7.5,0,28,31,0,f5d16425-fa84-4f59-a8d1-44390c7bc161
usr_65a85f065af9,2024-02-07,free,CA,31,9,16.4,0,27,64,0,f5d16425-fa84-4f59-a8d1-44390c7bc161
usr_85667cd40d9d,2026-03-13,pro,UK,28,4,5.3,3,25,38,0,f5d16425-fa84-4f59-a8d1-44390c7bc161
usr_43c861d31822,2025-09-02,free,DE,45,13,1.7,0,9,19,1,f5d16425-fa84-4f59-a8d1-44390c7bc161
usr_db0708305b00,2025-06-28,free,DE,22,3,10.7,3,28,81,0,f5d16425-fa84-4f59-a8d1-44390c7bc161
usr_373f7d246afd,2024-01-11,pro,UK,44,2,4.1,4,5,82,0,f5d16425-fa84-4f59-a8d1-44390c7bc161
usr_f8f152d5f596,2025-11-02,free,FR,6,5,8.6,0,23,69,0,f5d16425-fa84-4f59-a8d1-44390c7bc161
usr_06c68f93b35b,2026-03-22,free,US,26,5,16.5,1,28,62,0,f5d16425-fa84-4f59-a8d1-44390c7bc161
usr_0d038e69a603,2025-02-11,free,FR,36,3,2.6,1,10,12,0,f5d16425-fa84-4f59-a8d1-44390c7bc161
usr_757c6039bace,2024-08-18,free,CA,39,6,3.5,1,22,91,0,f5d16425-fa84-4f59-a8d1-44390c7bc161
usr_4957eb9989e1,2025-05-13,pro,US,13,7,5.2,2,7,51,0,f5d16425-fa84-4f59-a8d1-44390c7bc161
usr_385dd544f699,2024-02-26,free,CA,23,5,11.8,2,17,74,0,f5d16425-fa84-4f59-a8d1-44390c7bc161
usr_69338bf945a8,2025-01-02,free,UK,12,14,2.3,2,6,45,0,f5d16425-fa84-4f59-a8d1-44390c7bc161
usr_3ae51be3d901,2025-04-12,pro,DE,19,7,15.7,1,27,93,1,f5d16425-fa84-4f59-a8d1-44390c7bc161
usr_73b6de0a3d2c,2024-01-10,free,FR,14,10,2.5,2,26,16,1,f5d16425-fa84-4f59-a8d1-44390c7bc161
usr_5caaa5474257,2024-05-07,free,FR,48,9,2.6,3,28,57,0,f5d16425-fa84-4f59-a8d1-44390c7bc161
usr_d4a1df071740,2025-06-29,pro,CA,19,0,3.7,4,0,42,0,f5d16425-fa84-4f59-a8d1-44390c7bc161
usr_e89e64a3ef9b,2025-01-08,pro,US,1,2,6.2,0,8,16,0,f5d16425-fa84-4f59-a8d1-44390c7bc161
usr_4f7c41fa4b62,2025-11-08,pro,DE,28,8,3.7,5,23,26,0,f5d16425-fa84-4f59-a8d1-44390c7bc161
usr_467a8240d9b6,2024-08-28,pro,UK,39,12,13.5,4,4,66,0,f5d16425-fa84-4f59-a8d1-44390c7bc161
usr_ab51160a8949,2024-09-10,free,US,44,0,4.7,2,19,63,0,f5d16425-fa84-4f59-a8d1-44390c7bc161
usr_cc229a688ce3,2024-05-25,free,FR,31,1,4.2,3,18,12,0,f5d16425-fa84-4f59-a8d1-44390c7bc161
usr_5a68d8b83494,2025-08-04,free,UK,31,8,9.9,2,12,81,0,f5d16425-fa84-4f59-a8d1-44390c7bc161
usr_4ccfd7261c6e,2024-03-14,free,FR,33,11,19.3,2,28,13,1,f5d16425-fa84-4f59-a8d1-44390c7bc161
usr_a214a95d654a,2024-10-07,free,US,25,8,11.0,4,22,48,0,f5d16425-fa84-4f59-a8d1-44390c7bc161
usr_24c0f9314bba,2024-03-14,free,FR,44,0,9.0,1,14,19,0,f5d16425-fa84-4f59-a8d1-44390c7bc161
usr_85c26a943ef6,2026-01-17,free,UK,37,0,4.9,5,17,80,0,f5d16425-fa84-4f59-a8d1-44390c7bc161
usr_fcde3c350673,2025-07-04,pro,UK,11,4,18.7,2,6,15,0,f5d16425-fa84-4f59-a8d1-44390c7bc161
usr_edc0cf21d9af,2025-03-07,free,US,25,8,6.2,4,7,10,0,f5d16425-fa84-4f59-a8d1-44390c7bc161
usr_f2518fd810bf,2025-09-19,free,FR,0,12,3.9,4,10,46,0,f5d16425-fa84-4f59-a8d1-44390c7bc161
usr_5b088ffd743f,2025-08-22,free,US,11,11,9.2,5,7,72,0,f5d16425-fa84-4f59-a8d1-44390c7bc161
usr_0b9303cf2f2c,2026-04-05,free,FR,48,1,4.9,0,29,13,0,f5d16425-fa84-4f59-a8d1-44390c7bc161
usr_3847f6fd778d,2026-01-30,free,DE,2,12,6.6,2,8,86,0,f5d16425-fa84-4f59-a8d1-44390c7bc161
usr_c91464cca055,2024-04-01,free,FR,37,0,6.4,4,18,30,0,f5d16425-fa84-4f59-a8d1-44390c7bc161
usr_b4e2b725501e,2024-08-07,free,US,0,7,7.0,1,24,40,0,f5d16425-fa84-4f59-a8d1-44390c7bc161
usr_cbc8f96f9d0a,2025-09-25,free,US,18,7,17.8,3,21,31,0,f5d16425-fa84-4f59-a8d1-44390c7bc161
usr_5b648cad27ef,2025-02-21,free,CA,36,0,8.1,4,13,53,0,f5d16425-fa84-4f59-a8d1-44390c7bc161
usr_1e370f8c30a3,2024-12-05,free,US,45,11,5.1,4,23,40,0,f5d16425-fa84-4f59-a8d1-44390c7bc161
usr_91535aff2648,2024-05-31,free,UK,11,6,16.4,0,4,86,0,f5d16425-fa84-4f59-a8d1-44390c7bc161
usr_91a33b5caebc,2026-04-30,pro,FR,10,7,19.4,4,21,60,0,f5d16425-fa84-4f59-a8d1-44390c7bc161
usr_d80b91cdbfa5,2024-07-10,enterprise,US,12,13,6.9,0,11,80,0,f5d16425-fa84-4f59-a8d1-44390c7bc161
usr_017e15ad32c0,2025-04-03,free,CA,13,6,7.1,4,2,35,1,f5d16425-fa84-4f59-a8d1-44390c7bc161
usr_5125d3319ea5,2025-01-24,free,FR,16,13,15.8,1,3,72,0,f5d16425-fa84-4f59-a8d1-44390c7bc161
usr_a001e9c94783,2024-11-20,pro,UK,6,6,7.6,5,19,42,0,f5d16425-fa84-4f59-a8d1-44390c7bc161
usr_9ebf6a8a82f1,2024-04-14,free,FR,49,8,15.7,2,7,74,0,f5d16425-fa84-4f59-a8d1-44390c7bc161
usr_94e92d6fb396,2024-01-20,free,US,19,12,20.0,4,6,80,1,f5d16425-fa84-4f59-a8d1-44390c7bc161
usr_70ea49ada190,2026-03-30,free,UK,34,10,8.2,0,14,61,0,f5d16425-fa84-4f59-a8d1-44390c7bc161
usr_b91b93c45ff1,2024-04-29,free,US,26,13,12.7,2,17,84,0,f5d16425-fa84-4f59-a8d1-44390c7bc161
usr_35c4ce00b6b0,2026-04-27,free,FR,45,0,17.8,0,1,42,0,f5d16425-fa84-4f59-a8d1-44390c7bc161
usr_39d4b89a0486,2025-01-04,free,US,6,9,14.2,4,21,80,0,f5d16425-fa84-4f59-a8d1-44390c7bc161
usr_56f49022d414,2024-09-30,pro,US,23,6,4.0,4,8,82,1,f5d16425-fa84-4f59-a8d1-44390c7bc161
usr_2b8967df8b3e,2024-08-14,free,FR,29,8,13.5,2,19,39,0,f5d16425-fa84-4f59-a8d1-44390c7bc161
usr_0a7ead534b70,2026-02-02,free,DE,43,4,11.4,1,2,86,0,f5d16425-fa84-4f59-a8d1-44390c7bc161
usr_a4c15d38286e,2025-02-06,free,UK,31,2,1.4,3,7,47,0,f5d16425-fa84-4f59-a8d1-44390c7bc161
usr_4b5544c4443a,2024-08-17,pro,UK,36,2,9.3,2,25,39,0,f5d16425-fa84-4f59-a8d1-44390c7bc161
usr_8266d64aa4cc,2025-07-14,free,CA,3,11,12.3,4,26,19,0,f5d16425-fa84-4f59-a8d1-44390c7bc161
usr_08624231e55a,2024-08-16,free,DE,7,13,12.7,1,23,93,0,f5d16425-fa84-4f59-a8d1-44390c7bc161
usr_7d1848591385,2025-11-13,pro,UK,28,11,7.0,2,16,93,0,f5d16425-fa84-4f59-a8d1-44390c7bc161
usr_e0a5a435e67c,2025-12-17,free,FR,4,10,16.2,4,6,55,0,f5d16425-fa84-4f59-a8d1-44390c7bc161
usr_2803096addd8,2025-12-03,pro,FR,26,9,18.1,2,8,10,0,f5d16425-fa84-4f59-a8d1-44390c7bc161
usr_44483a5c38cf,2024-02-16,pro,DE,32,3,14.5,2,20,65,0,f5d16425-fa84-4f59-a8d1-44390c7bc161
usr_32094e5b1c1d,2025-01-22,free,CA,38,9,8.6,5,3,12,0,f5d16425-fa84-4f59-a8d1-44390c7bc161
usr_3372967d9dea,2024-04-29,free,CA,47,7,2.0,0,25,43,0,f5d16425-fa84-4f59-a8d1-44390c7bc161
usr_8e2e4c2cae32,2025-01-23,pro,UK,34,2,5.6,0,2,92,0,f5d16425-fa84-4f59-a8d1-44390c7bc161
usr_55b4487f8e58,2024-04-03,free,UK,48,8,14.2,2,28,62,1,f5d16425-fa84-4f59-a8d1-44390c7bc161
usr_e06cbc48a1b5,2025-05-13,free,DE,1,13,19.2,1,16,39,0,f5d16425-fa84-4f59-a8d1-44390c7bc161
usr_e922fe316a09,2024-09-15,pro,CA,47,0,12.6,3,5,26,0,f5d16425-fa84-4f59-a8d1-44390c7bc161
usr_281cebb0c0ed,2024-03-26,free,DE,5,8,10.7,4,10,14,1,f5d16425-fa84-4f59-a8d1-44390c7bc161
usr_9a41716ecf58,2024-05-08,pro,CA,25,12,6.9,5,7,49,1,f5d16425-fa84-4f59-a8d1-44390c7bc161
usr_bae1c87dfe2e,2025-05-27,enterprise,CA,35,14,9.0,4,18,13,0,f5d16425-fa84-4f59-a8d1-44390c7bc161
usr_419c6fdc7b44,2024-02-08,free,DE,46,2,18.5,2,26,74,0,f5d16425-fa84-4f59-a8d1-44390c7bc161
usr_33e06fb35942,2025-07-31,free,FR,22,12,4.9,3,27,42,0,f5d16425-fa84-4f59-a8d1-44390c7bc161
usr_4d4e616b1442,2025-08-30,free,FR,29,8,3.0,4,25,75,0,f5d16425-fa84-4f59-a8d1-44390c7bc161
usr_cd84d7acc135,2025-09-04,pro,US,29,5,18.9,4,8,28,0,f5d16425-fa84-4f59-a8d1-44390c7bc161
usr_bbbe5d7ecc5c,2025-03-29,free,US,22,11,1.8,3,26,78,0,f5d16425-fa84-4f59-a8d1-44390c7bc161
usr_73e0d0420165,2024-02-03,pro,UK,26,14,1.1,1,25,32,0,f5d16425-fa84-4f59-a8d1-44390c7bc161
usr_a95661134c3f,2026-02-03,free,FR,12,5,9.1,0,18,22,0,f5d16425-fa84-4f59-a8d1-44390c7bc161
usr_890ce440d20b,2025-08-08,free,DE,6,4,1.6,3,29,75,0,f5d16425-fa84-4f59-a8d1-44390c7bc161
usr_193276ea436c,2025-10-12,pro,FR,9,14,8.0,2,8,88,0,f5d16425-fa84-4f59-a8d1-44390c7bc161
usr_37cc0df24dcd,2025-11-08,pro,DE,44,1,3.1,3,25,25,0,f5d16425-fa84-4f59-a8d1-44390c7bc161
usr_eeb2d46fdafc,2024-10-25,free,UK,8,4,13.0,5,2,70,0,f5d16425-fa84-4f59-a8d1-44390c7bc161
usr_aa14c5962cd3,2025-03-07,free,CA,39,4,1.3,3,20,42,0,f5d16425-fa84-4f59-a8d1-44390c7bc161
usr_62a44f734e4c,2024-05-13,free,DE,36,1,13.0,2,3,45,0,f5d16425-fa84-4f59-a8d1-44390c7bc161
usr_434a052e8695,2026-04-14,free,CA,22,1,19.0,0,17,46,0,f5d16425-fa84-4f59-a8d1-44390c7bc161
usr_a0d154d761d1,2025-01-18,free,UK,27,10,18.2,0,20,27,0,f5d16425-fa84-4f59-a8d1-44390c7bc161
usr_f8c585bd6087,2024-06-01,pro,UK,4,10,18.0,2,17,57,1,f5d16425-fa84-4f59-a8d1-44390c7bc161
usr_6c9e5625552f,2025-12-17,free,US,18,14,14.1,0,20,63,0,f5d16425-fa84-4f59-a8d1-44390c7bc161
usr_7ce08fd1bcda,2024-03-05,free,US,12,0,1.0,0,0,89,0,f5d16425-fa84-4f59-a8d1-44390c7bc161
usr_ef6886b7671b,2024-07-25,pro,US,29,6,18.8,3,28,39,1,f5d16425-fa84-4f59-a8d1-44390c7bc161
usr_0f00286f20ee,2024-08-21,free,CA,11,0,8.8,0,27,87,1,f5d16425-fa84-4f59-a8d1-44390c7bc161
usr_14fcfca4533b,2025-10-03,pro,FR,48,3,9.3,4,3,51,0,f5d16425-fa84-4f59-a8d1-44390c7bc161
usr_0fbf9657bfed,2024-02-22,free,US,15,6,5.2,2,1,26,0,f5d16425-fa84-4f59-a8d1-44390c7bc161
usr_6ebf6da6ca0b,2024-02-23,free,UK,35,5,18.6,3,1,27,0,f5d16425-fa84-4f59-a8d1-44390c7bc161
usr_d03e4f1c7dc3,2024-04-12,free,US,14,14,17.0,1,15,33,0,f5d16425-fa84-4f59-a8d1-44390c7bc161
usr_b86c55b6e98e,2024-05-21,free,DE,26,9,11.5,0,24,90,0,f5d16425-fa84-4f59-a8d1-44390c7bc161
usr_1f0a3581a632,2024-11-29,free,DE,31,7,7.7,2,10,73,1,f5d16425-fa84-4f59-a8d1-44390c7bc161
usr_efb8aa157b10,2024-11-09,pro,UK,44,12,9.1,1,3,14,1,f5d16425-fa84-4f59-a8d1-44390c7bc161
usr_a8094de3ae9b,2025-04-07,free,CA,8,14,9.7,4,29,42,1,f5d16425-fa84-4f59-a8d1-44390c7bc161
usr_c22175ff956d,2025-03-18,free,DE,35,4,16.0,2,7,61,0,f5d16425-fa84-4f59-a8d1-44390c7bc161
usr_12c6e2e7f37f,2025-10-14,pro,DE,43,6,10.6,2,7,82,1,f5d16425-fa84-4f59-a8d1-44390c7bc161
usr_ebd39dc64383,2024-08-12,free,FR,13,5,12.6,5,1,80,0,f5d16425-fa84-4f59-a8d1-44390c7bc161
usr_9896bf9f2a90,2025-05-31,free,DE,32,2,13.9,3,9,94,0,f5d16425-fa84-4f59-a8d1-44390c7bc161
usr_7014e56d0f69,2025-08-13,free,CA,41,4,13.1,1,26,17,0,f5d16425-fa84-4f59-a8d1-44390c7bc161
usr_c4838a7665ed,2026-03-17,free,UK,39,10,19.7,4,10,88,1,f5d16425-fa84-4f59-a8d1-44390c7bc161
usr_c303dcda60b1,2025-12-02,pro,DE,29,4,7.8,0,10,80,0,f5d16425-fa84-4f59-a8d1-44390c7bc161
usr_80cbcd14f9a6,2024-02-20,free,FR,33,10,5.3,3,0,93,1,f5d16425-fa84-4f59-a8d1-44390c7bc161
usr_c4cb49ec9e25,2024-03-06,free,UK,35,10,8.5,5,4,14,0,f5d16425-fa84-4f59-a8d1-44390c7bc161
usr_2037ffab1941,2024-09-30,free,UK,5,11,7.2,1,5,11,0,f5d16425-fa84-4f59-a8d1-44390c7bc161
usr_82567c67c846,2025-10-04,free,CA,21,9,19.1,5,12,52,1,f5d16425-fa84-4f59-a8d1-44390c7bc161
usr_9d205d31aced,2024-06-15,free,DE,40,7,2.4,2,17,48,0,f5d16425-fa84-4f59-a8d1-44390c7bc161
usr_f57a11e3ba5f,2024-12-29,pro,DE,17,2,18.6,0,29,37,0,f5d16425-fa84-4f59-a8d1-44390c7bc161
usr_1fcb88f0c3e9,2025-12-10,pro,US,49,5,2.5,2,15,23,0,f5d16425-fa84-4f59-a8d1-44390c7bc161
usr_d458b271ce8c,2024-11-04,free,DE,6,10,10.2,5,9,70,0,f5d16425-fa84-4f59-a8d1-44390c7bc161
usr_dc2b8f2402f5,2025-02-23,pro,FR,26,5,8.7,4,2,51,0,f5d16425-fa84-4f59-a8d1-44390c7bc161
usr_68570758e68d,2024-01-27,free,FR,48,0,11.4,2,24,60,1,f5d16425-fa84-4f59-a8d1-44390c7bc161
usr_1969f460810a,2026-03-28,free,FR,34,5,3.4,1,16,45,0,f5d16425-fa84-4f59-a8d1-44390c7bc161
usr_61e2e098ab21,2024-06-22,free,UK,35,12,10.2,0,0,40,0,f5d16425-fa84-4f59-a8d1-44390c7bc161
usr_6afc045488ef,2024-10-30,enterprise,FR,15,13,12.1,2,1,77,0,f5d16425-fa84-4f59-a8d1-44390c7bc161
usr_938087ec4f8d,2024-08-25,free,DE,38,13,11.6,5,0,22,0,f5d16425-fa84-4f59-a8d1-44390c7bc161
usr_d7b529357282,2024-11-12,free,DE,38,14,17.4,3,0,81,0,f5d16425-fa84-4f59-a8d1-44390c7bc161
usr_f938d45bc80c,2025-01-27,free,CA,32,0,4.9,2,26,89,0,f5d16425-fa84-4f59-a8d1-44390c7bc161
usr_42cdd939d6f2,2024-02-13,free,CA,49,11,18.7,3,25,37,0,f5d16425-fa84-4f59-a8d1-44390c7bc161
usr_f23b8b2d7f69,2024-11-06,free,UK,1,12,15.8,0,1,64,0,f5d16425-fa84-4f59-a8d1-44390c7bc161
usr_c5133ffda251,2024-04-02,free,DE,3,12,2.1,0,13,93,0,f5d16425-fa84-4f59-a8d1-44390c7bc161
usr_025cc5299b70,2025-10-06,free,UK,18,5,7.5,0,7,34,0,f5d16425-fa84-4f59-a8d1-44390c7bc161
usr_467c764f5a15,2024-04-02,free,FR,32,5,6.3,5,28,93,0,f5d16425-fa84-4f59-a8d1-44390c7bc161
usr_f515ad8a0afa,2025-08-23,pro,DE,18,9,5.2,3,5,44,1,f5d16425-fa84-4f59-a8d1-44390c7bc161
usr_709423719c50,2025-01-31,pro,DE,43,2,5.5,5,28,87,0,f5d16425-fa84-4f59-a8d1-44390c7bc161
usr_073657841825,2025-06-22,free,US,18,13,4.3,2,14,27,0,f5d16425-fa84-4f59-a8d1-44390c7bc161
usr_d1c9b69a8441,2025-08-12,free,FR,43,10,18.3,1,4,21,0,f5d16425-fa84-4f59-a8d1-44390c7bc161
usr_6711ab7d4471,2024-12-07,free,DE,15,2,10.6,3,9,64,0,f5d16425-fa84-4f59-a8d1-44390c7bc161
usr_14ef12df110f,2026-02-10,pro,FR,38,10,13.6,3,19,88,0,f5d16425-fa84-4f59-a8d1-44390c7bc161
usr_994c04524f4c,2025-02-08,free,CA,41,9,11.5,1,9,37,0,f5d16425-fa84-4f59-a8d1-44390c7bc161
usr_5ce79fac98eb,2025-11-01,free,UK,18,3,16.7,0,27,24,1,f5d16425-fa84-4f59-a8d1-44390c7bc161
usr_7b531bd388d6,2024-07-23,pro,CA,43,11,18.4,1,8,10,0,f5d16425-fa84-4f59-a8d1-44390c7bc161
usr_06161f4ac73f,2025-05-20,pro,UK,30,7,12.8,1,28,11,0,f5d16425-fa84-4f59-a8d1-44390c7bc161
usr_f3ade1afd86e,2024-04-15,free,CA,27,13,17.9,2,0,26,0,f5d16425-fa84-4f59-a8d1-44390c7bc161
usr_2eeb1e2a2392,2026-03-05,free,US,16,13,19.2,5,18,71,0,f5d16425-fa84-4f59-a8d1-44390c7bc161
usr_1e1c6693cd48,2026-04-10,pro,UK,7,0,5.6,2,12,53,1,f5d16425-fa84-4f59-a8d1-44390c7bc161
usr_1d90758c76b6,2025-04-19,pro,DE,28,14,6.7,3,20,49,1,f5d16425-fa84-4f59-a8d1-44390c7bc161
usr_6cefb2847a00,2025-12-15,free,FR,43,2,15.9,3,19,68,0,f5d16425-fa84-4f59-a8d1-44390c7bc161
usr_9fe89e068a15,2025-06-30,free,UK,16,2,18.7,1,13,47,1,f5d16425-fa84-4f59-a8d1-44390c7bc161
usr_55333ac60edf,2026-03-16,free,CA,10,13,18.8,3,2,36,0,f5d16425-fa84-4f59-a8d1-44390c7bc161
usr_9ec3f9c3b145,2024-05-04,free,DE,10,6,18.9,3,25,32,0,f5d16425-fa84-4f59-a8d1-44390c7bc161
usr_416aceee7240,2025-02-02,free,US,46,8,8.4,1,24,12,1,f5d16425-fa84-4f59-a8d1-44390c7bc161
usr_bf03ce34acf6,2024-12-05,pro,DE,21,5,10.3,0,4,16,1,f5d16425-fa84-4f59-a8d1-44390c7bc161
usr_7098f8f4c7e9,2025-10-31,free,CA,46,4,15.2,0,27,64,0,f5d16425-fa84-4f59-a8d1-44390c7bc161
usr_70215b3e73b0,2024-11-09,free,CA,27,9,1.3,5,24,57,0,f5d16425-fa84-4f59-a8d1-44390c7bc161
usr_b757e90233ef,2024-12-22,free,UK,20,3,7.8,2,25,40,0,f5d16425-fa84-4f59-a8d1-44390c7bc161
usr_d51064085939,2025-11-29,pro,CA,1,7,11.6,3,14,88,0,f5d16425-fa84-4f59-a8d1-44390c7bc161
usr_72fc9ee076ab,2024-11-09,free,US,42,13,2.1,4,17,48,0,f5d16425-fa84-4f59-a8d1-44390c7bc161
usr_78ca5fd8e483,2025-05-28,free,US,48,12,14.5,2,22,31,0,f5d16425-fa84-4f59-a8d1-44390c7bc161
usr_54d152a03415,2024-10-18,pro,US,43,8,5.1,2,2,28,0,f5d16425-fa84-4f59-a8d1-44390c7bc161
usr_b52b1b20793f,2024-10-25,free,US,37,2,12.4,3,9,34,0,f5d16425-fa84-4f59-a8d1-44390c7bc161
usr_3f548c84aef0,2025-03-20,free,US,30,14,18.9,4,28,18,1,f5d16425-fa84-4f59-a8d1-44390c7bc161
usr_8c9f7450bcff,2024-04-29,pro,CA,17,11,15.8,0,10,43,0,f5d16425-fa84-4f59-a8d1-44390c7bc161
usr_5fcd84e4610d,2025-09-19,free,FR,31,5,6.8,0,18,51,0,f5d16425-fa84-4f59-a8d1-44390c7bc161
usr_41edd7d51af2,2025-06-06,free,US,29,6,11.8,5,5,28,0,f5d16425-fa84-4f59-a8d1-44390c7bc161
usr_bf38a9831d8d,2025-09-17,free,DE,9,2,2.8,0,7,48,1,f5d16425-fa84-4f59-a8d1-44390c7bc161
usr_a77470dab4b2,2025-11-25,pro,FR,29,8,2.4,3,3,63,0,f5d16425-fa84-4f59-a8d1-44390c7bc161
usr_d21b4a4935e8,2024-06-11,free,CA,38,14,17.7,4,13,68,0,f5d16425-fa84-4f59-a8d1-44390c7bc161
usr_a4ff85213c0d,2025-05-13,pro,UK,38,1,4.6,5,26,92,1,f5d16425-fa84-4f59-a8d1-44390c7bc161
usr_f5d52694d135,2024-02-04,free,US,14,10,18.7,4,19,50,0,f5d16425-fa84-4f59-a8d1-44390c7bc161
usr_ec14dbbbdbbf,2024-05-29,free,DE,46,9,19.3,3,28,27,0,f5d16425-fa84-4f59-a8d1-44390c7bc161
usr_4d281c4d2f60,2026-04-25,pro,DE,45,4,9.0,0,12,22,0,f5d16425-fa84-4f59-a8d1-44390c7bc161
usr_eacdc7e7e266,2025-02-21,free,DE,0,5,1.3,1,0,91,0,f5d16425-fa84-4f59-a8d1-44390c7bc161
usr_c407793ec151,2025-05-26,free,DE,22,6,15.7,0,0,14,0,f5d16425-fa84-4f59-a8d1-44390c7bc161
usr_4165194de20a,2025-11-23,free,UK,4,6,5.7,4,28,93,1,f5d16425-fa84-4f59-a8d1-44390c7bc161
usr_87fe190df1e4,2024-12-24,free,US,42,6,18.7,4,15,44,1,f5d16425-fa84-4f59-a8d1-44390c7bc161
usr_6532d8884876,2025-02-05,free,US,33,1,12.4,3,18,68,0,f5d16425-fa84-4f59-a8d1-44390c7bc161
usr_638b39e9214c,2024-10-01,free,FR,38,7,1.8,4,21,32,0,f5d16425-fa84-4f59-a8d1-44390c7bc161
usr_83096f0a5267,2024-05-20,free,DE,6,6,8.3,1,29,13,0,f5d16425-fa84-4f59-a8d1-44390c7bc161
usr_cc4d50735c25,2024-08-24,free,CA,34,8,9.3,4,23,33,0,f5d16425-fa84-4f59-a8d1-44390c7bc161
usr_7db921e156d2,2024-06-27,free,US,6,14,14.5,2,10,61,0,f5d16425-fa84-4f59-a8d1-44390c7bc161
usr_3d1f77a08be7,2025-07-30,free,FR,45,5,16.1,2,27,81,0,f5d16425-fa84-4f59-a8d1-44390c7bc161
usr_844d01e73469,2025-08-21,pro,UK,36,11,8.4,3,25,80,0,f5d16425-fa84-4f59-a8d1-44390c7bc161
usr_af37f33d3f4b,2025-03-28,pro,DE,31,12,19.7,2,22,18,0,f5d16425-fa84-4f59-a8d1-44390c7bc161
usr_ab7c8bd1464a,2025-04-30,free,DE,23,3,8.7,0,28,70,1,f5d16425-fa84-4f59-a8d1-44390c7bc161
usr_5384f9ccdcdd,2024-12-26,free,US,14,10,5.3,3,5,58,0,f5d16425-fa84-4f59-a8d1-44390c7bc161
usr_05f3666ae417,2024-06-15,free,CA,9,2,5.1,5,15,76,1,f5d16425-fa84-4f59-a8d1-44390c7bc161
usr_99df867a31a8,2025-10-14,free,FR,5,0,17.2,5,16,27,0,f5d16425-fa84-4f59-a8d1-44390c7bc161
usr_63530744273c,2024-07-18,free,US,38,4,16.5,2,11,87,0,f5d16425-fa84-4f59-a8d1-44390c7bc161
usr_1206f78be394,2025-11-30,free,UK,16,4,17.2,5,25,91,0,f5d16425-fa84-4f59-a8d1-44390c7bc161
usr_90c5b263a966,2025-03-20,free,US,27,9,13.9,1,15,52,0,f5d16425-fa84-4f59-a8d1-44390c7bc161
usr_aca9dc29d689,2025-05-27,free,FR,9,5,8.2,4,20,68,0,f5d16425-fa84-4f59-a8d1-44390c7bc161
usr_f42a699c4443,2025-09-07,free,DE,28,6,6.6,0,8,57,0,f5d16425-fa84-4f59-a8d1-44390c7bc161
usr_6ed5248a0482,2026-04-08,free,US,24,12,2.9,1,6,93,0,f5d16425-fa84-4f59-a8d1-44390c7bc161
usr_89a2a09e29c0,2025-01-27,free,UK,43,3,17.7,1,16,55,0,f5d16425-fa84-4f59-a8d1-44390c7bc161
usr_79dfcaf56352,2024-09-01,pro,CA,19,5,18.9,2,28,37,0,f5d16425-fa84-4f59-a8d1-44390c7bc161
usr_82b048d4cc69,2024-03-02,free,CA,18,10,3.6,5,29,13,0,f5d16425-fa84-4f59-a8d1-44390c7bc161
usr_cd92d7c99b8c,2024-07-21,enterprise,UK,39,14,2.9,2,10,53,0,f5d16425-fa84-4f59-a8d1-44390c7bc161
usr_da8742295d4d,2025-11-21,enterprise,UK,30,3,10.7,5,19,15,0,f5d16425-fa84-4f59-a8d1-44390c7bc161
usr_3023a94b6ee3,2025-01-23,pro,UK,2,12,13.3,0,10,51,0,f5d16425-fa84-4f59-a8d1-44390c7bc161
usr_aa574f3b6eaf,2025-01-11,free,FR,25,9,8.1,4,27,49,0,f5d16425-fa84-4f59-a8d1-44390c7bc161
usr_94ef7352ab3c,2024-03-04,enterprise,FR,30,3,11.0,1,11,39,0,f5d16425-fa84-4f59-a8d1-44390c7bc161
usr_5c43ec3e8126,2025-12-28,free,US,47,11,9.8,3,14,44,0,f5d16425-fa84-4f59-a8d1-44390c7bc161
usr_ed46d4f25940,2024-05-26,enterprise,CA,17,14,6.5,3,28,59,0,f5d16425-fa84-4f59-a8d1-44390c7bc161
usr_bbbb6ab4ac3b,2025-06-07,free,DE,14,3,2.6,0,11,46,0,f5d16425-fa84-4f59-a8d1-44390c7bc161
usr_7367147fc5a4,2026-01-29,free,DE,14,2,9.5,2,22,89,0,f5d16425-fa84-4f59-a8d1-44390c7bc161
usr_da7d1ea18aeb,2024-06-26,free,DE,34,10,19.2,2,17,50,0,f5d16425-fa84-4f59-a8d1-44390c7bc161
usr_ceff04cd8157,2025-12-08,free,CA,38,2,3.7,2,8,85,0,f5d16425-fa84-4f59-a8d1-44390c7bc161
usr_932a31e36802,2025-10-31,free,FR,8,5,12.1,3,29,52,0,f5d16425-fa84-4f59-a8d1-44390c7bc161
usr_56588d85b8e0,2026-04-16,pro,FR,4,7,18.5,2,10,28,0,f5d16425-fa84-4f59-a8d1-44390c7bc161
usr_310e26346ded,2024-02-02,enterprise,US,7,3,14.3,2,14,23,0,f5d16425-fa84-4f59-a8d1-44390c7bc161
usr_448fd64105f0,2025-08-04,free,UK,1,11,1.2,5,2,28,0,f5d16425-fa84-4f59-a8d1-44390c7bc161
usr_25e346c72415,2024-02-02,free,DE,40,0,3.6,5,24,55,1,f5d16425-fa84-4f59-a8d1-44390c7bc161
usr_855a83f029b0,2024-02-12,free,FR,27,12,13.3,3,4,27,0,f5d16425-fa84-4f59-a8d1-44390c7bc161
usr_4c4dc7facfe1,2024-03-08,free,UK,32,12,14.2,5,10,74,0,f5d16425-fa84-4f59-a8d1-44390c7bc161
usr_7a46b8b34c31,2024-10-08,free,UK,26,12,4.3,4,17,16,0,f5d16425-fa84-4f59-a8d1-44390c7bc161
usr_c7570cfc2eb6,2025-03-24,free,FR,6,0,19.5,3,17,67,0,f5d16425-fa84-4f59-a8d1-44390c7bc161
usr_c64d18b92bf3,2024-11-26,free,US,0,4,2.1,0,4,93,1,f5d16425-fa84-4f59-a8d1-44390c7bc161
usr_6f38d6016c11,2025-01-01,free,UK,26,12,19.3,5,9,79,0,f5d16425-fa84-4f59-a8d1-44390c7bc161
usr_c32f43dbd4df,2026-02-06,pro,CA,16,0,14.9,5,8,70,0,f5d16425-fa84-4f59-a8d1-44390c7bc161
usr_d13003235fc4,2024-10-07,pro,UK,39,8,10.4,1,14,79,0,f5d16425-fa84-4f59-a8d1-44390c7bc161
usr_e4ab60ecb31c,2025-06-29,free,CA,13,2,15.1,1,8,14,0,f5d16425-fa84-4f59-a8d1-44390c7bc161
usr_4d27761111ec,2025-02-20,free,US,45,9,14.4,3,12,78,0,f5d16425-fa84-4f59-a8d1-44390c7bc161
usr_d7abe8db784e,2025-07-15,free,FR,1,1,18.8,0,6,25,1,f5d16425-fa84-4f59-a8d1-44390c7bc161
usr_ea4485645ccc,2025-09-21,free,FR,3,0,7.5,1,14,17,0,f5d16425-fa84-4f59-a8d1-44390c7bc161
usr_d4b4f5989072,2025-01-29,free,CA,8,0,3.0,4,1,81,1,f5d16425-fa84-4f59-a8d1-44390c7bc161
usr_b9353f564dff,2024-07-04,free,US,42,1,11.8,4,28,28,0,f5d16425-fa84-4f59-a8d1-44390c7bc161
usr_64dd60f0001a,2025-08-04,free,UK,18,14,9.7,4,10,29,0,f5d16425-fa84-4f59-a8d1-44390c7bc161
usr_8cf9d2bb4b36,2026-02-03,enterprise,FR,30,14,12.5,5,28,71,0,f5d16425-fa84-4f59-a8d1-44390c7bc161
usr_b48466e4a404,2024-10-13,free,US,49,3,12.5,0,19,18,0,f5d16425-fa84-4f59-a8d1-44390c7bc161
usr_19c6b6e31931,2025-03-01,free,FR,46,8,15.9,1,14,61,0,f5d16425-fa84-4f59-a8d1-44390c7bc161
usr_996a99301fda,2026-04-02,free,FR,37,11,3.7,2,6,45,0,f5d16425-fa84-4f59-a8d1-44390c7bc161
usr_b89ff891b4aa,2025-09-13,free,US,24,8,6.6,5,23,25,0,f5d16425-fa84-4f59-a8d1-44390c7bc161
usr_276ab43816b6,2024-07-26,free,DE,16,0,16.6,3,11,19,0,f5d16425-fa84-4f59-a8d1-44390c7bc161
usr_e90d9c37b630,2025-03-30,free,UK,28,7,14.5,1,23,38,0,f5d16425-fa84-4f59-a8d1-44390c7bc161
usr_b01caf128077,2026-03-28,free,UK,17,1,16.2,5,22,10,1,f5d16425-fa84-4f59-a8d1-44390c7bc161
usr_709ca59dfab3,2024-01-22,free,US,4,10,4.3,1,18,10,0,f5d16425-fa84-4f59-a8d1-44390c7bc161
usr_14bdfd3d0df0,2024-02-02,free,US,45,6,10.4,3,27,49,0,f5d16425-fa84-4f59-a8d1-44390c7bc161
usr_19e6fe0492da,2024-07-22,free,US,42,6,1.1,3,16,22,0,f5d16425-fa84-4f59-a8d1-44390c7bc161
usr_313544b7a5e4,2024-06-15,free,CA,22,10,9.9,1,5,28,0,f5d16425-fa84-4f59-a8d1-44390c7bc161
usr_6164be45cbf6,2026-03-03,free,UK,25,1,4.2,4,27,15,0,f5d16425-fa84-4f59-a8d1-44390c7bc161
usr_e79af8f5aa4f,2025-04-25,free,FR,3,10,8.8,3,20,66,0,f5d16425-fa84-4f59-a8d1-44390c7bc161
usr_006456949a2a,2025-02-10,free,CA,11,9,2.7,0,26,23,0,f5d16425-fa84-4f59-a8d1-44390c7bc161
usr_77fe9186aee1,2024-02-23,free,UK,49,11,2.8,4,11,54,0,f5d16425-fa84-4f59-a8d1-44390c7bc161
usr_b27c4580fca7,2025-02-12,free,CA,2,7,19.2,1,5,59,0,f5d16425-fa84-4f59-a8d1-44390c7bc161
usr_17ec718da508,2024-06-11,free,UK,28,3,11.7,3,28,93,1,f5d16425-fa84-4f59-a8d1-44390c7bc161
usr_4a903cdd780b,2026-01-29,free,US,39,13,19.8,1,26,25,0,f5d16425-fa84-4f59-a8d1-44390c7bc161
usr_39f388c0c5b5,2025-10-06,free,CA,30,5,2.4,5,14,33,0,f5d16425-fa84-4f59-a8d1-44390c7bc161
usr_4ffc0c7cfcfd,2025-02-09,free,DE,10,6,5.3,3,3,23,0,f5d16425-fa84-4f59-a8d1-44390c7bc161
usr_6b58182404a8,2024-12-24,free,US,32,12,2.1,2,14,13,0,f5d16425-fa84-4f59-a8d1-44390c7bc161
usr_8dd44453ee93,2024-04-07,free,UK,8,4,16.9,3,9,32,0,f5d16425-fa84-4f59-a8d1-44390c7bc161
usr_ac66b1ee3e0e,2025-06-30,free,UK,16,12,3.0,3,20,34,0,f5d16425-fa84-4f59-a8d1-44390c7bc161
usr_8ade84af8c00,2025-10-08,free,US,45,13,4.3,4,19,26,1,f5d16425-fa84-4f59-a8d1-44390c7bc161
usr_31507562e8d8,2024-11-17,pro,DE,44,14,17.2,4,7,78,0,f5d16425-fa84-4f59-a8d1-44390c7bc161
usr_63c85e6c5bf2,2026-03-02,free,US,2,3,6.9,2,27,68,0,f5d16425-fa84-4f59-a8d1-44390c7bc161
usr_447b6983bd54,2024-05-13,pro,FR,34,2,11.3,0,19,69,0,f5d16425-fa84-4f59-a8d1-44390c7bc161
usr_7382681a94b9,2026-02-05,free,FR,40,14,7.3,2,21,76,0,f5d16425-fa84-4f59-a8d1-44390c7bc161
usr_458eede32767,2024-05-11,free,CA,10,6,11.9,2,11,60,0,f5d16425-fa84-4f59-a8d1-44390c7bc161
usr_405a751fbd8f,2026-02-14,pro,UK,17,7,11.7,4,5,38,0,f5d16425-fa84-4f59-a8d1-44390c7bc161
usr_a2d875297d3c,2025-08-07,free,DE,25,5,19.7,1,15,53,0,f5d16425-fa84-4f59-a8d1-44390c7bc161
usr_65d6b00ba9e6,2024-04-04,free,CA,12,4,1.4,4,16,55,0,f5d16425-fa84-4f59-a8d1-44390c7bc161
usr_614a798b0565,2024-08-21,free,UK,33,10,5.0,5,26,14,0,f5d16425-fa84-4f59-a8d1-44390c7bc161
usr_71b379635cbd,2024-06-05,pro,UK,21,3,14.7,3,13,60,0,f5d16425-fa84-4f59-a8d1-44390c7bc161
usr_6bf9764ce9cc,2025-10-10,enterprise,UK,3,4,5.0,1,11,24,1,f5d16425-fa84-4f59-a8d1-44390c7bc161
usr_e759adb64655,2026-04-16,free,UK,14,12,11.9,3,12,26,0,f5d16425-fa84-4f59-a8d1-44390c7bc161
usr_7e3ebdc24d09,2025-04-20,free,DE,39,6,1.5,0,1,55,0,f5d16425-fa84-4f59-a8d1-44390c7bc161
usr_34e4929945c8,2025-04-29,free,DE,27,0,5.4,1,20,43,1,f5d16425-fa84-4f59-a8d1-44390c7bc161
usr_59a7573e6a23,2024-08-12,pro,CA,12,9,16.1,3,20,24,0,f5d16425-fa84-4f59-a8d1-44390c7bc161
usr_354199ef90a4,2024-03-03,free,US,18,5,5.6,2,6,63,0,f5d16425-fa84-4f59-a8d1-44390c7bc161
usr_6fdf5de6183a,2024-12-03,free,DE,24,14,10.2,4,6,89,0,f5d16425-fa84-4f59-a8d1-44390c7bc161
usr_d062fb505ff1,2024-10-17,pro,FR,9,8,16.6,5,18,58,0,f5d16425-fa84-4f59-a8d1-44390c7bc161
usr_7613b2c2413f,2025-01-19,free,UK,42,8,11.7,0,21,51,0,f5d16425-fa84-4f59-a8d1-44390c7bc161
usr_e17765d0442a,2024-02-01,pro,CA,25,4,19.0,0,11,67,0,f5d16425-fa84-4f59-a8d1-44390c7bc161
usr_a727ff7a11de,2025-01-04,free,FR,41,9,9.4,2,17,21,0,f5d16425-fa84-4f59-a8d1-44390c7bc161
usr_a0a550058fd6,2024-04-16,free,FR,45,2,12.6,5,14,81,0,f5d16425-fa84-4f59-a8d1-44390c7bc161
usr_98e0ddc63c4b,2024-10-15,pro,CA,24,4,9.8,0,27,41,0,f5d16425-fa84-4f59-a8d1-44390c7bc161
usr_af31025e8e36,2026-02-27,free,CA,16,5,16.9,2,28,43,0,f5d16425-fa84-4f59-a8d1-44390c7bc161
usr_ec7046dd455b,2026-03-21,free,FR,35,12,13.9,3,26,37,0,f5d16425-fa84-4f59-a8d1-44390c7bc161
usr_1d0d73e352a9,2025-01-11,free,DE,7,6,5.6,4,4,23,0,f5d16425-fa84-4f59-a8d1-44390c7bc161
usr_0af5cd946bba,2025-07-05,pro,DE,28,13,4.0,1,0,38,0,f5d16425-fa84-4f59-a8d1-44390c7bc161
usr_5f919d910688,2024-03-25,free,UK,26,1,18.0,2,5,24,1,f5d16425-fa84-4f59-a8d1-44390c7bc161
usr_95d0a5f2a9a4,2026-02-20,pro,FR,35,11,17.7,1,29,29,0,f5d16425-fa84-4f59-a8d1-44390c7bc161
usr_6f67de4daa3d,2024-09-11,free,CA,27,0,10.5,1,28,42,0,f5d16425-fa84-4f59-a8d1-44390c7bc161
usr_918ba08cf473,2024-05-03,free,CA,30,4,12.1,1,11,37,0,f5d16425-fa84-4f59-a8d1-44390c7bc161
usr_28a5fad17e06,2024-01-02,free,US,36,5,16.5,4,1,48,0,f5d16425-fa84-4f59-a8d1-44390c7bc161
usr_247b8ad80c41,2025-10-26,free,US,2,10,9.4,5,14,41,0,f5d16425-fa84-4f59-a8d1-44390c7bc161
usr_392e3ae507f0,2024-04-24,free,US,22,6,13.0,1,18,29,0,f5d16425-fa84-4f59-a8d1-44390c7bc161
usr_82fd51c7fbf0,2024-09-01,pro,US,44,5,15.7,4,12,25,0,f5d16425-fa84-4f59-a8d1-44390c7bc161
usr_de627bd7a861,2025-05-26,free,DE,24,8,7.7,2,16,66,0,f5d16425-fa84-4f59-a8d1-44390c7bc161
usr_73ad7ea9beb3,2026-03-21,free,DE,6,3,4.7,1,11,29,0,f5d16425-fa84-4f59-a8d1-44390c7bc161
usr_e1d5b96d7625,2025-03-05,pro,US,34,2,8.8,1,14,73,0,f5d16425-fa84-4f59-a8d1-44390c7bc161
usr_4a76abe2ec75,2024-02-09,free,DE,17,6,16.9,0,19,33,0,f5d16425-fa84-4f59-a8d1-44390c7bc161
usr_5c6beab2a6e2,2024-12-04,free,US,37,2,16.7,1,0,80,0,f5d16425-fa84-4f59-a8d1-44390c7bc161
usr_d3a8d8c298d3,2024-04-16,free,CA,31,4,7.6,2,3,46,0,f5d16425-fa84-4f59-a8d1-44390c7bc161
usr_d26850bf3285,2024-01-22,enterprise,DE,0,12,8.7,5,28,71,0,f5d16425-fa84-4f59-a8d1-44390c7bc161
usr_63df6be11e96,2025-05-22,free,CA,25,3,11.9,1,22,43,0,f5d16425-fa84-4f59-a8d1-44390c7bc161
usr_7c9b2924c07e,2024-12-06,pro,DE,16,8,12.9,0,24,38,0,f5d16425-fa84-4f59-a8d1-44390c7bc161
usr_ca3c6e8ca2e8,2026-04-16,free,UK,15,3,6.2,3,24,80,0,f5d16425-fa84-4f59-a8d1-44390c7bc161
usr_ccb202e4a453,2025-11-29,free,US,15,2,4.6,1,17,40,0,f5d16425-fa84-4f59-a8d1-44390c7bc161
usr_d8b7fe78540a,2026-04-01,free,US,17,3,10.8,2,22,14,0,f5d16425-fa84-4f59-a8d1-44390c7bc161
usr_5ea858891fee,2026-03-15,free,US,37,2,10.5,1,17,36,0,f5d16425-fa84-4f59-a8d1-44390c7bc161
usr_a4c879c28b47,2024-12-03,free,CA,11,8,15.2,1,4,51,0,f5d16425-fa84-4f59-a8d1-44390c7bc161
usr_a6b5195ee915,2024-06-05,pro,US,42,10,3.6,0,18,14,0,f5d16425-fa84-4f59-a8d1-44390c7bc161
usr_b8365688f746,2026-02-02,pro,FR,48,0,11.0,1,4,54,0,f5d16425-fa84-4f59-a8d1-44390c7bc161
usr_2b8424383fd3,2024-03-25,pro,UK,29,0,14.3,2,29,54,0,f5d16425-fa84-4f59-a8d1-44390c7bc161
usr_cfbe2a877feb,2024-01-11,free,DE,33,8,12.0,5,18,21,0,f5d16425-fa84-4f59-a8d1-44390c7bc161
usr_aeb1e1657bab,2024-03-18,pro,FR,21,13,7.3,5,25,45,0,f5d16425-fa84-4f59-a8d1-44390c7bc161
usr_7f90d8016a24,2024-03-03,free,US,47,13,9.6,0,16,93,0,f5d16425-fa84-4f59-a8d1-44390c7bc161
usr_e33a422cbdf0,2025-05-28,free,US,8,14,17.6,3,14,55,0,f5d16425-fa84-4f59-a8d1-44390c7bc161
usr_b32a761c4939,2025-03-06,enterprise,US,31,3,10.0,0,10,46,0,f5d16425-fa84-4f59-a8d1-44390c7bc161
usr_b80cf5c0802e,2026-01-04,pro,FR,25,13,10.1,4,22,87,0,f5d16425-fa84-4f59-a8d1-44390c7bc161
usr_96ed46898850,2025-03-18,free,US,39,3,13.4,2,11,94,0,f5d16425-fa84-4f59-a8d1-44390c7bc161
usr_2de81fb35add,2025-09-17,pro,US,35,12,12.8,3,27,77,0,f5d16425-fa84-4f59-a8d1-44390c7bc161
usr_b25810aecf5d,2025-05-09,free,CA,40,6,16.5,3,7,50,0,f5d16425-fa84-4f59-a8d1-44390c7bc161
usr_ea9e5149e333,2024-03-14,enterprise,DE,24,13,17.0,1,1,89,0,f5d16425-fa84-4f59-a8d1-44390c7bc161
usr_d7cc2f3d3cf1,2025-07-15,free,US,35,7,7.6,2,0,14,1,f5d16425-fa84-4f59-a8d1-44390c7bc161
usr_4f39ab5c715f,2025-12-23,pro,CA,43,10,3.7,1,13,68,0,f5d16425-fa84-4f59-a8d1-44390c7bc161
usr_2c32d85fe738,2024-06-18,free,FR,20,14,5.5,0,8,84,1,f5d16425-fa84-4f59-a8d1-44390c7bc161
usr_4d9b0c70d7ec,2025-01-04,free,CA,16,7,17.7,1,3,33,0,f5d16425-fa84-4f59-a8d1-44390c7bc161
usr_8c3e28a22e8c,2024-08-14,free,US,25,3,9.3,3,10,68,0,f5d16425-fa84-4f59-a8d1-44390c7bc161
usr_b3f834c05c1d,2024-02-05,free,DE,8,3,1.7,0,29,65,0,f5d16425-fa84-4f59-a8d1-44390c7bc161
usr_1d37814a3cb3,2024-12-16,free,CA,48,3,11.3,5,14,13,0,f5d16425-fa84-4f59-a8d1-44390c7bc161
usr_8b532bf0e0ba,2024-02-12,free,UK,11,10,8.3,2,14,58,0,f5d16425-fa84-4f59-a8d1-44390c7bc161
usr_17cba196682d,2024-01-01,free,US,21,1,12.4,4,18,52,0,f5d16425-fa84-4f59-a8d1-44390c7bc161
usr_0a760f96299e,2025-04-09,free,DE,7,14,1.0,4,6,18,0,f5d16425-fa84-4f59-a8d1-44390c7bc161
usr_1a380d746569,2024-05-07,free,UK,18,6,7.6,1,26,41,1,f5d16425-fa84-4f59-a8d1-44390c7bc161
usr_393bc0a35fc2,2024-09-11,free,DE,2,5,11.7,4,16,44,0,f5d16425-fa84-4f59-a8d1-44390c7bc161
usr_d3a5095f9e66,2024-10-29,free,UK,39,4,16.3,2,0,47,0,f5d16425-fa84-4f59-a8d1-44390c7bc161
usr_86a4e5051d7f,2024-08-17,pro,UK,38,10,8.5,2,11,33,0,f5d16425-fa84-4f59-a8d1-44390c7bc161
usr_86d95771b04c,2024-06-05,free,US,21,1,16.9,5,2,14,0,f5d16425-fa84-4f59-a8d1-44390c7bc161
usr_d91a0e2c363f,2024-09-12,free,FR,8,7,6.1,2,4,34,0,f5d16425-fa84-4f59-a8d1-44390c7bc161
usr_594bf948f6ad,2024-12-30,free,UK,41,10,16.7,4,24,68,0,f5d16425-fa84-4f59-a8d1-44390c7bc161
usr_faf344155946,2024-11-13,free,DE,35,3,16.1,4,29,75,0,f5d16425-fa84-4f59-a8d1-44390c7bc161
usr_4a972378a860,2024-11-18,pro,UK,28,3,7.9,3,2,59,0,f5d16425-fa84-4f59-a8d1-44390c7bc161
usr_40444df3986f,2025-01-26,free,FR,4,1,3.9,4,20,23,0,f5d16425-fa84-4f59-a8d1-44390c7bc161
usr_dc67aff3e291,2025-07-04,free,DE,37,2,16.6,1,7,63,0,f5d16425-fa84-4f59-a8d1-44390c7bc161
usr_7f4c7f120f52,2025-05-28,free,DE,27,8,8.0,0,18,92,0,f5d16425-fa84-4f59-a8d1-44390c7bc161
usr_8f671dfd9750,2024-06-10,free,CA,26,5,11.8,1,5,66,0,f5d16425-fa84-4f59-a8d1-44390c7bc161
usr_41ce455cdc42,2025-09-17,pro,US,23,12,9.1,0,20,34,0,f5d16425-fa84-4f59-a8d1-44390c7bc161
usr_63caea151d22,2024-06-01,free,UK,35,5,12.6,3,17,59,0,f5d16425-fa84-4f59-a8d1-44390c7bc161
usr_4aa2273ece44,2025-10-25,free,UK,5,4,5.7,2,26,68,0,f5d16425-fa84-4f59-a8d1-44390c7bc161
usr_747a7a4ffc4d,2025-10-21,free,FR,41,2,11.6,2,18,43,0,f5d16425-fa84-4f59-a8d1-44390c7bc161
usr_5a72be500be3,2024-11-29,free,CA,20,6,3.9,1,3,77,0,f5d16425-fa84-4f59-a8d1-44390c7bc161
usr_e2de5097850d,2024-12-07,pro,CA,26,14,18.5,0,6,91,1,f5d16425-fa84-4f59-a8d1-44390c7bc161
usr_641a68377807,2025-05-08,free,FR,6,9,3.6,2,16,20,1,f5d16425-fa84-4f59-a8d1-44390c7bc161
usr_8b3b7727e2ad,2024-11-13,free,DE,10,1,15.4,1,1,86,0,f5d16425-fa84-4f59-a8d1-44390c7bc161
usr_466a8720376d,2025-10-30,enterprise,US,13,0,6.3,5,4,62,0,f5d16425-fa84-4f59-a8d1-44390c7bc161
usr_4e61af82a287,2026-01-03,free,FR,27,8,15.1,4,19,59,0,f5d16425-fa84-4f59-a8d1-44390c7bc161
usr_dfa93718be7a,2024-05-29,pro,US,25,12,11.3,1,8,44,0,f5d16425-fa84-4f59-a8d1-44390c7bc161
usr_734b51fbbef6,2024-06-19,free,FR,38,3,16.4,3,22,51,1,f5d16425-fa84-4f59-a8d1-44390c7bc161
usr_3ca156737921,2026-03-17,pro,UK,31,11,6.8,3,25,36,0,f5d16425-fa84-4f59-a8d1-44390c7bc161
usr_8baa039f31de,2024-01-08,free,US,12,4,17.6,3,28,18,0,f5d16425-fa84-4f59-a8d1-44390c7bc161
usr_f26c39a20e9a,2025-06-23,free,DE,20,7,5.5,0,3,13,1,f5d16425-fa84-4f59-a8d1-44390c7bc161
usr_6eecf7ad3d52,2024-02-25,free,CA,13,11,16.7,4,21,44,0,f5d16425-fa84-4f59-a8d1-44390c7bc161
usr_2cdc95e63322,2025-03-12,pro,DE,47,14,12.1,5,9,28,1,f5d16425-fa84-4f59-a8d1-44390c7bc161
usr_d82afa71aadd,2025-05-21,pro,FR,41,3,14.8,4,14,65,1,f5d16425-fa84-4f59-a8d1-44390c7bc161
usr_d9d2cd2a7ba2,2025-06-07,pro,UK,3,8,13.1,1,18,47,0,f5d16425-fa84-4f59-a8d1-44390c7bc161
usr_4589f5834cf9,2025-01-17,free,US,32,2,3.9,3,8,90,0,f5d16425-fa84-4f59-a8d1-44390c7bc161
usr_6a661f80658e,2025-04-29,free,FR,10,1,9.8,0,12,69,0,f5d16425-fa84-4f59-a8d1-44390c7bc161
usr_063be5afcb9a,2024-11-15,free,US,1,11,11.4,1,7,18,0,f5d16425-fa84-4f59-a8d1-44390c7bc161
usr_394eb22bac8e,2024-10-11,free,US,44,14,16.5,3,13,48,0,f5d16425-fa84-4f59-a8d1-44390c7bc161
usr_059646020abe,2024-01-16,free,FR,16,0,5.8,3,24,48,0,f5d16425-fa84-4f59-a8d1-44390c7bc161
usr_12e61e546a70,2025-08-16,free,FR,42,2,15.4,0,24,27,1,f5d16425-fa84-4f59-a8d1-44390c7bc161
usr_97261b5c6ee3,2024-05-31,free,FR,25,3,19.1,4,15,50,0,f5d16425-fa84-4f59-a8d1-44390c7bc161
usr_3a06168583cc,2025-09-23,free,UK,46,6,2.6,1,16,33,0,f5d16425-fa84-4f59-a8d1-44390c7bc161
usr_b3a922c321b8,2024-10-31,free,DE,44,9,3.4,4,19,86,0,f5d16425-fa84-4f59-a8d1-44390c7bc161
usr_1bd00963d3db,2024-04-08,free,UK,34,2,4.8,3,6,73,0,f5d16425-fa84-4f59-a8d1-44390c7bc161
usr_7abc274b1286,2024-05-12,free,UK,7,12,18.9,0,1,56,0,f5d16425-fa84-4f59-a8d1-44390c7bc161
usr_f343e1dc156b,2025-03-11,free,FR,40,1,10.9,2,2,89,0,f5d16425-fa84-4f59-a8d1-44390c7bc161
usr_b0c2e5e3dfaa,2026-01-16,free,FR,6,12,8.8,5,26,26,0,f5d16425-fa84-4f59-a8d1-44390c7bc161
usr_bccab8790889,2024-04-16,pro,DE,5,11,2.8,3,22,27,1,f5d16425-fa84-4f59-a8d1-44390c7bc161
usr_a57a23f14451,2024-12-28,free,CA,37,2,17.5,1,23,54,0,f5d16425-fa84-4f59-a8d1-44390c7bc161
usr_2e95c6f445e7,2025-04-09,free,UK,21,1,18.0,4,7,55,0,f5d16425-fa84-4f59-a8d1-44390c7bc161
usr_a62c73449b9e,2025-06-06,pro,FR,11,7,16.9,1,2,23,0,f5d16425-fa84-4f59-a8d1-44390c7bc161
usr_235681262b7b,2026-02-05,free,US,12,5,11.1,4,25,15,0,f5d16425-fa84-4f59-a8d1-44390c7bc161
usr_504ceb0f300d,2025-04-08,pro,CA,34,10,6.6,5,6,93,0,f5d16425-fa84-4f59-a8d1-44390c7bc161
usr_1f7dc6150855,2025-06-11,pro,UK,0,9,1.1,2,27,28,0,f5d16425-fa84-4f59-a8d1-44390c7bc161
usr_644f25d6c87f,2025-07-21,free,DE,17,7,5.9,0,27,89,1,f5d16425-fa84-4f59-a8d1-44390c7bc161
usr_6570ac249459,2026-04-26,pro,CA,7,0,1.6,0,26,38,0,f5d16425-fa84-4f59-a8d1-44390c7bc161
usr_2d2833f3f110,2026-03-20,free,US,41,10,11.1,2,1,39,0,f5d16425-fa84-4f59-a8d1-44390c7bc161
usr_09cfb35669d3,2024-03-25,free,CA,46,13,3.9,1,9,74,0,f5d16425-fa84-4f59-a8d1-44390c7bc161
usr_43dbbd8d4dbc,2025-07-29,free,CA,38,10,13.3,0,24,79,0,f5d16425-fa84-4f59-a8d1-44390c7bc161
usr_c32e1eb7ae0b,2025-05-15,free,CA,44,1,15.8,2,2,74,0,f5d16425-fa84-4f59-a8d1-44390c7bc161
usr_a67b134ad946,2025-01-06,free,CA,25,4,19.3,4,28,83,0,f5d16425-fa84-4f59-a8d1-44390c7bc161
usr_358cc375d321,2026-03-21,free,DE,49,10,15.6,0,6,57,0,f5d16425-fa84-4f59-a8d1-44390c7bc161
usr_e06f0517a2c1,2024-09-11,free,FR,39,7,13.4,3,20,58,0,f5d16425-fa84-4f59-a8d1-44390c7bc161
usr_cad3d6978397,2025-07-01,free,DE,42,14,2.7,2,5,23,1,f5d16425-fa84-4f59-a8d1-44390c7bc161
usr_8bc767f9e74b,2024-10-19,free,DE,48,1,10.0,5,20,57,0,f5d16425-fa84-4f59-a8d1-44390c7bc161
usr_dfcab69a2942,2024-02-10,enterprise,FR,25,8,12.7,4,11,13,0,f5d16425-fa84-4f59-a8d1-44390c7bc161
usr_a7648aef51a3,2025-11-20,pro,FR,47,5,8.4,0,17,37,0,f5d16425-fa84-4f59-a8d1-44390c7bc161
usr_8c3c53d05436,2025-01-16,free,UK,39,3,9.3,1,2,29,1,f5d16425-fa84-4f59-a8d1-44390c7bc161
usr_0c49e396e00f,2025-11-04,free,CA,31,12,19.1,4,26,47,1,f5d16425-fa84-4f59-a8d1-44390c7bc161
usr_15453b547a07,2025-08-07,free,US,40,11,19.2,2,11,83,0,f5d16425-fa84-4f59-a8d1-44390c7bc161
usr_702a328003af,2026-03-24,free,DE,49,3,7.6,4,27,85,0,f5d16425-fa84-4f59-a8d1-44390c7bc161
usr_dd05eeb781b7,2024-07-10,free,CA,40,10,4.2,2,11,83,0,f5d16425-fa84-4f59-a8d1-44390c7bc161
usr_6e829543b14e,2025-12-13,pro,CA,13,6,18.6,3,21,84,0,f5d16425-fa84-4f59-a8d1-44390c7bc161
usr_6dddfc575935,2025-08-24,free,FR,46,4,5.9,4,22,31,0,f5d16425-fa84-4f59-a8d1-44390c7bc161
usr_aefac06d198a,2025-02-10,pro,US,36,6,4.0,1,16,73,1,f5d16425-fa84-4f59-a8d1-44390c7bc161
usr_adfed3421e3e,2025-11-07,free,US,31,6,17.2,2,17,10,0,f5d16425-fa84-4f59-a8d1-44390c7bc161
usr_9e776804f62a,2026-03-18,free,FR,18,9,9.8,5,24,21,1,f5d16425-fa84-4f59-a8d1-44390c7bc161
usr_2701902aef0f,2024-08-21,pro,US,31,6,13.6,5,15,51,0,f5d16425-fa84-4f59-a8d1-44390c7bc161
usr_e8d39b9f9217,2024-07-10,free,DE,24,8,1.5,0,21,53,1,f5d16425-fa84-4f59-a8d1-44390c7bc161
usr_72bfb1d3cce8,2026-01-26,free,UK,7,1,8.0,3,26,85,0,f5d16425-fa84-4f59-a8d1-44390c7bc161
usr_406c90440be7,2025-04-09,free,UK,32,4,17.1,1,10,92,0,f5d16425-fa84-4f59-a8d1-44390c7bc161
usr_e0777489369d,2025-12-04,free,DE,25,9,19.7,5,17,47,0,f5d16425-fa84-4f59-a8d1-44390c7bc161
usr_ad8472c27fa9,2024-06-27,pro,FR,33,6,8.2,4,15,77,0,f5d16425-fa84-4f59-a8d1-44390c7bc161
usr_464242d0e4ec,2025-05-26,free,CA,18,11,8.1,2,11,12,0,f5d16425-fa84-4f59-a8d1-44390c7bc161
usr_751b0e379d65,2026-03-03,free,UK,5,7,18.0,0,23,40,0,f5d16425-fa84-4f59-a8d1-44390c7bc161
usr_04b30191b53f,2024-11-30,pro,CA,44,6,11.3,1,25,30,0,f5d16425-fa84-4f59-a8d1-44390c7bc161
usr_2d444a86ebb5,2025-08-11,free,CA,42,13,3.9,4,16,25,1,f5d16425-fa84-4f59-a8d1-44390c7bc161
usr_e089ccc68949,2026-03-15,free,CA,1,10,12.0,1,15,41,0,f5d16425-fa84-4f59-a8d1-44390c7bc161
usr_3e6674ac950a,2026-03-13,free,FR,21,11,3.9,0,29,50,0,f5d16425-fa84-4f59-a8d1-44390c7bc161
usr_62b5ea9e62f7,2025-04-29,free,CA,24,9,8.5,2,28,67,0,f5d16425-fa84-4f59-a8d1-44390c7bc161
usr_33cc20985e19,2025-01-13,pro,UK,38,1,14.3,4,29,77,0,f5d16425-fa84-4f59-a8d1-44390c7bc161
usr_ba072ddf30df,2025-12-06,pro,UK,3,13,6.1,3,8,84,0,f5d16425-fa84-4f59-a8d1-44390c7bc161
usr_afbf728387ba,2025-02-28,free,DE,22,7,1.9,4,17,93,0,f5d16425-fa84-4f59-a8d1-44390c7bc161
usr_c76594c0251a,2024-10-08,free,FR,16,0,14.9,4,10,77,1,f5d16425-fa84-4f59-a8d1-44390c7bc161
usr_124c26562369,2024-09-03,free,CA,47,4,17.3,0,18,47,0,f5d16425-fa84-4f59-a8d1-44390c7bc161
usr_b28f001ad16d,2026-01-07,free,CA,13,5,2.2,1,17,70,0,f5d16425-fa84-4f59-a8d1-44390c7bc161
usr_8e1d1cda7f7d,2024-01-05,pro,DE,33,2,4.6,5,21,32,1,f5d16425-fa84-4f59-a8d1-44390c7bc161
usr_a38e187728ed,2024-12-13,free,CA,10,7,1.7,1,28,78,0,f5d16425-fa84-4f59-a8d1-44390c7bc161
usr_ebbee89685e1,2025-09-20,free,US,48,2,1.9,3,3,86,0,f5d16425-fa84-4f59-a8d1-44390c7bc161
usr_3c2e94528b27,2025-01-05,free,US,3,8,8.8,3,11,78,0,f5d16425-fa84-4f59-a8d1-44390c7bc161
usr_f5d7e4194138,2024-03-24,enterprise,US,5,2,4.7,1,0,35,0,f5d16425-fa84-4f59-a8d1-44390c7bc161
usr_cddd9f1fbbab,2025-04-30,free,FR,43,3,12.1,1,20,93,0,f5d16425-fa84-4f59-a8d1-44390c7bc161
usr_1166261696e5,2024-09-15,free,DE,11,10,14.1,2,12,69,0,f5d16425-fa84-4f59-a8d1-44390c7bc161
usr_01a384a39765,2025-05-13,free,UK,41,12,10.8,1,15,38,1,f5d16425-fa84-4f59-a8d1-44390c7bc161
usr_0a57f1ae2a47,2025-11-23,enterprise,US,6,2,17.9,3,21,66,0,f5d16425-fa84-4f59-a8d1-44390c7bc161
usr_153da40d6b47,2025-07-31,pro,UK,6,7,13.9,3,7,69,0,f5d16425-fa84-4f59-a8d1-44390c7bc161
usr_4e027bf566c3,2024-12-24,free,UK,9,7,8.2,2,21,52,0,f5d16425-fa84-4f59-a8d1-44390c7bc161
usr_de896da107ef,2025-01-23,free,CA,47,5,11.8,4,26,86,0,f5d16425-fa84-4f59-a8d1-44390c7bc161
usr_82039b6cf929,2025-02-28,pro,DE,48,8,5.8,5,3,62,0,f5d16425-fa84-4f59-a8d1-44390c7bc161
usr_cb2bea54ba9b,2025-03-18,free,FR,20,6,17.7,4,12,21,0,f5d16425-fa84-4f59-a8d1-44390c7bc161
usr_505e8de01e40,2025-04-17,free,CA,5,12,3.0,0,20,54,1,f5d16425-fa84-4f59-a8d1-44390c7bc161
usr_9cab2aecac4e,2024-05-29,free,UK,7,9,8.5,0,22,20,0,f5d16425-fa84-4f59-a8d1-44390c7bc161
usr_3869d2edf671,2026-04-09,free,US,19,11,2.0,1,6,36,0,f5d16425-fa84-4f59-a8d1-44390c7bc161
usr_371199c32c36,2025-08-18,pro,UK,16,1,15.3,3,1,87,1,f5d16425-fa84-4f59-a8d1-44390c7bc161
usr_63dd1b39afed,2024-01-07,pro,FR,35,1,17.5,2,5,11,0,f5d16425-fa84-4f59-a8d1-44390c7bc161
usr_f24218016c0c,2024-11-23,enterprise,UK,2,7,3.1,3,28,76,0,f5d16425-fa84-4f59-a8d1-44390c7bc161
usr_3c1bf34127ee,2026-01-31,free,US,25,1,6.7,0,12,38,0,f5d16425-fa84-4f59-a8d1-44390c7bc161
usr_c04d0c820b6b,2025-08-31,free,DE,1,9,4.4,5,16,43,0,f5d16425-fa84-4f59-a8d1-44390c7bc161
usr_9f4220aa48bb,2025-07-07,pro,CA,28,5,8.2,2,5,23,0,f5d16425-fa84-4f59-a8d1-44390c7bc161
usr_273236567e0b,2024-10-12,free,DE,12,14,2.2,4,23,68,1,f5d16425-fa84-4f59-a8d1-44390c7bc161
usr_1d6e4c5aeaef,2024-03-16,free,FR,26,14,19.6,4,11,68,1,f5d16425-fa84-4f59-a8d1-44390c7bc161
usr_d770a52faca1,2025-12-06,free,US,26,10,11.6,5,21,56,0,f5d16425-fa84-4f59-a8d1-44390c7bc161
usr_495c40842d80,2026-01-01,free,UK,5,14,11.8,0,19,21,0,f5d16425-fa84-4f59-a8d1-44390c7bc161
usr_76b951e80401,2026-02-10,free,DE,3,14,18.7,0,16,78,0,f5d16425-fa84-4f59-a8d1-44390c7bc161
usr_db9625db72d0,2024-03-05,free,CA,37,6,15.2,3,17,16,0,f5d16425-fa84-4f59-a8d1-44390c7bc161
usr_5f9c112ef1aa,2025-08-12,free,CA,3,10,15.7,4,19,50,0,f5d16425-fa84-4f59-a8d1-44390c7bc161
usr_3396f3a2e2b8,2025-11-09,free,US,28,12,6.6,2,29,54,0,f5d16425-fa84-4f59-a8d1-44390c7bc161
usr_608eba96e5b7,2026-03-30,free,US,15,12,3.4,1,3,84,0,f5d16425-fa84-4f59-a8d1-44390c7bc161
usr_2fb219c427b3,2025-04-03,free,CA,29,1,7.9,1,26,16,0,f5d16425-fa84-4f59-a8d1-44390c7bc161
usr_7bf542fd1755,2026-04-21,free,DE,48,5,2.2,5,21,28,0,f5d16425-fa84-4f59-a8d1-44390c7bc161
usr_6d70da5c5495,2025-11-26,free,US,38,11,10.0,0,5,90,0,f5d16425-fa84-4f59-a8d1-44390c7bc161
usr_d0365a5e61f8,2024-10-24,free,DE,23,0,10.1,4,24,80,0,f5d16425-fa84-4f59-a8d1-44390c7bc161
usr_649842d9aa9b,2025-08-13,free,CA,42,7,16.1,0,28,22,0,f5d16425-fa84-4f59-a8d1-44390c7bc161
usr_f5f2e9e0335e,2024-06-25,free,US,10,11,9.8,5,23,33,0,f5d16425-fa84-4f59-a8d1-44390c7bc161
usr_cddecdc8ef77,2026-02-17,free,UK,12,14,18.9,5,14,23,1,f5d16425-fa84-4f59-a8d1-44390c7bc161
usr_4a9686e70d80,2024-11-16,free,US,27,5,1.4,5,12,47,0,f5d16425-fa84-4f59-a8d1-44390c7bc161
usr_c4bec166df05,2025-04-20,free,CA,40,10,5.4,0,25,18,0,f5d16425-fa84-4f59-a8d1-44390c7bc161
usr_5ea1a61c248e,2025-03-09,enterprise,US,43,14,13.8,0,14,91,0,f5d16425-fa84-4f59-a8d1-44390c7bc161
usr_b461208fdd8e,2025-06-19,free,FR,27,8,6.5,5,4,23,0,f5d16425-fa84-4f59-a8d1-44390c7bc161
usr_bf8f1423714b,2024-07-23,pro,DE,17,0,1.8,0,28,19,0,f5d16425-fa84-4f59-a8d1-44390c7bc161
usr_7d21e8e1dcdf,2024-12-10,free,UK,1,10,1.5,1,18,73,0,f5d16425-fa84-4f59-a8d1-44390c7bc161
usr_116f1c156c18,2024-12-08,free,FR,2,13,1.8,0,22,32,0,f5d16425-fa84-4f59-a8d1-44390c7bc161
usr_dc485fb9c920,2026-04-18,free,FR,22,10,14.1,0,9,54,0,f5d16425-fa84-4f59-a8d1-44390c7bc161
usr_9468d49d6679,2024-06-20,pro,UK,24,5,9.1,1,4,45,0,f5d16425-fa84-4f59-a8d1-44390c7bc161
usr_49ca61159638,2026-01-26,free,FR,30,2,4.6,5,25,69,0,f5d16425-fa84-4f59-a8d1-44390c7bc161
usr_77d3a76b702c,2025-03-26,free,DE,39,13,6.0,5,25,38,0,f5d16425-fa84-4f59-a8d1-44390c7bc161
usr_696aea600452,2024-01-17,pro,CA,9,13,15.6,2,5,67,0,f5d16425-fa84-4f59-a8d1-44390c7bc161
usr_f57c1fbda3d5,2024-10-18,free,UK,27,14,6.7,0,19,68,1,f5d16425-fa84-4f59-a8d1-44390c7bc161
usr_e54d11173d48,2025-03-08,free,UK,24,6,9.0,4,18,35,0,f5d16425-fa84-4f59-a8d1-44390c7bc161
usr_44c5990bf3a2,2024-03-07,pro,DE,43,3,7.1,1,19,43,0,f5d16425-fa84-4f59-a8d1-44390c7bc161
usr_d3c2f38965ff,2024-10-10,free,CA,35,7,12.7,0,15,10,1,f5d16425-fa84-4f59-a8d1-44390c7bc161
usr_050b448db894,2024-03-01,free,DE,47,1,4.7,2,16,35,1,f5d16425-fa84-4f59-a8d1-44390c7bc161
usr_fa52bafafcb4,2025-04-01,free,US,16,7,9.3,2,2,10,0,f5d16425-fa84-4f59-a8d1-44390c7bc161
usr_8dae9e6a8983,2026-01-10,free,DE,32,1,18.2,3,8,91,0,f5d16425-fa84-4f59-a8d1-44390c7bc161
usr_460ccb1b80be,2024-08-20,pro,CA,5,2,15.3,2,19,23,0,f5d16425-fa84-4f59-a8d1-44390c7bc161
usr_25bdd8cbcef2,2024-09-29,pro,FR,7,11,7.5,4,25,80,0,f5d16425-fa84-4f59-a8d1-44390c7bc161
usr_29459b85ec08,2026-04-29,free,CA,8,12,14.0,0,23,81,0,f5d16425-fa84-4f59-a8d1-44390c7bc161
usr_77b6b307e9dc,2024-02-06,free,DE,20,1,9.5,4,4,85,0,f5d16425-fa84-4f59-a8d1-44390c7bc161
usr_9b1fc6083de5,2025-03-08,free,CA,5,4,16.3,1,17,50,0,f5d16425-fa84-4f59-a8d1-44390c7bc161
usr_e522fbb20d9d,2024-06-12,free,US,2,14,4.0,3,26,18,0,f5d16425-fa84-4f59-a8d1-44390c7bc161
usr_a2fda6c17d10,2025-04-30,pro,FR,21,2,18.0,0,29,17,0,f5d16425-fa84-4f59-a8d1-44390c7bc161
usr_3ebe21d8b3c0,2026-01-15,free,DE,11,8,3.6,1,14,42,0,f5d16425-fa84-4f59-a8d1-44390c7bc161
usr_c436763efb10,2025-07-14,pro,US,9,0,1.4,5,7,54,0,f5d16425-fa84-4f59-a8d1-44390c7bc161
usr_d735e9420800,2025-09-03,free,UK,25,11,5.9,2,5,14,0,f5d16425-fa84-4f59-a8d1-44390c7bc161
usr_f820e74492d6,2024-12-23,free,FR,8,14,1.1,0,6,46,0,f5d16425-fa84-4f59-a8d1-44390c7bc161
usr_175fe91e6ba5,2024-07-25,free,CA,18,3,8.1,3,9,63,0,f5d16425-fa84-4f59-a8d1-44390c7bc161
usr_f6506d7e66e1,2024-12-07,free,FR,0,3,14.5,5,6,87,0,f5d16425-fa84-4f59-a8d1-44390c7bc161
usr_d382bf702e14,2024-03-08,free,UK,14,7,13.3,2,19,69,0,f5d16425-fa84-4f59-a8d1-44390c7bc161
usr_c7401f312903,2026-01-15,free,US,12,6,9.5,0,20,40,0,f5d16425-fa84-4f59-a8d1-44390c7bc161
usr_57498117af62,2026-01-16,free,FR,11,10,7.7,0,2,68,0,f5d16425-fa84-4f59-a8d1-44390c7bc161
usr_60a75c2b6e03,2024-12-03,free,US,20,5,11.8,5,23,70,1,f5d16425-fa84-4f59-a8d1-44390c7bc161
usr_0a0e350ef61c,2025-08-17,free,FR,18,1,15.5,4,1,63,1,f5d16425-fa84-4f59-a8d1-44390c7bc161
usr_36fa3c69de54,2024-05-09,free,FR,43,11,4.5,0,10,91,0,f5d16425-fa84-4f59-a8d1-44390c7bc161
usr_c83550b3a1cc,2024-06-18,enterprise,DE,32,10,18.6,3,27,76,0,f5d16425-fa84-4f59-a8d1-44390c7bc161
usr_2a3a1b0da7c7,2025-09-28,pro,DE,20,1,12.5,1,4,78,0,f5d16425-fa84-4f59-a8d1-44390c7bc161
usr_cc9022751575,2025-04-24,free,DE,46,8,5.6,0,15,83,0,f5d16425-fa84-4f59-a8d1-44390c7bc161
usr_b60f9bf7f125,2024-03-07,free,FR,44,6,11.0,2,24,45,0,f5d16425-fa84-4f59-a8d1-44390c7bc161
usr_67fd477becd3,2025-01-21,free,CA,10,10,17.1,0,15,38,0,f5d16425-fa84-4f59-a8d1-44390c7bc161
usr_aed83088f20d,2025-06-06,free,CA,35,7,6.0,3,20,80,0,f5d16425-fa84-4f59-a8d1-44390c7bc161
usr_cdd00e1d6825,2025-01-27,pro,CA,43,10,10.2,2,6,18,0,f5d16425-fa84-4f59-a8d1-44390c7bc161
usr_b624f76f924d,2024-10-04,pro,UK,1,4,8.2,2,6,38,1,f5d16425-fa84-4f59-a8d1-44390c7bc161
usr_a79839c08f9f,2024-11-23,pro,FR,43,9,3.7,3,1,76,0,f5d16425-fa84-4f59-a8d1-44390c7bc161
usr_c8e0fd9eba99,2024-07-16,free,CA,30,13,19.9,4,22,71,0,f5d16425-fa84-4f59-a8d1-44390c7bc161
usr_4c21f52a9af3,2024-02-07,enterprise,DE,4,0,16.4,3,7,55,0,f5d16425-fa84-4f59-a8d1-44390c7bc161
usr_8c0321023e38,2025-02-16,free,US,4,2,5.2,1,20,55,0,f5d16425-fa84-4f59-a8d1-44390c7bc161
usr_d85c833ba12f,2024-09-01,free,FR,18,11,8.9,4,14,37,1,f5d16425-fa84-4f59-a8d1-44390c7bc161
usr_7c2739bcf11f,2025-01-08,free,CA,16,8,10.8,0,0,11,0,f5d16425-fa84-4f59-a8d1-44390c7bc161
usr_49166a67bc15,2025-02-12,free,US,38,8,1.4,5,4,92,0,f5d16425-fa84-4f59-a8d1-44390c7bc161
usr_cea692084424,2025-08-18,free,UK,0,1,10.9,5,20,16,0,f5d16425-fa84-4f59-a8d1-44390c7bc161
usr_07ca97431a1c,2024-06-20,free,CA,43,4,2.6,5,11,85,0,f5d16425-fa84-4f59-a8d1-44390c7bc161
usr_254337b88565,2024-01-21,pro,CA,32,14,19.8,2,1,50,0,f5d16425-fa84-4f59-a8d1-44390c7bc161
usr_6265eaeccc78,2024-07-05,pro,DE,45,11,18.9,5,27,75,0,f5d16425-fa84-4f59-a8d1-44390c7bc161
usr_eb0d5eca1038,2026-01-26,pro,UK,39,11,2.6,4,6,82,0,f5d16425-fa84-4f59-a8d1-44390c7bc161
usr_1ac2d10298a3,2024-09-18,free,CA,26,0,1.1,0,13,42,0,f5d16425-fa84-4f59-a8d1-44390c7bc161
usr_7a95505f45ce,2025-05-05,pro,US,46,1,11.7,4,7,39,0,f5d16425-fa84-4f59-a8d1-44390c7bc161
usr_26e0a343bd27,2025-09-14,free,CA,27,12,4.4,2,23,72,0,f5d16425-fa84-4f59-a8d1-44390c7bc161
usr_1fc0ad528257,2025-07-12,pro,DE,19,2,12.6,5,20,39,0,f5d16425-fa84-4f59-a8d1-44390c7bc161
usr_cba42407288a,2026-04-02,free,DE,7,14,9.1,2,29,92,0,f5d16425-fa84-4f59-a8d1-44390c7bc161
usr_466a725eea50,2025-08-27,free,FR,40,4,10.7,3,24,41,0,f5d16425-fa84-4f59-a8d1-44390c7bc161
usr_f28b3bbc3e6c,2025-05-25,free,US,2,1,15.1,4,0,83,0,f5d16425-fa84-4f59-a8d1-44390c7bc161
usr_86c1673240e3,2024-02-17,free,US,12,14,2.9,2,14,39,0,f5d16425-fa84-4f59-a8d1-44390c7bc161
usr_b9597eb6ac05,2025-10-05,free,DE,41,1,3.7,5,13,91,0,f5d16425-fa84-4f59-a8d1-44390c7bc161
usr_3b75884b015d,2025-07-07,free,UK,5,1,19.6,1,22,36,0,f5d16425-fa84-4f59-a8d1-44390c7bc161
usr_ee3f1aba04a4,2026-01-05,free,FR,30,6,10.8,5,10,50,0,f5d16425-fa84-4f59-a8d1-44390c7bc161
usr_f30bd3ef7615,2025-06-07,free,CA,2,7,1.7,4,29,54,0,f5d16425-fa84-4f59-a8d1-44390c7bc161
usr_dffa4a079f7d,2024-09-27,free,UK,6,7,10.4,4,11,53,0,f5d16425-fa84-4f59-a8d1-44390c7bc161
usr_9a44ce627953,2025-04-17,free,UK,19,2,4.2,5,13,42,0,f5d16425-fa84-4f59-a8d1-44390c7bc161
usr_989c07630993,2026-03-30,pro,FR,37,8,18.5,5,23,83,0,f5d16425-fa84-4f59-a8d1-44390c7bc161
usr_ab694a4c52c4,2026-01-18,pro,CA,8,0,8.5,5,16,88,0,f5d16425-fa84-4f59-a8d1-44390c7bc161
usr_3119a7ba8278,2024-03-01,free,US,33,5,5.2,1,9,30,0,f5d16425-fa84-4f59-a8d1-44390c7bc161
usr_551af1b68702,2024-11-04,pro,US,18,5,4.1,4,23,63,0,f5d16425-fa84-4f59-a8d1-44390c7bc161
usr_7b1855cda73b,2025-06-18,free,UK,30,12,12.9,1,20,85,0,f5d16425-fa84-4f59-a8d1-44390c7bc161
usr_15b898fa0edb,2024-12-19,free,CA,10,1,3.0,3,6,34,0,f5d16425-fa84-4f59-a8d1-44390c7bc161
usr_1bd728057dcf,2025-03-17,free,DE,4,3,16.5,0,24,85,0,f5d16425-fa84-4f59-a8d1-44390c7bc161
usr_0dedebba5b9a,2024-10-24,pro,DE,43,3,3.1,2,12,31,1,f5d16425-fa84-4f59-a8d1-44390c7bc161
usr_da0771fd5f81,2025-01-29,free,UK,4,10,9.0,2,27,90,0,f5d16425-fa84-4f59-a8d1-44390c7bc161
usr_13d6b6470b9e,2025-03-02,free,CA,47,10,5.9,0,12,52,0,f5d16425-fa84-4f59-a8d1-44390c7bc161
usr_3c8d8960e5d6,2025-10-15,free,DE,23,14,4.6,1,13,10,0,f5d16425-fa84-4f59-a8d1-44390c7bc161
usr_81c65eb406a1,2026-01-24,free,DE,28,6,5.7,5,29,23,0,f5d16425-fa84-4f59-a8d1-44390c7bc161
usr_e98a22543486,2025-12-16,free,DE,3,6,1.5,1,12,60,0,f5d16425-fa84-4f59-a8d1-44390c7bc161
usr_2d8ffd26e9cb,2024-11-20,pro,US,12,0,9.1,4,15,45,0,f5d16425-fa84-4f59-a8d1-44390c7bc161
usr_718421162719,2025-09-16,free,DE,8,10,13.8,4,6,70,0,f5d16425-fa84-4f59-a8d1-44390c7bc161
usr_ce70c573a0ed,2024-05-17,pro,DE,5,7,7.1,4,22,32,0,f5d16425-fa84-4f59-a8d1-44390c7bc161
usr_823a72ebe8a7,2024-10-22,free,US,43,14,7.3,0,21,73,0,f5d16425-fa84-4f59-a8d1-44390c7bc161
usr_3a885568c5dc,2026-01-29,free,US,6,13,9.6,3,18,20,0,f5d16425-fa84-4f59-a8d1-44390c7bc161
usr_2474b62d8d28,2025-04-17,free,CA,17,3,18.8,1,17,74,0,f5d16425-fa84-4f59-a8d1-44390c7bc161
usr_bf08e9a6e5a7,2024-11-15,free,UK,15,0,3.3,4,13,86,0,f5d16425-fa84-4f59-a8d1-44390c7bc161
usr_0e8a47e05dcd,2025-06-10,free,DE,13,8,6.2,5,8,32,0,f5d16425-fa84-4f59-a8d1-44390c7bc161
usr_a0a759bbe44f,2025-07-12,free,US,30,4,18.1,3,28,46,0,f5d16425-fa84-4f59-a8d1-44390c7bc161
usr_3f3ad6b82ec5,2024-06-10,free,UK,9,14,14.8,5,28,24,0,f5d16425-fa84-4f59-a8d1-44390c7bc161
usr_eafb5ec47843,2024-12-15,free,US,36,12,8.8,1,26,14,1,f5d16425-fa84-4f59-a8d1-44390c7bc161
usr_896488b4f2b5,2024-03-24,free,FR,21,2,15.1,3,9,91,0,f5d16425-fa84-4f59-a8d1-44390c7bc161
usr_6621e248c5cd,2024-10-04,free,US,28,11,3.2,0,20,74,0,f5d16425-fa84-4f59-a8d1-44390c7bc161
usr_62a81f59aa8c,2024-06-09,free,FR,23,7,3.8,0,7,25,0,f5d16425-fa84-4f59-a8d1-44390c7bc161
usr_495f415ffdcd,2024-11-07,free,US,14,7,19.6,4,10,56,0,f5d16425-fa84-4f59-a8d1-44390c7bc161
usr_82aace69ba1b,2025-09-19,free,CA,45,6,2.6,2,8,49,0,f5d16425-fa84-4f59-a8d1-44390c7bc161
usr_7ac5d284afe0,2024-11-20,free,FR,36,4,19.9,4,23,35,0,f5d16425-fa84-4f59-a8d1-44390c7bc161
usr_37b69e1e8d6b,2025-08-03,free,FR,32,9,4.1,0,18,46,0,f5d16425-fa84-4f59-a8d1-44390c7bc161
usr_d6e056c7458d,2024-02-07,free,CA,46,14,2.7,4,3,94,0,f5d16425-fa84-4f59-a8d1-44390c7bc161
usr_391828a64ac5,2026-01-18,free,DE,15,0,13.0,1,22,78,0,f5d16425-fa84-4f59-a8d1-44390c7bc161
usr_81e78f565d7a,2024-09-11,free,US,19,3,4.9,0,9,45,0,f5d16425-fa84-4f59-a8d1-44390c7bc161
usr_e9dd219bd48f,2025-07-27,free,CA,45,0,8.7,5,1,34,0,f5d16425-fa84-4f59-a8d1-44390c7bc161
usr_42d5b8b480c4,2024-01-16,free,CA,33,3,4.8,4,14,93,0,f5d16425-fa84-4f59-a8d1-44390c7bc161
usr_c4b1491a63ff,2024-01-31,free,DE,49,1,3.6,3,27,84,0,f5d16425-fa84-4f59-a8d1-44390c7bc161
usr_2feff90668a8,2024-02-22,free,US,26,11,13.5,1,3,79,0,f5d16425-fa84-4f59-a8d1-44390c7bc161
usr_6edbacf80272,2024-08-22,free,UK,37,14,13.1,0,20,85,0,f5d16425-fa84-4f59-a8d1-44390c7bc161
usr_9d7fd3e9a95a,2026-01-01,free,FR,43,8,5.5,0,20,77,0,f5d16425-fa84-4f59-a8d1-44390c7bc161
usr_5b8f14d3d515,2024-03-03,free,DE,8,1,2.9,5,8,78,0,f5d16425-fa84-4f59-a8d1-44390c7bc161
usr_a3c554d4fcc6,2024-12-03,free,FR,40,5,11.3,5,14,57,0,f5d16425-fa84-4f59-a8d1-44390c7bc161
usr_1248b6c22b6e,2025-07-10,free,FR,21,13,1.8,1,24,57,0,f5d16425-fa84-4f59-a8d1-44390c7bc161
usr_6f35bf1816cc,2024-06-24,free,FR,48,3,4.0,1,2,34,0,f5d16425-fa84-4f59-a8d1-44390c7bc161
usr_df597f0d3c03,2025-04-24,free,DE,4,12,2.2,5,17,79,0,f5d16425-fa84-4f59-a8d1-44390c7bc161
usr_2fd9ca44e686,2026-03-21,free,US,32,2,17.7,1,13,33,1,f5d16425-fa84-4f59-a8d1-44390c7bc161
usr_8552450b0cb7,2025-10-23,pro,CA,41,12,13.0,4,1,73,0,f5d16425-fa84-4f59-a8d1-44390c7bc161
usr_22de4d5cef67,2025-01-06,pro,US,14,0,19.4,4,9,60,0,f5d16425-fa84-4f59-a8d1-44390c7bc161
usr_82993acb2afc,2024-07-26,free,US,24,5,19.5,0,18,66,0,f5d16425-fa84-4f59-a8d1-44390c7bc161
usr_a7bce92b457a,2024-08-07,free,DE,37,5,12.6,0,23,23,0,f5d16425-fa84-4f59-a8d1-44390c7bc161
usr_d23856d56b4a,2024-06-22,free,FR,38,12,4.1,2,13,70,0,f5d16425-fa84-4f59-a8d1-44390c7bc161
usr_7857989083bd,2025-07-16,free,UK,18,5,4.0,3,19,33,0,f5d16425-fa84-4f59-a8d1-44390c7bc161
usr_0291031bea5e,2025-01-23,free,FR,23,2,9.9,4,16,41,1,f5d16425-fa84-4f59-a8d1-44390c7bc161
usr_e1d3ed125d6f,2025-09-29,free,US,30,7,6.7,1,10,62,0,f5d16425-fa84-4f59-a8d1-44390c7bc161
usr_329e7baeaa45,2024-05-13,free,UK,16,13,2.2,4,6,22,0,f5d16425-fa84-4f59-a8d1-44390c7bc161
usr_e18a140da905,2024-01-22,free,FR,35,3,12.6,0,11,36,0,f5d16425-fa84-4f59-a8d1-44390c7bc161
usr_73a48257d36b,2024-02-06,free,UK,45,8,2.6,3,21,94,0,f5d16425-fa84-4f59-a8d1-44390c7bc161
usr_bba8c0f1d9e7,2024-06-26,pro,CA,26,4,2.6,4,3,42,0,f5d16425-fa84-4f59-a8d1-44390c7bc161
usr_ffc1665c48d4,2026-02-26,pro,FR,38,3,14.5,0,18,26,0,f5d16425-fa84-4f59-a8d1-44390c7bc161
usr_e613c3c398ec,2026-04-07,enterprise,UK,16,5,16.4,3,10,55,0,f5d16425-fa84-4f59-a8d1-44390c7bc161
usr_e439ee2b95aa,2025-09-25,pro,DE,38,14,7.3,2,27,50,0,f5d16425-fa84-4f59-a8d1-44390c7bc161
usr_993c12a84206,2024-11-02,free,CA,12,3,10.6,2,2,40,0,f5d16425-fa84-4f59-a8d1-44390c7bc161
usr_05b229612eef,2025-12-07,enterprise,UK,32,10,8.9,2,11,82,1,f5d16425-fa84-4f59-a8d1-44390c7bc161
usr_7a419de0dbd4,2026-04-13,free,DE,7,5,7.9,5,24,86,1,f5d16425-fa84-4f59-a8d1-44390c7bc161
usr_108a04885868,2024-04-28,free,FR,22,14,7.3,1,29,63,0,f5d16425-fa84-4f59-a8d1-44390c7bc161
usr_3ec738209168,2026-04-20,free,CA,9,2,2.5,2,19,37,0,f5d16425-fa84-4f59-a8d1-44390c7bc161
usr_fde43c156cfa,2025-03-02,free,CA,30,14,3.0,2,10,11,0,f5d16425-fa84-4f59-a8d1-44390c7bc161
usr_d5c52a6bae7f,2024-11-22,enterprise,DE,6,6,2.3,1,24,58,1,f5d16425-fa84-4f59-a8d1-44390c7bc161
usr_4285a222792f,2024-01-12,free,DE,44,6,17.9,4,8,90,0,f5d16425-fa84-4f59-a8d1-44390c7bc161
usr_b6143beb4a42,2024-03-28,free,UK,45,4,8.8,5,15,44,0,f5d16425-fa84-4f59-a8d1-44390c7bc161
usr_7d25b5abe25b,2024-06-25,pro,FR,28,12,10.3,0,27,84,1,f5d16425-fa84-4f59-a8d1-44390c7bc161
usr_2b8a5cac3328,2024-04-06,free,US,13,10,2.8,0,12,17,0,f5d16425-fa84-4f59-a8d1-44390c7bc161
usr_c2ac50f0c286,2024-08-16,free,CA,38,0,13.5,5,8,51,0,f5d16425-fa84-4f59-a8d1-44390c7bc161
usr_635422977896,2024-08-05,pro,US,19,7,17.2,3,19,44,0,f5d16425-fa84-4f59-a8d1-44390c7bc161
usr_1d2b5f09815d,2026-01-09,pro,DE,0,0,11.6,3,23,62,0,f5d16425-fa84-4f59-a8d1-44390c7bc161
usr_77b6321762f0,2025-06-14,free,CA,7,7,9.2,4,3,41,0,f5d16425-fa84-4f59-a8d1-44390c7bc161
usr_d2d1087db877,2024-02-22,free,US,27,0,17.0,0,21,33,1,f5d16425-fa84-4f59-a8d1-44390c7bc161
usr_414293136492,2025-02-13,free,US,28,3,13.2,3,21,31,0,f5d16425-fa84-4f59-a8d1-44390c7bc161
usr_afc33b1ab196,2024-09-25,free,CA,6,5,1.6,2,29,78,0,f5d16425-fa84-4f59-a8d1-44390c7bc161
usr_26685a426c64,2025-02-06,free,US,3,7,9.7,1,19,55,0,f5d16425-fa84-4f59-a8d1-44390c7bc161
usr_86f792487c54,2024-04-17,pro,UK,30,0,19.9,0,22,48,0,f5d16425-fa84-4f59-a8d1-44390c7bc161
usr_b9932f731948,2025-08-05,free,CA,28,13,5.2,0,6,19,1,f5d16425-fa84-4f59-a8d1-44390c7bc161
usr_17b52a0d3aa5,2024-02-01,free,FR,48,5,12.7,4,4,22,0,f5d16425-fa84-4f59-a8d1-44390c7bc161
usr_a0cc67095876,2025-12-09,pro,US,7,1,9.1,4,1,85,0,f5d16425-fa84-4f59-a8d1-44390c7bc161
usr_3e2b90a182d0,2025-08-28,free,FR,20,7,16.8,4,16,15,0,f5d16425-fa84-4f59-a8d1-44390c7bc161
usr_ac2a0dfc4a1d,2024-03-01,enterprise,UK,38,12,18.7,1,2,29,0,f5d16425-fa84-4f59-a8d1-44390c7bc161
usr_37df11cc84fa,2025-07-07,free,DE,22,8,11.0,3,12,83,0,f5d16425-fa84-4f59-a8d1-44390c7bc161
usr_d1dfb39c1d70,2024-11-07,free,FR,43,11,6.5,4,5,27,0,f5d16425-fa84-4f59-a8d1-44390c7bc161
usr_9de9f9ca5007,2026-03-03,pro,UK,38,0,7.7,1,1,18,0,f5d16425-fa84-4f59-a8d1-44390c7bc161
usr_f65b2a7d9dd1,2025-04-10,free,DE,28,9,9.2,4,13,73,0,f5d16425-fa84-4f59-a8d1-44390c7bc161
usr_3a477aa1f250,2024-05-23,pro,US,22,4,14.6,0,13,67,0,f5d16425-fa84-4f59-a8d1-44390c7bc161
usr_c3f2765253db,2024-10-11,free,US,0,11,19.9,5,4,29,0,f5d16425-fa84-4f59-a8d1-44390c7bc161
usr_fca3e70b426a,2025-03-13,pro,CA,29,2,12.5,0,4,11,0,f5d16425-fa84-4f59-a8d1-44390c7bc161
usr_ba0347bbf7a4,2025-09-30,free,US,48,8,3.1,1,21,24,0,f5d16425-fa84-4f59-a8d1-44390c7bc161
usr_d4aa5dddd70f,2024-06-08,pro,US,19,8,5.4,1,8,26,0,f5d16425-fa84-4f59-a8d1-44390c7bc161
usr_626ef60d1ccc,2024-03-07,free,CA,33,10,17.0,5,11,80,0,f5d16425-fa84-4f59-a8d1-44390c7bc161
usr_359d3742c33f,2024-09-10,pro,FR,1,2,4.6,1,0,24,0,f5d16425-fa84-4f59-a8d1-44390c7bc161
usr_52edb0dbdcd3,2025-12-25,free,DE,38,2,6.0,0,9,72,0,f5d16425-fa84-4f59-a8d1-44390c7bc161
usr_a67b89d49142,2024-07-25,free,UK,38,11,7.6,2,4,22,0,f5d16425-fa84-4f59-a8d1-44390c7bc161
usr_0d8df03d7f6b,2024-04-30,free,DE,1,7,16.1,2,12,33,0,f5d16425-fa84-4f59-a8d1-44390c7bc161
usr_e6d35c24f50d,2025-06-20,free,UK,20,2,19.9,3,17,71,0,f5d16425-fa84-4f59-a8d1-44390c7bc161
usr_1c5523dd8592,2025-05-22,pro,US,49,3,16.7,5,0,33,0,f5d16425-fa84-4f59-a8d1-44390c7bc161
usr_2749f36a8fcb,2025-08-30,pro,DE,15,3,3.3,4,29,13,0,f5d16425-fa84-4f59-a8d1-44390c7bc161
usr_ae645e18bef0,2025-06-18,pro,US,13,3,4.4,2,9,54,0,f5d16425-fa84-4f59-a8d1-44390c7bc161
usr_fc2669da0208,2025-09-11,free,UK,5,2,15.4,4,4,24,0,f5d16425-fa84-4f59-a8d1-44390c7bc161
usr_09d9ff6eea25,2024-06-09,free,CA,16,3,18.8,5,14,42,0,f5d16425-fa84-4f59-a8d1-44390c7bc161
usr_2bf5262d2b64,2025-01-24,pro,UK,16,9,6.1,3,11,93,1,f5d16425-fa84-4f59-a8d1-44390c7bc161
usr_b9614d93b1fa,2024-04-24,free,DE,24,6,18.9,2,23,39,0,f5d16425-fa84-4f59-a8d1-44390c7bc161
usr_9f6260e76ff4,2025-06-20,pro,US,31,8,15.0,0,10,53,0,f5d16425-fa84-4f59-a8d1-44390c7bc161
usr_a8f49640215a,2025-11-20,free,US,26,5,15.1,5,21,76,0,f5d16425-fa84-4f59-a8d1-44390c7bc161
usr_aab57078640a,2025-11-10,free,CA,20,9,1.1,4,6,46,0,f5d16425-fa84-4f59-a8d1-44390c7bc161
usr_34831f6054f0,2024-03-01,free,CA,13,12,17.0,1,9,11,0,f5d16425-fa84-4f59-a8d1-44390c7bc161
usr_89e38028ff85,2025-08-30,free,UK,41,12,12.6,4,2,58,0,f5d16425-fa84-4f59-a8d1-44390c7bc161
usr_79e7ff8057cf,2024-12-07,pro,CA,7,7,6.5,0,17,25,0,f5d16425-fa84-4f59-a8d1-44390c7bc161
usr_0c066f194901,2025-04-18,free,CA,16,1,18.5,2,26,22,1,f5d16425-fa84-4f59-a8d1-44390c7bc161
usr_ac01ea53124a,2024-07-16,free,UK,11,9,14.3,1,2,47,0,f5d16425-fa84-4f59-a8d1-44390c7bc161
usr_360acec59586,2026-04-17,free,UK,24,3,1.4,5,7,47,0,f5d16425-fa84-4f59-a8d1-44390c7bc161
usr_fc7b546655e3,2024-10-01,free,UK,49,0,11.0,0,28,69,0,f5d16425-fa84-4f59-a8d1-44390c7bc161
usr_28631a2df8bb,2024-04-12,pro,UK,34,10,20.0,1,10,44,0,f5d16425-fa84-4f59-a8d1-44390c7bc161
usr_216624c01dab,2025-10-08,pro,CA,35,5,19.8,4,13,55,0,f5d16425-fa84-4f59-a8d1-44390c7bc161
usr_55f4fc36d18b,2024-11-13,free,FR,5,1,5.4,0,9,82,0,f5d16425-fa84-4f59-a8d1-44390c7bc161
usr_2faad74bd201,2024-05-23,free,UK,38,0,7.5,1,12,52,0,f5d16425-fa84-4f59-a8d1-44390c7bc161
usr_4edd2f358ab1,2025-12-20,free,UK,39,9,4.2,4,15,77,0,f5d16425-fa84-4f59-a8d1-44390c7bc161
usr_0ff31dda2054,2024-01-18,free,CA,39,14,11.2,5,17,22,1,f5d16425-fa84-4f59-a8d1-44390c7bc161
usr_5d392ba8a6c5,2024-12-31,free,FR,20,7,15.0,4,10,43,0,f5d16425-fa84-4f59-a8d1-44390c7bc161
usr_0b87df1269d4,2024-10-21,free,UK,18,5,12.3,0,6,27,0,f5d16425-fa84-4f59-a8d1-44390c7bc161
usr_5ffe8105a134,2024-01-12,pro,FR,27,2,19.2,0,9,18,0,f5d16425-fa84-4f59-a8d1-44390c7bc161
usr_3e548280dbda,2025-06-08,free,DE,0,5,13.4,4,1,62,0,f5d16425-fa84-4f59-a8d1-44390c7bc161
usr_348b4ed3cf7c,2024-11-19,pro,CA,40,5,19.0,5,6,88,0,f5d16425-fa84-4f59-a8d1-44390c7bc161
usr_7f656a889401,2024-12-20,free,UK,17,1,10.5,0,26,55,0,f5d16425-fa84-4f59-a8d1-44390c7bc161
usr_4236d89b6954,2025-07-15,free,CA,9,12,18.5,1,4,28,0,f5d16425-fa84-4f59-a8d1-44390c7bc161
usr_c7eb4a7b6fc5,2025-06-05,free,UK,31,12,18.2,5,26,79,1,f5d16425-fa84-4f59-a8d1-44390c7bc161
usr_40420289c662,2024-06-25,free,DE,40,6,5.3,0,23,48,0,f5d16425-fa84-4f59-a8d1-44390c7bc161
usr_7d16f2a253cc,2024-03-13,free,FR,8,13,13.7,1,1,10,0,f5d16425-fa84-4f59-a8d1-44390c7bc161
usr_83bdb07c1ec4,2025-07-12,free,US,29,11,1.6,1,4,64,0,f5d16425-fa84-4f59-a8d1-44390c7bc161
usr_f615a05b238f,2025-10-18,pro,US,24,11,11.7,5,10,41,0,f5d16425-fa84-4f59-a8d1-44390c7bc161
usr_4b03c5030ec2,2026-02-12,pro,DE,46,7,4.3,4,21,70,0,f5d16425-fa84-4f59-a8d1-44390c7bc161
usr_1cba5189e8f7,2025-09-29,free,US,43,8,14.5,4,1,17,0,f5d16425-fa84-4f59-a8d1-44390c7bc161
usr_989ace54657d,2026-03-17,free,DE,21,9,13.0,2,20,38,0,f5d16425-fa84-4f59-a8d1-44390c7bc161
usr_6c9b7e2ac284,2025-08-07,pro,UK,47,14,17.5,4,29,20,0,f5d16425-fa84-4f59-a8d1-44390c7bc161
usr_835d9fece4e9,2025-04-13,pro,CA,23,4,18.6,3,20,66,0,f5d16425-fa84-4f59-a8d1-44390c7bc161
usr_8b55f5211544,2024-12-02,free,CA,22,13,9.4,5,13,66,1,f5d16425-fa84-4f59-a8d1-44390c7bc161
usr_6ce6800233f9,2024-06-08,free,CA,20,7,4.2,5,18,85,1,f5d16425-fa84-4f59-a8d1-44390c7bc161
usr_75a929bc70fc,2025-06-21,free,UK,32,10,7.2,0,18,81,0,f5d16425-fa84-4f59-a8d1-44390c7bc161
usr_d268360f17de,2026-02-09,free,US,24,13,13.8,5,13,47,0,f5d16425-fa84-4f59-a8d1-44390c7bc161
usr_76f73cdf4335,2026-03-23,free,US,48,6,3.5,2,14,24,0,f5d16425-fa84-4f59-a8d1-44390c7bc161
usr_837e386ef2b4,2025-02-18,free,CA,1,11,19.9,3,13,24,0,f5d16425-fa84-4f59-a8d1-44390c7bc161
usr_6f73591444e3,2026-03-26,free,FR,29,4,11.4,2,20,67,0,f5d16425-fa84-4f59-a8d1-44390c7bc161
usr_6b14a6000434,2024-02-28,free,US,13,0,13.8,2,21,56,0,f5d16425-fa84-4f59-a8d1-44390c7bc161
usr_14cd55458634,2024-04-20,free,CA,28,0,11.2,5,22,16,0,f5d16425-fa84-4f59-a8d1-44390c7bc161
usr_93a89de24503,2024-12-11,pro,CA,41,10,14.8,4,13,22,0,f5d16425-fa84-4f59-a8d1-44390c7bc161
usr_07a97108dec6,2024-10-28,free,CA,42,9,13.7,5,1,63,0,f5d16425-fa84-4f59-a8d1-44390c7bc161
usr_10cd39ab51d3,2025-07-29,free,DE,31,14,12.9,3,3,59,0,f5d16425-fa84-4f59-a8d1-44390c7bc161
usr_4b0960f9612d,2025-08-21,free,FR,43,10,14.1,2,4,48,0,f5d16425-fa84-4f59-a8d1-44390c7bc161
usr_01baeec2c52e,2026-03-29,pro,FR,44,4,15.2,2,11,62,1,f5d16425-fa84-4f59-a8d1-44390c7bc161
usr_ee14072d0b7d,2025-05-04,free,FR,31,8,16.2,2,5,38,1,f5d16425-fa84-4f59-a8d1-44390c7bc161
usr_0c7f454be01c,2025-12-23,free,UK,30,1,19.1,1,27,60,0,f5d16425-fa84-4f59-a8d1-44390c7bc161
usr_628a8d01c529,2025-08-05,free,CA,23,9,19.6,4,29,18,0,f5d16425-fa84-4f59-a8d1-44390c7bc161
usr_4fdff70654d8,2024-09-30,pro,US,44,12,11.5,1,5,14,0,f5d16425-fa84-4f59-a8d1-44390c7bc161
usr_3e8a28826f2c,2025-03-14,pro,CA,11,10,11.7,2,2,23,0,f5d16425-fa84-4f59-a8d1-44390c7bc161
usr_cf8a22f19ee9,2024-09-13,free,UK,27,10,17.5,4,22,63,0,f5d16425-fa84-4f59-a8d1-44390c7bc161
usr_071765ce923b,2024-08-27,free,CA,18,2,17.8,2,23,38,1,f5d16425-fa84-4f59-a8d1-44390c7bc161
usr_659d95f66485,2024-01-19,free,UK,49,5,7.7,1,25,81,0,f5d16425-fa84-4f59-a8d1-44390c7bc161
usr_a5abfae449ad,2024-01-19,free,UK,12,9,3.0,0,21,16,0,f5d16425-fa84-4f59-a8d1-44390c7bc161
usr_c667ebebf0a3,2025-06-22,free,DE,24,1,19.5,1,13,58,0,f5d16425-fa84-4f59-a8d1-44390c7bc161
usr_f72c445641a2,2024-05-26,pro,FR,17,8,10.4,5,9,72,0,f5d16425-fa84-4f59-a8d1-44390c7bc161
usr_c4b55a12d67f,2024-12-30,free,CA,39,7,15.6,5,22,67,0,f5d16425-fa84-4f59-a8d1-44390c7bc161
usr_508dc427af56,2024-01-10,pro,CA,5,13,15.8,5,27,31,0,f5d16425-fa84-4f59-a8d1-44390c7bc161
usr_2d7b00c80431,2024-04-01,free,FR,12,10,10.3,3,20,13,0,f5d16425-fa84-4f59-a8d1-44390c7bc161
usr_b6afbe4e411f,2026-01-18,free,UK,0,5,19.0,4,23,56,0,f5d16425-fa84-4f59-a8d1-44390c7bc161
usr_76df96f472cb,2025-02-12,pro,FR,32,4,11.9,2,2,27,0,f5d16425-fa84-4f59-a8d1-44390c7bc161
usr_c8035a7d6655,2025-05-26,enterprise,DE,6,2,1.1,4,23,44,1,f5d16425-fa84-4f59-a8d1-44390c7bc161
usr_5fe9df06f8dd,2024-12-20,free,US,8,4,1.2,5,10,41,0,f5d16425-fa84-4f59-a8d1-44390c7bc161
usr_c18326c0c256,2025-04-13,pro,US,23,8,17.9,2,22,56,0,f5d16425-fa84-4f59-a8d1-44390c7bc161
usr_bb676fc27393,2026-03-11,pro,UK,40,14,17.1,2,29,27,1,f5d16425-fa84-4f59-a8d1-44390c7bc161
usr_25ff1894ddbb,2024-03-20,free,CA,35,4,18.8,1,21,75,0,f5d16425-fa84-4f59-a8d1-44390c7bc161
usr_7ddf67a178fc,2024-03-22,free,US,10,14,2.4,3,2,30,0,f5d16425-fa84-4f59-a8d1-44390c7bc161
usr_c41a474785cb,2025-09-07,free,FR,32,14,8.2,4,19,42,0,f5d16425-fa84-4f59-a8d1-44390c7bc161
usr_fb8c8436cb1b,2024-01-31,free,US,45,7,11.9,0,12,39,0,f5d16425-fa84-4f59-a8d1-44390c7bc161
usr_c82cdb26a27b,2026-01-14,free,FR,49,11,8.7,3,20,93,0,f5d16425-fa84-4f59-a8d1-44390c7bc161
usr_73a0ef443585,2024-03-01,enterprise,FR,12,13,16.5,0,21,22,0,f5d16425-fa84-4f59-a8d1-44390c7bc161
usr_c7375a605939,2025-10-15,free,DE,12,4,17.0,0,28,94,0,f5d16425-fa84-4f59-a8d1-44390c7bc161
usr_5dc1e23b5f9a,2024-01-23,free,DE,27,10,7.6,4,7,46,0,f5d16425-fa84-4f59-a8d1-44390c7bc161
usr_a6a5a0fb39cd,2024-10-27,free,CA,1,5,12.0,2,24,79,0,f5d16425-fa84-4f59-a8d1-44390c7bc161
usr_cee939af1245,2026-01-02,free,UK,42,13,3.2,4,22,52,0,f5d16425-fa84-4f59-a8d1-44390c7bc161
usr_1cd7baa4077a,2024-08-26,pro,DE,30,14,1.2,3,6,55,0,f5d16425-fa84-4f59-a8d1-44390c7bc161
usr_733a80e0424d,2025-05-16,free,UK,31,5,17.0,0,21,30,1,f5d16425-fa84-4f59-a8d1-44390c7bc161
usr_ddf7724f4c76,2024-03-14,free,CA,45,10,4.1,2,22,10,0,f5d16425-fa84-4f59-a8d1-44390c7bc161
usr_4601fb2ab4b8,2025-09-19,pro,FR,48,3,17.8,1,28,91,0,f5d16425-fa84-4f59-a8d1-44390c7bc161
usr_d7b700971082,2024-11-07,free,DE,41,4,14.5,1,12,88,1,f5d16425-fa84-4f59-a8d1-44390c7bc161
usr_485afba98716,2026-03-12,free,DE,47,5,9.4,1,9,40,0,f5d16425-fa84-4f59-a8d1-44390c7bc161
usr_8f9c434b6860,2026-03-11,free,FR,2,4,14.3,3,26,22,1,f5d16425-fa84-4f59-a8d1-44390c7bc161
usr_0c285701587d,2025-08-06,free,UK,19,8,14.6,2,18,90,0,f5d16425-fa84-4f59-a8d1-44390c7bc161
usr_551d2d3a5146,2024-02-24,free,CA,45,12,17.0,0,8,14,0,f5d16425-fa84-4f59-a8d1-44390c7bc161
usr_3c06b8877d3b,2025-01-17,enterprise,DE,46,14,18.6,1,4,69,0,f5d16425-fa84-4f59-a8d1-44390c7bc161
usr_8b9e64fa0479,2024-09-05,free,US,43,2,5.7,1,4,82,0,f5d16425-fa84-4f59-a8d1-44390c7bc161
usr_828d1912376d,2024-11-04,free,UK,45,5,11.3,4,6,89,0,f5d16425-fa84-4f59-a8d1-44390c7bc161
usr_99c1d06c3d06,2024-10-04,free,UK,27,12,7.2,1,15,11,0,f5d16425-fa84-4f59-a8d1-44390c7bc161
usr_5670eb9a8125,2026-03-24,free,DE,40,2,9.5,2,28,41,1,f5d16425-fa84-4f59-a8d1-44390c7bc161
usr_81fabbe1dd06,2025-06-26,pro,UK,18,13,19.4,4,15,85,0,f5d16425-fa84-4f59-a8d1-44390c7bc161
usr_de48066df8d4,2026-01-30,free,UK,23,8,7.8,2,7,54,0,f5d16425-fa84-4f59-a8d1-44390c7bc161
usr_202b1d59dc0d,2024-03-22,free,DE,17,14,2.7,2,9,45,0,f5d16425-fa84-4f59-a8d1-44390c7bc161
usr_bb650dbe7fd8,2024-11-15,free,FR,15,13,11.9,5,19,87,0,f5d16425-fa84-4f59-a8d1-44390c7bc161
usr_fa45ecae2dcf,2024-05-01,free,US,32,12,14.9,1,20,72,1,f5d16425-fa84-4f59-a8d1-44390c7bc161
usr_3f598001a70c,2024-06-20,enterprise,DE,26,1,17.0,5,22,36,0,f5d16425-fa84-4f59-a8d1-44390c7bc161
usr_abed6a9b00a7,2024-06-30,pro,US,2,8,7.1,5,24,31,0,f5d16425-fa84-4f59-a8d1-44390c7bc161
usr_81c9cb1c7bcf,2025-08-23,free,US,10,13,3.9,2,4,37,0,f5d16425-fa84-4f59-a8d1-44390c7bc161
usr_0d15c082d98c,2025-01-09,free,UK,4,2,15.3,2,15,55,1,f5d16425-fa84-4f59-a8d1-44390c7bc161
usr_04695f5d2103,2024-09-10,free,CA,42,8,4.2,3,17,82,0,f5d16425-fa84-4f59-a8d1-44390c7bc161
usr_7104e5397584,2025-05-19,free,UK,13,12,2.3,4,28,17,0,f5d16425-fa84-4f59-a8d1-44390c7bc161
usr_4f9a638fbb27,2025-05-22,free,DE,12,14,19.1,3,4,10,1,f5d16425-fa84-4f59-a8d1-44390c7bc161
usr_0d4c8ad62911,2026-02-17,free,US,30,4,18.4,2,0,37,0,f5d16425-fa84-4f59-a8d1-44390c7bc161
usr_33a9303ab7ac,2026-01-23,free,CA,18,5,9.0,4,2,76,0,f5d16425-fa84-4f59-a8d1-44390c7bc161
usr_7670d1ec1e49,2024-08-09,free,FR,18,4,16.7,0,25,59,0,f5d16425-fa84-4f59-a8d1-44390c7bc161
usr_f65afb1218be,2024-03-11,free,US,44,13,14.0,4,11,29,0,f5d16425-fa84-4f59-a8d1-44390c7bc161
usr_924dae8aea7c,2024-10-16,free,US,35,10,18.4,5,28,16,0,f5d16425-fa84-4f59-a8d1-44390c7bc161
usr_5373bb337996,2025-09-26,free,CA,19,13,15.7,1,24,41,0,f5d16425-fa84-4f59-a8d1-44390c7bc161
usr_63eaa32bc204,2024-06-18,free,DE,39,6,18.5,4,19,66,0,f5d16425-fa84-4f59-a8d1-44390c7bc161
usr_6aaabce2ae6c,2026-03-14,enterprise,US,10,14,6.1,5,1,52,0,f5d16425-fa84-4f59-a8d1-44390c7bc161
usr_3e5cdc89141a,2024-11-11,pro,US,11,5,13.3,4,19,48,0,f5d16425-fa84-4f59-a8d1-44390c7bc161
usr_5abb242de36b,2025-05-06,pro,UK,20,0,15.4,0,20,20,1,f5d16425-fa84-4f59-a8d1-44390c7bc161
usr_dfb729b6615b,2025-06-12,free,FR,36,3,4.5,4,4,90,1,f5d16425-fa84-4f59-a8d1-44390c7bc161
usr_82c214936238,2024-08-05,free,UK,46,0,16.0,3,4,43,0,f5d16425-fa84-4f59-a8d1-44390c7bc161
usr_4bd8fba57803,2025-04-12,free,CA,30,9,6.4,5,29,74,1,f5d16425-fa84-4f59-a8d1-44390c7bc161
usr_19d96d77308b,2025-08-31,free,FR,36,0,3.9,2,14,79,0,f5d16425-fa84-4f59-a8d1-44390c7bc161
usr_6f0a672342ff,2024-12-29,free,US,23,5,6.8,3,19,44,1,f5d16425-fa84-4f59-a8d1-44390c7bc161
usr_94d558ac4d63,2024-10-29,free,FR,31,12,1.6,2,14,72,0,f5d16425-fa84-4f59-a8d1-44390c7bc161
usr_9b8fb9cee6e9,2025-09-18,free,CA,37,2,2.9,5,7,30,0,f5d16425-fa84-4f59-a8d1-44390c7bc161
usr_7f4f6ad12e9f,2024-04-12,free,CA,14,10,17.7,0,11,77,1,f5d16425-fa84-4f59-a8d1-44390c7bc161
usr_0ffe12f253a3,2024-04-14,free,DE,44,14,12.5,5,14,32,1,f5d16425-fa84-4f59-a8d1-44390c7bc161
usr_4f585bc9570f,2024-08-11,free,US,32,2,15.2,0,22,68,0,f5d16425-fa84-4f59-a8d1-44390c7bc161
usr_f20e9b524c6f,2024-12-21,free,CA,16,7,9.3,1,8,13,1,f5d16425-fa84-4f59-a8d1-44390c7bc161
usr_9a6e5da52aaf,2025-04-19,pro,UK,6,1,3.3,5,22,90,1,f5d16425-fa84-4f59-a8d1-44390c7bc161
usr_9980feb3ad92,2024-06-25,free,DE,26,8,19.8,3,21,58,0,f5d16425-fa84-4f59-a8d1-44390c7bc161
usr_a097ed44c8be,2024-08-21,free,US,46,14,11.2,1,6,79,0,f5d16425-fa84-4f59-a8d1-44390c7bc161
usr_33356ce9422e,2024-06-01,free,US,31,14,19.5,2,20,68,0,f5d16425-fa84-4f59-a8d1-44390c7bc161
usr_845db5ff25eb,2024-02-23,pro,DE,10,9,18.9,4,24,80,0,f5d16425-fa84-4f59-a8d1-44390c7bc161
usr_f944729c454c,2026-01-02,pro,FR,38,2,12.8,5,4,54,0,f5d16425-fa84-4f59-a8d1-44390c7bc161
usr_176dbda58958,2025-02-13,free,US,14,0,19.8,0,13,65,0,f5d16425-fa84-4f59-a8d1-44390c7bc161
usr_efdb3e6aaad5,2024-02-13,free,DE,3,12,15.5,5,19,28,0,f5d16425-fa84-4f59-a8d1-44390c7bc161
usr_dcb057123699,2025-10-06,free,CA,44,6,19.9,0,14,61,0,f5d16425-fa84-4f59-a8d1-44390c7bc161
usr_79f3f8358bdc,2024-05-15,free,US,39,1,13.9,2,10,48,0,f5d16425-fa84-4f59-a8d1-44390c7bc161
usr_64657cd33056,2025-09-16,pro,US,10,8,8.9,5,18,83,0,f5d16425-fa84-4f59-a8d1-44390c7bc161
usr_2ea120893dcf,2024-09-25,free,DE,38,9,7.1,1,19,19,1,f5d16425-fa84-4f59-a8d1-44390c7bc161
usr_1ba33f54c253,2024-05-02,free,UK,0,2,3.9,5,19,16,0,f5d16425-fa84-4f59-a8d1-44390c7bc161
usr_e862353dcea9,2025-05-26,free,UK,26,3,1.3,3,28,35,0,f5d16425-fa84-4f59-a8d1-44390c7bc161
usr_5cc7fac13c26,2025-01-24,free,UK,40,7,13.8,0,4,86,0,f5d16425-fa84-4f59-a8d1-44390c7bc161
usr_ef33944ea040,2025-04-26,free,UK,38,8,12.1,3,29,43,0,f5d16425-fa84-4f59-a8d1-44390c7bc161
usr_b8c7a53ac92a,2025-10-16,pro,UK,7,12,4.8,1,14,51,0,f5d16425-fa84-4f59-a8d1-44390c7bc161
usr_cd4a37b09725,2025-03-31,free,FR,22,0,4.9,3,14,35,0,f5d16425-fa84-4f59-a8d1-44390c7bc161
usr_e43869f5c222,2024-07-29,free,US,34,2,2.5,5,14,93,0,f5d16425-fa84-4f59-a8d1-44390c7bc161
usr_4163dd727696,2024-04-20,free,UK,41,7,8.5,4,8,59,0,f5d16425-fa84-4f59-a8d1-44390c7bc161
usr_cca40d9bc149,2025-07-28,free,DE,37,7,5.4,3,12,83,0,f5d16425-fa84-4f59-a8d1-44390c7bc161
usr_38b150f2dd68,2025-09-09,free,DE,10,14,5.4,0,0,51,0,f5d16425-fa84-4f59-a8d1-44390c7bc161
usr_430619936207,2024-07-07,free,FR,44,14,19.8,2,21,55,0,f5d16425-fa84-4f59-a8d1-44390c7bc161
usr_6e314461d4d6,2026-04-07,free,UK,36,3,1.2,0,1,14,0,f5d16425-fa84-4f59-a8d1-44390c7bc161
usr_f1d43ff313d2,2024-06-28,free,DE,4,5,13.6,1,9,16,0,f5d16425-fa84-4f59-a8d1-44390c7bc161
usr_155ad7d6f63a,2024-01-13,free,UK,33,9,9.2,2,10,46,0,f5d16425-fa84-4f59-a8d1-44390c7bc161
usr_0526f8fa81b6,2024-08-22,free,DE,47,7,10.1,4,7,76,0,f5d16425-fa84-4f59-a8d1-44390c7bc161
usr_cf7071de2580,2025-06-16,pro,UK,0,13,13.0,0,21,56,0,f5d16425-fa84-4f59-a8d1-44390c7bc161
usr_308f216d5d8d,2026-02-08,free,FR,36,3,17.6,0,15,72,0,f5d16425-fa84-4f59-a8d1-44390c7bc161
usr_ac4d0cc248e1,2026-02-07,pro,CA,17,7,19.7,4,21,61,0,f5d16425-fa84-4f59-a8d1-44390c7bc161
usr_bbeebff1ee1b,2025-05-21,free,UK,37,10,1.1,3,20,30,0,f5d16425-fa84-4f59-a8d1-44390c7bc161
usr_bb60694337cc,2024-08-06,free,DE,1,2,16.9,4,13,72,0,f5d16425-fa84-4f59-a8d1-44390c7bc161
usr_159e9b768d20,2025-07-29,free,FR,39,2,6.1,4,8,74,0,f5d16425-fa84-4f59-a8d1-44390c7bc161
usr_7a230085899e,2025-09-26,pro,FR,46,2,16.8,3,14,12,0,f5d16425-fa84-4f59-a8d1-44390c7bc161
usr_317ac1591839,2025-08-27,free,CA,11,3,5.6,2,1,46,1,f5d16425-fa84-4f59-a8d1-44390c7bc161
usr_7615c7402b55,2026-01-20,pro,DE,39,13,8.0,2,3,62,0,f5d16425-fa84-4f59-a8d1-44390c7bc161
usr_f989f1a594fd,2025-07-06,enterprise,CA,41,9,6.3,5,25,62,0,f5d16425-fa84-4f59-a8d1-44390c7bc161
usr_d41cefbad7e3,2024-02-27,pro,FR,33,4,13.1,4,17,26,0,f5d16425-fa84-4f59-a8d1-44390c7bc161
usr_a71f54c20b95,2025-06-27,enterprise,CA,32,0,1.7,2,5,87,1,f5d16425-fa84-4f59-a8d1-44390c7bc161
usr_b3a8978a0866,2024-05-04,free,CA,15,3,7.2,3,12,69,0,f5d16425-fa84-4f59-a8d1-44390c7bc161
usr_29cb45501951,2024-12-20,free,UK,26,14,4.9,4,16,39,0,f5d16425-fa84-4f59-a8d1-44390c7bc161
usr_a0a1b8d11c2b,2024-07-05,free,CA,36,0,12.7,2,10,35,0,f5d16425-fa84-4f59-a8d1-44390c7bc161
usr_2df46133649f,2025-05-17,free,FR,20,11,3.2,1,5,31,0,f5d16425-fa84-4f59-a8d1-44390c7bc161
usr_224ff4485319,2026-03-04,enterprise,CA,26,9,7.9,1,25,28,0,f5d16425-fa84-4f59-a8d1-44390c7bc161
usr_e906b60394e0,2024-05-21,pro,UK,32,11,1.5,2,4,19,0,f5d16425-fa84-4f59-a8d1-44390c7bc161
usr_519caa3758ee,2026-01-11,pro,US,2,11,13.1,1,22,39,0,f5d16425-fa84-4f59-a8d1-44390c7bc161
usr_4419be4f497f,2025-04-16,free,FR,11,4,4.2,0,20,43,0,f5d16425-fa84-4f59-a8d1-44390c7bc161
usr_135696552ac1,2024-08-12,free,UK,34,5,5.4,1,25,22,1,f5d16425-fa84-4f59-a8d1-44390c7bc161
usr_e2f4c32373ce,2024-11-13,free,US,0,13,15.1,0,22,29,0,f5d16425-fa84-4f59-a8d1-44390c7bc161
usr_7673dd7d5929,2025-04-15,pro,FR,2,6,15.0,1,1,36,0,f5d16425-fa84-4f59-a8d1-44390c7bc161
usr_dffac1630282,2026-04-09,free,UK,35,7,10.9,2,11,11,0,f5d16425-fa84-4f59-a8d1-44390c7bc161
usr_5563427b68a4,2025-09-01,pro,DE,43,6,9.6,2,7,53,0,f5d16425-fa84-4f59-a8d1-44390c7bc161
usr_06fc0b5843da,2025-07-04,free,UK,40,8,19.3,4,20,24,0,f5d16425-fa84-4f59-a8d1-44390c7bc161
usr_2b687c67f1f7,2026-03-28,free,DE,30,8,7.7,2,3,91,0,f5d16425-fa84-4f59-a8d1-44390c7bc161
usr_428cb76115cc,2025-07-24,free,CA,41,12,8.7,4,1,69,0,f5d16425-fa84-4f59-a8d1-44390c7bc161
usr_8ac49386a397,2024-01-26,pro,UK,47,8,18.0,3,2,32,0,f5d16425-fa84-4f59-a8d1-44390c7bc161
usr_f5e901668df0,2024-05-21,free,FR,30,10,15.9,2,19,75,0,f5d16425-fa84-4f59-a8d1-44390c7bc161
usr_60c4d20ef8da,2025-07-18,free,UK,46,13,6.4,2,19,79,0,f5d16425-fa84-4f59-a8d1-44390c7bc161
usr_402aae537162,2024-10-28,free,US,10,7,9.4,2,29,39,0,f5d16425-fa84-4f59-a8d1-44390c7bc161
usr_d9c335a5499f,2025-06-23,free,FR,42,11,19.4,1,15,39,0,f5d16425-fa84-4f59-a8d1-44390c7bc161
usr_1a379747ca04,2025-02-18,free,US,18,12,11.3,5,3,27,1,f5d16425-fa84-4f59-a8d1-44390c7bc161
usr_712322f207f7,2024-05-03,free,UK,45,6,14.7,1,16,45,0,f5d16425-fa84-4f59-a8d1-44390c7bc161
usr_49d9c0d94f65,2025-05-28,free,US,26,7,7.0,5,22,34,0,f5d16425-fa84-4f59-a8d1-44390c7bc161
usr_b80ee497f1d7,2024-06-01,enterprise,FR,19,11,1.5,5,27,71,0,f5d16425-fa84-4f59-a8d1-44390c7bc161
usr_c25ff6352af2,2025-05-13,pro,DE,2,5,8.9,1,28,39,0,f5d16425-fa84-4f59-a8d1-44390c7bc161
usr_ed33cb4a7183,2024-04-19,pro,US,46,13,17.8,5,29,24,0,f5d16425-fa84-4f59-a8d1-44390c7bc161
usr_d9ab3dd25c20,2024-12-19,free,UK,20,6,15.1,1,7,37,0,f5d16425-fa84-4f59-a8d1-44390c7bc161
usr_2880de55c889,2024-09-16,free,FR,8,5,19.2,4,21,61,0,f5d16425-fa84-4f59-a8d1-44390c7bc161
usr_2bda24193db9,2024-01-13,pro,CA,3,6,15.7,5,27,92,0,f5d16425-fa84-4f59-a8d1-44390c7bc161
usr_6af9cffcbbe9,2025-04-14,pro,US,10,9,7.3,1,14,82,0,f5d16425-fa84-4f59-a8d1-44390c7bc161
usr_9ea5ad32b10e,2025-10-25,free,CA,38,13,4.2,2,8,14,0,f5d16425-fa84-4f59-a8d1-44390c7bc161
usr_ed02e9314fe7,2024-10-23,pro,FR,27,3,18.2,4,9,61,1,f5d16425-fa84-4f59-a8d1-44390c7bc161
usr_54183c8f9bb1,2024-11-23,pro,CA,2,2,15.3,1,18,74,0,f5d16425-fa84-4f59-a8d1-44390c7bc161
usr_822ace65fba0,2024-05-18,free,CA,26,10,16.1,3,3,20,0,f5d16425-fa84-4f59-a8d1-44390c7bc161
usr_d7119f045619,2025-12-19,pro,UK,22,6,18.0,3,11,15,1,f5d16425-fa84-4f59-a8d1-44390c7bc161
usr_a37d439676ce,2025-10-28,enterprise,FR,11,4,2.2,3,16,42,0,f5d16425-fa84-4f59-a8d1-44390c7bc161
usr_cb6da633be1f,2024-05-23,enterprise,FR,40,10,19.5,3,26,87,1,f5d16425-fa84-4f59-a8d1-44390c7bc161
usr_5915458b229e,2026-04-06,free,UK,41,6,14.7,0,17,51,0,f5d16425-fa84-4f59-a8d1-44390c7bc161
usr_74881fd9f162,2025-09-11,free,CA,28,4,1.7,0,3,55,0,f5d16425-fa84-4f59-a8d1-44390c7bc161
usr_b380fcfbf111,2024-02-17,pro,CA,28,13,1.0,1,10,33,0,f5d16425-fa84-4f59-a8d1-44390c7bc161
usr_09eda9695dec,2025-10-17,free,UK,18,3,5.1,5,18,66,0,f5d16425-fa84-4f59-a8d1-44390c7bc161
usr_dae72c1be294,2024-02-13,pro,FR,30,10,9.8,0,4,30,0,f5d16425-fa84-4f59-a8d1-44390c7bc161
usr_947641c2a089,2024-01-31,pro,CA,43,5,1.0,4,11,76,0,f5d16425-fa84-4f59-a8d1-44390c7bc161
usr_2acfb0995a21,2024-08-09,free,UK,39,10,4.7,5,26,70,0,f5d16425-fa84-4f59-a8d1-44390c7bc161
usr_27796eb9cfde,2024-10-01,pro,UK,37,1,3.7,5,1,11,0,f5d16425-fa84-4f59-a8d1-44390c7bc161
usr_b6337fd04dd0,2024-10-27,free,UK,25,9,2.9,5,25,62,0,f5d16425-fa84-4f59-a8d1-44390c7bc161
usr_e7bde2b65a03,2025-09-22,pro,CA,19,1,5.5,5,5,86,0,f5d16425-fa84-4f59-a8d1-44390c7bc161
usr_b60138364c95,2024-07-04,enterprise,UK,18,10,11.8,2,17,27,0,f5d16425-fa84-4f59-a8d1-44390c7bc161
usr_5d2ea1bb7780,2025-02-16,free,CA,33,9,4.3,5,6,47,0,f5d16425-fa84-4f59-a8d1-44390c7bc161
usr_efe4c4415792,2026-02-03,free,CA,16,11,17.6,1,9,65,0,f5d16425-fa84-4f59-a8d1-44390c7bc161
usr_74bbac823b55,2026-02-22,free,CA,27,13,18.0,1,10,54,0,f5d16425-fa84-4f59-a8d1-44390c7bc161
usr_92c043a10449,2025-04-28,free,CA,27,2,8.4,5,9,26,0,f5d16425-fa84-4f59-a8d1-44390c7bc161
usr_77efe742fe54,2026-02-05,pro,CA,17,9,15.4,0,18,68,0,f5d16425-fa84-4f59-a8d1-44390c7bc161
usr_cab8ccd938c6,2025-12-19,enterprise,FR,34,0,1.4,5,5,93,0,f5d16425-fa84-4f59-a8d1-44390c7bc161
usr_2c0eaccf1b9f,2025-02-04,free,FR,44,9,11.6,2,25,18,0,f5d16425-fa84-4f59-a8d1-44390c7bc161
usr_4261653a8234,2025-04-27,pro,CA,45,3,9.7,2,9,54,0,f5d16425-fa84-4f59-a8d1-44390c7bc161
usr_2d1c4b8feddb,2024-10-15,free,CA,25,2,4.4,3,16,22,0,f5d16425-fa84-4f59-a8d1-44390c7bc161
usr_dcf5696a5eed,2026-01-23,pro,FR,8,4,13.5,4,4,29,0,f5d16425-fa84-4f59-a8d1-44390c7bc161
usr_5393c011dae3,2024-09-02,enterprise,US,46,11,5.3,1,20,50,0,f5d16425-fa84-4f59-a8d1-44390c7bc161
usr_45b95ea1be73,2025-07-20,free,FR,10,1,5.5,0,0,64,0,f5d16425-fa84-4f59-a8d1-44390c7bc161
usr_9fa17cac19af,2025-07-15,free,DE,43,8,5.1,2,3,14,0,f5d16425-fa84-4f59-a8d1-44390c7bc161
usr_c404bf0c19d5,2025-12-03,free,CA,20,5,9.6,4,24,26,0,f5d16425-fa84-4f59-a8d1-44390c7bc161
usr_f59d77ff6725,2025-09-15,enterprise,UK,11,13,2.2,2,10,16,0,f5d16425-fa84-4f59-a8d1-44390c7bc161
usr_c5ade949e33f,2024-02-23,pro,CA,47,4,8.2,4,13,29,0,f5d16425-fa84-4f59-a8d1-44390c7bc161
usr_e575b7cf7fd0,2026-03-21,free,UK,49,1,8.4,1,15,76,0,f5d16425-fa84-4f59-a8d1-44390c7bc161
usr_cee9d07a22be,2024-09-11,free,FR,10,11,14.3,2,7,17,1,f5d16425-fa84-4f59-a8d1-44390c7bc161
usr_508a51fb398a,2025-04-07,pro,FR,13,8,14.8,0,7,40,0,f5d16425-fa84-4f59-a8d1-44390c7bc161
usr_2dce608e3203,2026-01-18,pro,DE,47,4,9.8,2,11,68,0,f5d16425-fa84-4f59-a8d1-44390c7bc161
usr_5d226ce45cad,2025-05-01,free,FR,9,0,17.3,1,19,62,1,f5d16425-fa84-4f59-a8d1-44390c7bc161
usr_4493bd17e33e,2025-06-30,enterprise,US,7,14,4.1,5,16,43,0,f5d16425-fa84-4f59-a8d1-44390c7bc161
usr_f116fabcc424,2024-08-02,free,UK,17,13,17.7,3,13,14,0,f5d16425-fa84-4f59-a8d1-44390c7bc161
usr_912956d328c4,2024-01-09,free,FR,4,11,3.3,3,10,88,0,f5d16425-fa84-4f59-a8d1-44390c7bc161
usr_8b682955463b,2024-01-22,pro,FR,32,5,18.7,3,4,20,0,f5d16425-fa84-4f59-a8d1-44390c7bc161
usr_9e5514fe5a8f,2025-09-06,free,CA,26,6,18.3,2,12,69,0,f5d16425-fa84-4f59-a8d1-44390c7bc161
usr_c6cc36992ba4,2026-01-27,free,DE,6,5,3.7,1,23,30,0,f5d16425-fa84-4f59-a8d1-44390c7bc161
usr_f287d44ee01e,2025-06-20,free,FR,7,5,8.5,3,12,53,0,f5d16425-fa84-4f59-a8d1-44390c7bc161
usr_87fa849e1ed6,2024-05-27,free,US,3,9,17.2,5,28,11,0,f5d16425-fa84-4f59-a8d1-44390c7bc161
usr_9463d0d88c81,2025-10-13,free,US,19,11,16.1,4,11,46,0,f5d16425-fa84-4f59-a8d1-44390c7bc161
usr_aa7f8f721f13,2024-06-18,free,FR,44,1,16.3,3,18,13,1,f5d16425-fa84-4f59-a8d1-44390c7bc161
usr_faafc6d6e045,2025-05-19,free,UK,45,5,2.9,0,0,74,1,f5d16425-fa84-4f59-a8d1-44390c7bc161
usr_55a9d7066c98,2024-12-09,pro,CA,8,1,8.5,0,16,76,1,f5d16425-fa84-4f59-a8d1-44390c7bc161
usr_c6073309c07f,2024-05-11,free,CA,49,2,15.5,5,13,58,0,f5d16425-fa84-4f59-a8d1-44390c7bc161
usr_310c84a3c598,2024-10-12,free,FR,30,14,8.9,3,14,67,0,f5d16425-fa84-4f59-a8d1-44390c7bc161
usr_536f3140bcbd,2025-07-08,free,DE,40,9,6.7,1,24,52,0,f5d16425-fa84-4f59-a8d1-44390c7bc161
usr_761a214ae230,2026-02-23,pro,US,8,14,15.4,3,27,33,0,f5d16425-fa84-4f59-a8d1-44390c7bc161
usr_6a48613b7fb1,2025-01-27,free,CA,25,4,18.6,3,27,90,1,f5d16425-fa84-4f59-a8d1-44390c7bc161
usr_a4071651fc13,2025-07-30,pro,FR,19,14,11.1,4,29,89,0,f5d16425-fa84-4f59-a8d1-44390c7bc161
usr_e6be8f903126,2024-06-26,free,DE,40,14,11.9,3,4,84,0,f5d16425-fa84-4f59-a8d1-44390c7bc161
usr_0dc11d39954a,2026-01-22,pro,FR,42,3,7.9,5,19,93,0,f5d16425-fa84-4f59-a8d1-44390c7bc161
usr_0ecd85594051,2024-02-04,pro,DE,46,14,19.0,4,18,81,0,f5d16425-fa84-4f59-a8d1-44390c7bc161
usr_07d6027bb5b9,2024-03-25,free,CA,20,13,1.9,2,6,50,0,f5d16425-fa84-4f59-a8d1-44390c7bc161
usr_ec3350be9fb8,2024-11-15,free,FR,44,8,4.4,5,25,38,0,f5d16425-fa84-4f59-a8d1-44390c7bc161
usr_a3ff34046984,2024-11-11,pro,FR,14,2,1.1,0,29,78,0,f5d16425-fa84-4f59-a8d1-44390c7bc161
usr_af31ac808bc2,2025-10-25,free,FR,41,11,14.9,2,5,42,0,f5d16425-fa84-4f59-a8d1-44390c7bc161
usr_509336b2a74f,2025-07-04,free,FR,13,6,4.8,1,3,91,0,f5d16425-fa84-4f59-a8d1-44390c7bc161
usr_7b901412fc8d,2024-04-29,free,UK,37,6,19.2,5,26,57,1,f5d16425-fa84-4f59-a8d1-44390c7bc161
usr_6b9c6bafbe9f,2025-09-04,free,CA,6,6,5.3,5,25,90,0,f5d16425-fa84-4f59-a8d1-44390c7bc161
usr_3fac0bcce332,2025-02-16,free,FR,21,2,7.7,3,24,49,0,f5d16425-fa84-4f59-a8d1-44390c7bc161
usr_19630aa85a7b,2025-02-02,free,CA,46,5,2.4,1,24,48,0,f5d16425-fa84-4f59-a8d1-44390c7bc161
usr_3b2c14c94696,2024-07-12,free,FR,24,11,2.1,5,15,45,0,f5d16425-fa84-4f59-a8d1-44390c7bc161
usr_1c938fad8d3d,2024-01-21,free,CA,44,11,9.6,4,24,32,1,f5d16425-fa84-4f59-a8d1-44390c7bc161
usr_4a867f2aeea9,2024-03-04,pro,DE,26,3,14.7,5,19,60,1,f5d16425-fa84-4f59-a8d1-44390c7bc161
usr_53a0802e9c34,2024-02-19,free,FR,8,11,8.8,1,27,47,0,f5d16425-fa84-4f59-a8d1-44390c7bc161
usr_840c1262675e,2024-12-20,free,UK,7,6,2.0,2,17,20,0,f5d16425-fa84-4f59-a8d1-44390c7bc161
usr_33dfbc86ae35,2025-01-05,pro,UK,42,9,19.1,3,18,59,0,f5d16425-fa84-4f59-a8d1-44390c7bc161
usr_ac58ccdca727,2024-11-06,free,DE,25,8,17.3,5,8,11,0,f5d16425-fa84-4f59-a8d1-44390c7bc161
usr_37923922887f,2025-11-01,free,CA,0,10,17.5,3,22,40,0,f5d16425-fa84-4f59-a8d1-44390c7bc161
usr_6d3f3dee2f66,2026-03-02,enterprise,UK,13,0,15.3,0,6,25,0,f5d16425-fa84-4f59-a8d1-44390c7bc161
usr_e6b09879f6cb,2024-07-27,pro,US,22,7,15.8,3,10,28,0,f5d16425-fa84-4f59-a8d1-44390c7bc161
usr_20f5c07a15a8,2025-10-27,enterprise,FR,36,2,11.9,0,12,65,0,f5d16425-fa84-4f59-a8d1-44390c7bc161
usr_d9dfaf2a3e6e,2024-12-31,pro,US,25,9,5.3,2,25,50,0,f5d16425-fa84-4f59-a8d1-44390c7bc161
usr_1d9d5b3a7a96,2025-08-08,free,FR,45,10,12.0,2,10,22,0,f5d16425-fa84-4f59-a8d1-44390c7bc161
usr_1710339a14f9,2024-02-20,pro,UK,23,5,4.4,5,19,44,0,f5d16425-fa84-4f59-a8d1-44390c7bc161
usr_f4d594706c1f,2024-08-29,pro,CA,43,0,16.5,1,29,94,0,f5d16425-fa84-4f59-a8d1-44390c7bc161
usr_31b9914d6007,2024-10-30,free,FR,40,5,7.8,4,16,23,0,f5d16425-fa84-4f59-a8d1-44390c7bc161
usr_d23b9cd577df,2024-11-01,pro,DE,46,10,8.9,3,24,15,1,f5d16425-fa84-4f59-a8d1-44390c7bc161
usr_91fb21cd2101,2025-03-22,free,FR,34,4,6.8,4,17,66,0,f5d16425-fa84-4f59-a8d1-44390c7bc161
usr_ec3c148ebf96,2024-05-09,free,US,27,10,15.5,2,26,17,0,f5d16425-fa84-4f59-a8d1-44390c7bc161
usr_dfe67e2b198e,2024-07-31,free,FR,16,14,2.9,4,4,76,1,f5d16425-fa84-4f59-a8d1-44390c7bc161
usr_bc8e6788475c,2024-03-28,free,FR,13,5,5.1,1,8,61,0,f5d16425-fa84-4f59-a8d1-44390c7bc161
usr_39e9e2f9b1a2,2024-03-09,free,US,13,1,3.0,3,6,15,0,f5d16425-fa84-4f59-a8d1-44390c7bc161
usr_a8b5915270b1,2024-08-17,free,UK,29,0,11.4,0,17,52,1,f5d16425-fa84-4f59-a8d1-44390c7bc161
usr_a4aeb3675748,2025-10-31,free,UK,15,2,6.0,2,16,84,1,f5d16425-fa84-4f59-a8d1-44390c7bc161
usr_90b2f087b937,2025-09-26,free,FR,38,3,15.4,0,2,44,0,f5d16425-fa84-4f59-a8d1-44390c7bc161
usr_15f792417852,2024-02-25,free,DE,17,3,15.5,5,1,50,0,f5d16425-fa84-4f59-a8d1-44390c7bc161
usr_e164efa24c3f,2024-07-13,free,US,43,7,19.7,2,28,93,0,f5d16425-fa84-4f59-a8d1-44390c7bc161
usr_4d8bd6d17b2c,2026-04-10,pro,US,25,12,11.1,2,19,57,0,f5d16425-fa84-4f59-a8d1-44390c7bc161
usr_528ecca774b3,2024-07-15,pro,FR,42,1,1.4,5,7,66,1,f5d16425-fa84-4f59-a8d1-44390c7bc161
usr_d1ffd594b35b,2024-04-05,free,CA,18,13,9.6,2,7,24,0,f5d16425-fa84-4f59-a8d1-44390c7bc161
usr_abc8ffef3716,2026-04-22,enterprise,DE,35,6,16.0,5,18,89,1,f5d16425-fa84-4f59-a8d1-44390c7bc161
usr_d2d2c8c31a5e,2024-07-31,free,UK,27,6,12.2,3,26,32,0,f5d16425-fa84-4f59-a8d1-44390c7bc161
usr_3fcf1d09e963,2024-07-26,pro,US,37,4,16.7,1,12,36,0,f5d16425-fa84-4f59-a8d1-44390c7bc161
usr_b1c2ab8965eb,2024-06-09,free,DE,20,9,2.6,3,23,39,0,f5d16425-fa84-4f59-a8d1-44390c7bc161
usr_7e4ff3a555f9,2024-03-06,free,DE,19,1,15.2,0,5,18,0,f5d16425-fa84-4f59-a8d1-44390c7bc161
usr_3f69b89250ab,2024-09-11,pro,US,29,11,7.4,4,6,20,0,f5d16425-fa84-4f59-a8d1-44390c7bc161
usr_cb046bab0b32,2025-04-09,pro,FR,1,5,5.7,1,18,22,0,f5d16425-fa84-4f59-a8d1-44390c7bc161
usr_e3a04cdabc1c,2025-09-22,free,CA,38,12,12.6,0,9,48,1,f5d16425-fa84-4f59-a8d1-44390c7bc161
usr_54b19a2520dc,2025-04-22,pro,UK,16,13,12.2,4,23,30,0,f5d16425-fa84-4f59-a8d1-44390c7bc161
usr_830712e13bde,2025-12-04,pro,DE,30,14,13.0,4,5,51,0,f5d16425-fa84-4f59-a8d1-44390c7bc161
usr_1e9214fd99fb,2024-07-07,pro,DE,27,6,15.9,2,22,58,0,f5d16425-fa84-4f59-a8d1-44390c7bc161
usr_16e4b6d21a9d,2024-12-16,free,CA,8,7,10.9,3,17,86,0,f5d16425-fa84-4f59-a8d1-44390c7bc161
usr_184b153661b1,2024-03-28,free,DE,34,0,18.3,3,11,28,0,f5d16425-fa84-4f59-a8d1-44390c7bc161
usr_62609f7958f0,2025-10-01,free,CA,40,2,13.4,2,26,34,0,f5d16425-fa84-4f59-a8d1-44390c7bc161
usr_195102b16926,2024-04-18,free,CA,36,8,12.5,3,3,39,0,f5d16425-fa84-4f59-a8d1-44390c7bc161
usr_5a71ab39e05f,2024-07-30,free,UK,45,0,19.8,2,13,37,0,f5d16425-fa84-4f59-a8d1-44390c7bc161
usr_8462b452659a,2024-11-10,free,US,18,0,2.7,5,6,15,0,f5d16425-fa84-4f59-a8d1-44390c7bc161
usr_9cc2db6347db,2024-03-20,free,DE,10,5,4.4,5,28,73,0,f5d16425-fa84-4f59-a8d1-44390c7bc161
usr_b1a883c9df23,2025-09-06,pro,US,42,7,7.3,5,13,72,0,f5d16425-fa84-4f59-a8d1-44390c7bc161
usr_92f05d8c98ee,2024-04-18,enterprise,FR,17,2,19.5,4,0,64,1,f5d16425-fa84-4f59-a8d1-44390c7bc161
usr_eddc4ef27091,2025-05-21,free,UK,40,12,5.1,5,14,79,0,f5d16425-fa84-4f59-a8d1-44390c7bc161
usr_d174859ee096,2026-03-03,free,FR,5,7,5.4,0,9,19,0,f5d16425-fa84-4f59-a8d1-44390c7bc161
usr_1b578c19489b,2025-05-30,free,DE,39,4,9.0,5,8,35,0,f5d16425-fa84-4f59-a8d1-44390c7bc161
usr_6b34ae1567c7,2024-07-20,pro,FR,32,5,9.5,2,3,10,0,f5d16425-fa84-4f59-a8d1-44390c7bc161
usr_cdea734db638,2024-04-29,pro,FR,18,11,10.4,3,20,80,0,f5d16425-fa84-4f59-a8d1-44390c7bc161
usr_740f446e6bda,2025-08-09,free,CA,11,6,4.3,0,28,62,0,f5d16425-fa84-4f59-a8d1-44390c7bc161
usr_cdb524cf567d,2025-08-07,free,CA,44,14,14.8,1,12,84,0,f5d16425-fa84-4f59-a8d1-44390c7bc161
usr_b12a92b76466,2024-10-14,free,FR,12,8,2.8,1,29,14,0,f5d16425-fa84-4f59-a8d1-44390c7bc161
usr_159d15295df6,2025-06-21,free,DE,46,1,6.2,3,24,47,0,f5d16425-fa84-4f59-a8d1-44390c7bc161
usr_06d893e56da8,2025-07-17,free,US,8,12,7.2,2,14,93,0,f5d16425-fa84-4f59-a8d1-44390c7bc161
usr_2b1f16de6533,2024-02-17,pro,DE,4,10,1.6,5,10,64,0,f5d16425-fa84-4f59-a8d1-44390c7bc161
usr_fc7cc72ce219,2025-08-18,free,CA,24,1,5.8,1,16,91,0,f5d16425-fa84-4f59-a8d1-44390c7bc161
usr_04d307d7d196,2025-05-25,free,UK,14,10,14.4,2,12,57,0,f5d16425-fa84-4f59-a8d1-44390c7bc161
usr_bd774b324085,2025-06-08,pro,FR,11,0,15.7,1,5,85,0,f5d16425-fa84-4f59-a8d1-44390c7bc161
usr_9e8e20b1659e,2026-04-21,free,DE,2,3,8.2,5,8,44,0,f5d16425-fa84-4f59-a8d1-44390c7bc161
usr_bb9d0d4b9923,2025-12-30,free,FR,17,0,18.7,3,12,48,0,f5d16425-fa84-4f59-a8d1-44390c7bc161
usr_a679c8d4b95f,2025-06-01,free,FR,49,5,11.1,1,27,50,0,f5d16425-fa84-4f59-a8d1-44390c7bc161
usr_fb632236b777,2026-03-09,free,CA,41,10,3.0,4,10,78,0,f5d16425-fa84-4f59-a8d1-44390c7bc161
usr_f0bc82a19ce0,2025-06-09,free,CA,25,4,19.3,2,14,91,0,f5d16425-fa84-4f59-a8d1-44390c7bc161
usr_23a9cf1b2e36,2024-01-18,enterprise,DE,40,6,5.6,2,8,33,0,f5d16425-fa84-4f59-a8d1-44390c7bc161
usr_d3eead75327f,2024-10-22,free,FR,40,3,4.6,3,14,21,0,f5d16425-fa84-4f59-a8d1-44390c7bc161
usr_51ffba7f1d21,2024-11-16,pro,DE,44,12,8.1,1,11,59,0,f5d16425-fa84-4f59-a8d1-44390c7bc161
usr_7ad05d029da1,2024-12-05,enterprise,US,1,10,9.1,0,11,85,1,f5d16425-fa84-4f59-a8d1-44390c7bc161
usr_001ef7618af0,2025-08-09,pro,CA,15,14,4.3,4,3,23,0,f5d16425-fa84-4f59-a8d1-44390c7bc161
usr_05035d368e9b,2024-10-01,enterprise,CA,1,4,6.0,3,23,30,0,f5d16425-fa84-4f59-a8d1-44390c7bc161
usr_00be668b48d9,2026-04-06,pro,UK,41,3,16.9,3,1,31,1,f5d16425-fa84-4f59-a8d1-44390c7bc161
usr_3c71428715ea,2025-04-18,free,DE,18,3,4.5,2,20,14,0,f5d16425-fa84-4f59-a8d1-44390c7bc161
usr_d10d79ac7899,2024-04-01,free,UK,49,7,10.3,5,27,87,0,f5d16425-fa84-4f59-a8d1-44390c7bc161
usr_feba70b7b17a,2024-10-26,free,US,22,14,3.9,3,13,36,0,f5d16425-fa84-4f59-a8d1-44390c7bc161
usr_80e841d797a0,2025-12-22,free,FR,11,8,14.1,3,8,15,0,f5d16425-fa84-4f59-a8d1-44390c7bc161
usr_caab4937d6c0,2024-08-30,free,FR,23,4,17.5,4,1,17,0,f5d16425-fa84-4f59-a8d1-44390c7bc161
usr_e33fe1fff7a3,2025-04-27,free,US,17,13,16.6,4,23,63,0,f5d16425-fa84-4f59-a8d1-44390c7bc161
usr_bbced64d49ab,2025-06-07,free,UK,19,6,3.5,2,1,80,0,f5d16425-fa84-4f59-a8d1-44390c7bc161
usr_1dfe596dcf3c,2025-09-20,free,US,15,5,14.8,5,2,13,1,f5d16425-fa84-4f59-a8d1-44390c7bc161
usr_0396ab28757b,2024-08-07,free,UK,49,5,4.8,3,8,54,0,f5d16425-fa84-4f59-a8d1-44390c7bc161
usr_21e1dfc58e43,2024-07-14,pro,UK,0,10,18.0,3,22,49,0,f5d16425-fa84-4f59-a8d1-44390c7bc161
usr_1181d286580c,2025-05-26,enterprise,FR,4,12,15.6,5,28,58,0,f5d16425-fa84-4f59-a8d1-44390c7bc161
usr_e61cf6449cc9,2025-11-16,free,CA,47,4,6.3,1,29,14,0,f5d16425-fa84-4f59-a8d1-44390c7bc161
usr_2fd4a74e0ac9,2024-07-29,free,CA,36,5,12.0,5,13,11,0,f5d16425-fa84-4f59-a8d1-44390c7bc161
usr_eac38e94f5cc,2026-03-21,free,CA,44,9,12.1,3,14,35,0,f5d16425-fa84-4f59-a8d1-44390c7bc161
usr_ecfa4c8a1432,2024-10-11,free,US,4,5,4.5,2,29,74,0,f5d16425-fa84-4f59-a8d1-44390c7bc161
usr_61981158f2aa,2025-01-26,free,US,36,2,19.1,2,12,34,0,f5d16425-fa84-4f59-a8d1-44390c7bc161
usr_44ae66ec7022,2024-08-27,free,FR,30,0,18.9,5,16,77,0,f5d16425-fa84-4f59-a8d1-44390c7bc161
usr_36b54966e22f,2024-07-01,free,US,13,14,2.3,2,11,93,0,f5d16425-fa84-4f59-a8d1-44390c7bc161
usr_45b602309376,2025-08-22,free,US,36,4,10.2,5,18,80,0,f5d16425-fa84-4f59-a8d1-44390c7bc161
usr_58e5df593196,2026-02-06,pro,CA,39,1,15.2,5,17,82,0,f5d16425-fa84-4f59-a8d1-44390c7bc161
usr_9831f61c4289,2026-04-07,pro,US,21,5,8.2,0,13,55,0,f5d16425-fa84-4f59-a8d1-44390c7bc161
usr_cfa68433def9,2026-04-25,free,UK,9,9,17.9,3,9,50,1,f5d16425-fa84-4f59-a8d1-44390c7bc161
usr_f5759a426aa1,2025-01-18,pro,DE,17,9,17.8,5,13,60,1,f5d16425-fa84-4f59-a8d1-44390c7bc161
usr_34bdc86b9c28,2024-02-19,free,DE,10,9,16.0,2,24,76,0,f5d16425-fa84-4f59-a8d1-44390c7bc161
usr_caad889d912d,2025-01-12,free,UK,38,2,12.0,5,10,33,0,f5d16425-fa84-4f59-a8d1-44390c7bc161
usr_82d2ecdd87fb,2025-01-01,pro,FR,5,14,9.4,3,29,76,0,f5d16425-fa84-4f59-a8d1-44390c7bc161
usr_de746cbb7753,2025-12-31,pro,DE,17,9,17.8,1,19,83,0,f5d16425-fa84-4f59-a8d1-44390c7bc161
usr_a5572721a9bc,2025-05-23,free,US,49,7,10.6,1,14,16,0,f5d16425-fa84-4f59-a8d1-44390c7bc161
usr_0372ab1bde57,2026-03-23,pro,UK,32,5,9.7,4,10,28,0,f5d16425-fa84-4f59-a8d1-44390c7bc161
usr_ea81c7832311,2025-10-12,pro,CA,17,12,15.0,0,13,12,0,f5d16425-fa84-4f59-a8d1-44390c7bc161
usr_2b7ae3bcb034,2024-07-08,free,DE,9,12,9.1,2,1,76,0,f5d16425-fa84-4f59-a8d1-44390c7bc161
usr_4f4516848dd2,2024-01-03,free,CA,19,5,7.6,2,2,61,0,f5d16425-fa84-4f59-a8d1-44390c7bc161
usr_d6dd43f164a1,2025-07-24,free,US,16,2,16.4,2,18,52,0,f5d16425-fa84-4f59-a8d1-44390c7bc161
usr_05c5e1340077,2024-07-05,free,CA,0,13,11.4,5,12,66,0,f5d16425-fa84-4f59-a8d1-44390c7bc161
usr_ae7d05c6a61b,2025-08-04,free,CA,12,5,16.8,5,0,48,0,f5d16425-fa84-4f59-a8d1-44390c7bc161
usr_f4344c4890d4,2024-04-14,pro,DE,43,11,6.1,4,28,37,0,f5d16425-fa84-4f59-a8d1-44390c7bc161
usr_15874f416235,2025-03-06,enterprise,CA,31,11,15.3,2,19,19,0,f5d16425-fa84-4f59-a8d1-44390c7bc161
usr_fabfa2ccc9b0,2026-03-03,pro,FR,6,13,8.0,4,4,70,0,f5d16425-fa84-4f59-a8d1-44390c7bc161
usr_ead9203e21ea,2024-01-06,free,UK,13,10,15.1,0,5,65,0,f5d16425-fa84-4f59-a8d1-44390c7bc161
usr_e83d2e7e4136,2025-03-05,free,UK,25,0,13.8,1,27,69,0,f5d16425-fa84-4f59-a8d1-44390c7bc161
usr_9e25adf6def6,2024-10-10,free,UK,4,1,7.6,3,19,38,0,f5d16425-fa84-4f59-a8d1-44390c7bc161
usr_65cb97010864,2024-06-25,free,UK,12,3,17.1,1,9,33,0,f5d16425-fa84-4f59-a8d1-44390c7bc161
usr_6ae9fe21be0f,2026-02-06,free,CA,29,3,8.2,3,21,70,0,f5d16425-fa84-4f59-a8d1-44390c7bc161
usr_f4df3cf7866e,2026-04-08,free,UK,47,3,3.8,1,26,76,0,f5d16425-fa84-4f59-a8d1-44390c7bc161
usr_1766cdfade7f,2024-04-16,free,FR,35,5,16.5,1,14,49,0,f5d16425-fa84-4f59-a8d1-44390c7bc161
usr_b9a8ef84da9f,2026-01-19,pro,CA,39,6,6.7,4,7,26,1,f5d16425-fa84-4f59-a8d1-44390c7bc161
usr_dd8c67479e5b,2024-03-20,pro,CA,34,14,19.4,4,12,48,0,f5d16425-fa84-4f59-a8d1-44390c7bc161
usr_bdbeba9f22e2,2026-03-24,enterprise,FR,28,2,16.9,5,20,86,0,f5d16425-fa84-4f59-a8d1-44390c7bc161
usr_ce3572a02543,2025-07-22,free,DE,28,12,19.3,5,22,74,0,f5d16425-fa84-4f59-a8d1-44390c7bc161
usr_f97ecf7ac00e,2024-06-04,free,FR,29,5,11.1,1,20,84,0,f5d16425-fa84-4f59-a8d1-44390c7bc161
usr_096bcb85be85,2024-08-24,free,US,19,10,9.9,5,28,47,0,f5d16425-fa84-4f59-a8d1-44390c7bc161
usr_ee7951bfb7d4,2025-09-17,free,CA,6,5,1.8,4,13,46,0,f5d16425-fa84-4f59-a8d1-44390c7bc161
usr_59c8cfe1de80,2024-10-06,pro,US,28,14,11.0,4,26,57,0,f5d16425-fa84-4f59-a8d1-44390c7bc161
usr_160289069022,2024-12-13,free,CA,31,4,9.9,4,15,53,0,f5d16425-fa84-4f59-a8d1-44390c7bc161
usr_6209b39bd9c2,2025-05-24,pro,FR,45,8,12.7,5,12,77,0,f5d16425-fa84-4f59-a8d1-44390c7bc161
usr_2637e192775f,2024-03-03,free,US,3,13,14.3,3,28,80,0,f5d16425-fa84-4f59-a8d1-44390c7bc161
usr_fd2679c9107b,2025-04-20,free,FR,27,0,17.2,0,26,51,0,f5d16425-fa84-4f59-a8d1-44390c7bc161
usr_3ad9e9b3d2a4,2025-12-08,pro,UK,24,3,18.3,4,10,53,0,f5d16425-fa84-4f59-a8d1-44390c7bc161
usr_be1e3812706f,2024-12-06,free,FR,45,5,15.4,4,27,64,0,f5d16425-fa84-4f59-a8d1-44390c7bc161
usr_310bd774b0f0,2025-05-01,pro,CA,41,2,17.7,0,18,45,0,f5d16425-fa84-4f59-a8d1-44390c7bc161
usr_cb71508dc339,2024-02-05,free,DE,17,12,2.2,1,1,81,0,f5d16425-fa84-4f59-a8d1-44390c7bc161
usr_4a8deead7d20,2025-02-28,free,DE,11,14,4.3,1,4,43,1,f5d16425-fa84-4f59-a8d1-44390c7bc161
usr_21f71c9b21f9,2024-10-24,free,FR,23,13,13.1,0,3,58,0,f5d16425-fa84-4f59-a8d1-44390c7bc161
usr_a2b082ad4fb4,2025-03-01,enterprise,CA,35,4,19.4,2,24,69,0,f5d16425-fa84-4f59-a8d1-44390c7bc161
usr_7252b030eee4,2026-01-31,free,UK,44,3,7.0,0,3,35,0,f5d16425-fa84-4f59-a8d1-44390c7bc161
usr_2020d6cd9e4d,2025-06-24,free,FR,24,7,4.6,5,15,21,0,f5d16425-fa84-4f59-a8d1-44390c7bc161
usr_909212cb5eb0,2024-04-07,pro,US,3,1,13.2,4,7,51,0,f5d16425-fa84-4f59-a8d1-44390c7bc161
usr_3335966b333c,2026-04-07,free,UK,7,13,2.4,3,25,65,0,f5d16425-fa84-4f59-a8d1-44390c7bc161
usr_7642e6fe1768,2024-08-17,pro,CA,30,11,16.6,2,3,40,0,f5d16425-fa84-4f59-a8d1-44390c7bc161
usr_fb2e717b1d74,2026-01-10,free,DE,15,12,3.5,3,23,70,0,f5d16425-fa84-4f59-a8d1-44390c7bc161
usr_c2b11d1c24e1,2025-03-25,free,DE,40,2,17.0,3,17,75,0,f5d16425-fa84-4f59-a8d1-44390c7bc161
usr_f34f4ce1e4e8,2024-03-19,free,US,42,8,16.7,2,29,73,0,f5d16425-fa84-4f59-a8d1-44390c7bc161
usr_3a2385dea1d4,2026-02-11,free,UK,18,0,14.2,4,29,34,0,f5d16425-fa84-4f59-a8d1-44390c7bc161
usr_bff8b2d57dcd,2024-01-24,free,CA,36,8,6.9,4,14,76,0,f5d16425-fa84-4f59-a8d1-44390c7bc161
usr_91802031b911,2024-02-19,free,DE,5,2,16.1,5,28,12,0,f5d16425-fa84-4f59-a8d1-44390c7bc161
usr_f11bc03d556f,2024-07-05,free,DE,5,6,9.2,0,18,78,0,f5d16425-fa84-4f59-a8d1-44390c7bc161
usr_2c94bc79e17e,2024-01-27,pro,FR,41,14,2.1,1,21,53,0,f5d16425-fa84-4f59-a8d1-44390c7bc161
usr_35d31ad1467e,2025-08-12,free,US,34,3,3.2,4,22,58,0,f5d16425-fa84-4f59-a8d1-44390c7bc161
usr_5fc5bdde5f66,2024-07-08,pro,UK,23,12,6.2,3,16,23,0,f5d16425-fa84-4f59-a8d1-44390c7bc161
usr_877a73e4d962,2025-03-14,free,US,32,5,6.3,1,18,50,0,f5d16425-fa84-4f59-a8d1-44390c7bc161
usr_e9f5d894cfbf,2024-04-22,free,US,36,12,9.4,0,26,58,0,f5d16425-fa84-4f59-a8d1-44390c7bc161
usr_5fa839491c46,2025-10-28,free,FR,44,9,4.1,3,24,79,0,f5d16425-fa84-4f59-a8d1-44390c7bc161
usr_2c7db1747601,2024-03-11,pro,FR,1,13,7.8,3,16,93,0,f5d16425-fa84-4f59-a8d1-44390c7bc161
usr_db2867e610f2,2025-02-15,free,UK,9,8,3.9,0,14,51,1,f5d16425-fa84-4f59-a8d1-44390c7bc161
usr_191e81da9b5e,2024-02-24,pro,UK,12,13,17.5,3,4,57,0,f5d16425-fa84-4f59-a8d1-44390c7bc161
usr_d1a24352f03d,2025-03-13,free,DE,37,4,3.8,5,19,83,1,f5d16425-fa84-4f59-a8d1-44390c7bc161
usr_9db917887723,2025-03-23,free,UK,37,4,12.0,4,25,91,0,f5d16425-fa84-4f59-a8d1-44390c7bc161
usr_044c790c44b0,2025-06-26,free,DE,30,8,15.0,5,19,17,0,f5d16425-fa84-4f59-a8d1-44390c7bc161
usr_9acbdcb95bf8,2025-10-11,free,CA,17,8,17.1,2,25,84,0,f5d16425-fa84-4f59-a8d1-44390c7bc161
usr_e027c52865ad,2025-05-07,free,FR,24,8,5.7,4,25,70,0,f5d16425-fa84-4f59-a8d1-44390c7bc161
usr_62c5fc30dc58,2025-01-19,free,US,25,0,19.0,1,26,84,0,f5d16425-fa84-4f59-a8d1-44390c7bc161
usr_94659964822d,2024-01-30,pro,US,30,2,16.2,1,25,42,0,f5d16425-fa84-4f59-a8d1-44390c7bc161
usr_091e26b43ed2,2024-04-29,free,DE,1,5,12.4,5,9,60,0,f5d16425-fa84-4f59-a8d1-44390c7bc161
usr_a923a84e0b58,2026-04-14,pro,CA,46,5,19.3,1,11,79,0,f5d16425-fa84-4f59-a8d1-44390c7bc161
usr_b2fa846b98a7,2024-01-28,free,UK,1,13,13.4,3,23,11,0,f5d16425-fa84-4f59-a8d1-44390c7bc161
usr_e3f328c9e2a6,2026-02-24,pro,UK,38,0,11.2,4,6,18,0,f5d16425-fa84-4f59-a8d1-44390c7bc161
usr_297feb4c2bcd,2026-01-29,pro,UK,10,0,6.2,2,24,94,1,f5d16425-fa84-4f59-a8d1-44390c7bc161
usr_9133a777c77d,2025-01-29,free,CA,32,5,19.2,0,3,77,0,f5d16425-fa84-4f59-a8d1-44390c7bc161
usr_bcc3b53038b3,2025-01-05,pro,CA,45,7,18.8,3,6,77,0,f5d16425-fa84-4f59-a8d1-44390c7bc161
usr_7775517040a0,2025-09-08,free,DE,6,13,19.0,0,26,47,0,f5d16425-fa84-4f59-a8d1-44390c7bc161
usr_7c2d7035b896,2025-11-06,pro,UK,40,12,3.5,4,0,93,1,f5d16425-fa84-4f59-a8d1-44390c7bc161
usr_fc3c7b116871,2025-07-11,free,US,34,12,7.8,0,26,66,0,f5d16425-fa84-4f59-a8d1-44390c7bc161
usr_91a3d5274dcb,2024-06-08,free,DE,19,7,12.5,0,27,29,0,f5d16425-fa84-4f59-a8d1-44390c7bc161
usr_e3d45684b5ae,2025-04-14,free,DE,9,2,17.0,5,1,19,0,f5d16425-fa84-4f59-a8d1-44390c7bc161
usr_4c86f3969a18,2025-06-26,free,FR,30,4,6.9,1,24,53,0,f5d16425-fa84-4f59-a8d1-44390c7bc161
usr_cb222ce82ef0,2025-06-18,free,US,37,2,9.5,0,7,58,0,f5d16425-fa84-4f59-a8d1-44390c7bc161
usr_5d8ce2da49e4,2025-09-16,pro,US,49,12,4.6,4,19,40,0,f5d16425-fa84-4f59-a8d1-44390c7bc161
usr_06293a6e4742,2025-06-25,free,CA,5,10,9.4,4,28,85,0,f5d16425-fa84-4f59-a8d1-44390c7bc161
usr_51ffe085b741,2025-03-09,free,FR,39,6,6.5,4,20,24,0,f5d16425-fa84-4f59-a8d1-44390c7bc161
usr_fe202d67b556,2025-08-06,free,CA,12,3,12.3,4,12,83,0,f5d16425-fa84-4f59-a8d1-44390c7bc161
usr_d2a94052952d,2025-06-14,free,FR,37,9,15.9,2,6,66,0,f5d16425-fa84-4f59-a8d1-44390c7bc161
usr_ae49151edc5c,2026-04-21,free,FR,4,14,6.8,3,9,36,0,f5d16425-fa84-4f59-a8d1-44390c7bc161
usr_179f5ee9b664,2025-06-18,free,UK,2,7,14.8,4,12,57,0,f5d16425-fa84-4f59-a8d1-44390c7bc161
usr_f6f4177d91b0,2025-04-16,free,DE,19,0,16.3,0,21,66,0,f5d16425-fa84-4f59-a8d1-44390c7bc161
usr_62e14e84bc12,2025-07-24,free,US,2,14,13.6,2,4,33,1,f5d16425-fa84-4f59-a8d1-44390c7bc161
usr_38360a1d6c21,2026-02-07,free,DE,8,2,10.5,4,25,44,0,f5d16425-fa84-4f59-a8d1-44390c7bc161
usr_b8d4127185b7,2024-03-19,free,FR,36,12,2.7,5,18,57,0,f5d16425-fa84-4f59-a8d1-44390c7bc161
usr_670ff533a33d,2024-11-14,pro,DE,7,5,11.2,2,11,37,0,f5d16425-fa84-4f59-a8d1-44390c7bc161
usr_ece576997ba8,2024-04-05,free,FR,15,5,3.5,2,23,39,0,f5d16425-fa84-4f59-a8d1-44390c7bc161
usr_2259dafabf67,2025-10-30,enterprise,CA,41,7,11.2,0,17,13,0,f5d16425-fa84-4f59-a8d1-44390c7bc161
usr_a8733644f02c,2024-07-23,free,FR,20,5,13.4,2,16,24,0,f5d16425-fa84-4f59-a8d1-44390c7bc161
usr_cc62ea6d168f,2024-03-01,free,UK,49,8,5.6,1,17,11,0,f5d16425-fa84-4f59-a8d1-44390c7bc161
usr_04c64c8bf9e2,2025-09-28,free,UK,0,13,6.1,2,2,65,0,f5d16425-fa84-4f59-a8d1-44390c7bc161
usr_22032072edb6,2025-12-22,free,DE,1,10,18.1,0,2,92,0,f5d16425-fa84-4f59-a8d1-44390c7bc161
usr_26a2bb431a41,2024-05-18,free,FR,12,8,12.9,1,8,81,0,f5d16425-fa84-4f59-a8d1-44390c7bc161
usr_6e7da559fb34,2026-03-30,free,DE,47,4,19.7,2,20,41,0,f5d16425-fa84-4f59-a8d1-44390c7bc161
usr_27702fa3f3d7,2024-04-09,free,US,0,0,16.1,1,2,42,1,f5d16425-fa84-4f59-a8d1-44390c7bc161
usr_28f4e75b091a,2024-10-16,free,CA,35,2,1.2,3,12,13,0,f5d16425-fa84-4f59-a8d1-44390c7bc161
usr_3faa082268cc,2024-02-15,free,DE,25,13,18.8,0,11,65,0,f5d16425-fa84-4f59-a8d1-44390c7bc161
usr_080d7d864b6f,2026-02-20,free,DE,9,13,2.6,3,20,21,0,f5d16425-fa84-4f59-a8d1-44390c7bc161
usr_f30e0fb609f1,2026-02-20,pro,CA,13,12,14.3,3,18,80,0,f5d16425-fa84-4f59-a8d1-44390c7bc161
usr_7769d1cd9cc9,2025-10-02,free,FR,42,5,14.5,4,17,61,0,f5d16425-fa84-4f59-a8d1-44390c7bc161
usr_e264e9675260,2025-09-04,pro,CA,19,12,18.3,3,27,49,1,f5d16425-fa84-4f59-a8d1-44390c7bc161
usr_fd15558912a9,2025-11-16,free,UK,29,1,9.8,3,14,70,0,f5d16425-fa84-4f59-a8d1-44390c7bc161
usr_1b9966081cd8,2025-11-29,pro,DE,5,13,15.9,3,11,64,0,f5d16425-fa84-4f59-a8d1-44390c7bc161
usr_c545543d56e1,2025-08-05,pro,US,18,5,15.9,4,12,52,0,f5d16425-fa84-4f59-a8d1-44390c7bc161
usr_cdccf023153f,2024-11-05,pro,US,35,7,13.1,1,10,59,0,f5d16425-fa84-4f59-a8d1-44390c7bc161
usr_fdd473978bbf,2024-05-07,free,CA,44,13,14.1,5,2,60,0,f5d16425-fa84-4f59-a8d1-44390c7bc161
usr_9e0f07df9b45,2025-03-08,free,UK,12,3,4.8,4,2,23,0,f5d16425-fa84-4f59-a8d1-44390c7bc161
usr_60b3386d8e3b,2026-01-28,free,FR,45,6,5.5,2,24,78,0,f5d16425-fa84-4f59-a8d1-44390c7bc161
usr_14d595864ee8,2024-03-15,free,CA,45,14,4.6,5,28,94,1,f5d16425-fa84-4f59-a8d1-44390c7bc161
usr_61777e6de96d,2025-07-22,free,FR,3,8,10.1,5,5,35,0,f5d16425-fa84-4f59-a8d1-44390c7bc161
usr_e0e27ec278d9,2025-12-21,free,FR,44,14,2.0,0,3,68,0,f5d16425-fa84-4f59-a8d1-44390c7bc161
usr_c443d2a0ae34,2024-11-11,pro,DE,27,9,5.7,4,15,73,0,f5d16425-fa84-4f59-a8d1-44390c7bc161
usr_ea968f0309cd,2025-04-22,free,US,27,12,8.4,5,24,33,0,f5d16425-fa84-4f59-a8d1-44390c7bc161
usr_3b3de6359f12,2025-04-01,free,US,13,0,7.8,2,2,58,0,f5d16425-fa84-4f59-a8d1-44390c7bc161
usr_1515a8eabcd4,2025-08-17,free,UK,48,11,13.9,2,14,25,0,f5d16425-fa84-4f59-a8d1-44390c7bc161
usr_30b922ff235c,2025-02-09,pro,FR,16,2,5.0,4,24,73,0,f5d16425-fa84-4f59-a8d1-44390c7bc161
usr_067637297e35,2025-07-06,free,DE,38,5,13.5,5,18,43,0,f5d16425-fa84-4f59-a8d1-44390c7bc161
usr_77040d24c5e7,2024-01-23,free,CA,26,4,10.4,4,15,39,0,f5d16425-fa84-4f59-a8d1-44390c7bc161
usr_6cfca67abfa5,2026-03-16,pro,US,32,14,8.5,2,25,94,1,f5d16425-fa84-4f59-a8d1-44390c7bc161
usr_a604309ab461,2024-01-13,free,CA,34,4,14.1,5,12,53,0,f5d16425-fa84-4f59-a8d1-44390c7bc161
usr_cea8c1bf6b53,2025-10-25,free,US,1,1,8.7,4,28,77,0,f5d16425-fa84-4f59-a8d1-44390c7bc161
usr_ca0a77847da4,2024-01-23,free,US,37,0,12.9,1,0,30,1,f5d16425-fa84-4f59-a8d1-44390c7bc161
usr_a0096edd7a2f,2026-01-09,free,FR,38,1,5.3,3,19,33,0,f5d16425-fa84-4f59-a8d1-44390c7bc161
usr_eb07268f9a74,2025-07-03,pro,CA,27,7,2.2,3,3,50,0,f5d16425-fa84-4f59-a8d1-44390c7bc161
usr_e18b231952db,2025-08-25,free,DE,11,4,12.7,3,23,33,0,f5d16425-fa84-4f59-a8d1-44390c7bc161
usr_87197b29569d,2024-09-21,pro,DE,44,9,2.9,2,23,43,0,f5d16425-fa84-4f59-a8d1-44390c7bc161
usr_6398e8a93fb4,2024-05-02,free,FR,30,3,9.6,0,25,90,0,f5d16425-fa84-4f59-a8d1-44390c7bc161
usr_b4394885f339,2026-02-07,free,UK,31,10,18.2,4,2,48,1,f5d16425-fa84-4f59-a8d1-44390c7bc161
usr_ba10c38a2efe,2025-12-13,free,US,13,10,19.4,0,25,92,0,f5d16425-fa84-4f59-a8d1-44390c7bc161
usr_9f42897ca5d9,2024-07-24,free,DE,14,9,3.9,2,14,63,0,f5d16425-fa84-4f59-a8d1-44390c7bc161
usr_103533ad545e,2025-07-15,free,US,23,2,8.0,0,25,28,1,f5d16425-fa84-4f59-a8d1-44390c7bc161
usr_36bdf33b9f52,2025-12-06,free,CA,23,14,19.2,0,26,15,0,f5d16425-fa84-4f59-a8d1-44390c7bc161
usr_5d99bb499545,2026-03-28,free,DE,35,12,16.8,4,3,78,1,f5d16425-fa84-4f59-a8d1-44390c7bc161
usr_d96b785e3c78,2024-04-21,free,FR,5,1,20.0,1,5,90,1,f5d16425-fa84-4f59-a8d1-44390c7bc161
usr_bbf96c81bbc9,2025-02-13,pro,DE,30,12,2.4,4,2,72,0,f5d16425-fa84-4f59-a8d1-44390c7bc161
usr_3fbe6c0f3884,2024-04-19,free,US,32,2,14.2,0,15,86,1,f5d16425-fa84-4f59-a8d1-44390c7bc161
usr_3b72f7cfed15,2024-09-05,free,CA,3,1,15.1,1,8,67,0,f5d16425-fa84-4f59-a8d1-44390c7bc161
usr_a0af7142f398,2025-11-27,free,DE,39,7,4.4,4,25,46,0,f5d16425-fa84-4f59-a8d1-44390c7bc161
usr_a99b278044b7,2025-05-19,free,DE,36,1,12.0,4,2,80,0,f5d16425-fa84-4f59-a8d1-44390c7bc161
usr_e579a465e6a6,2025-10-22,pro,US,47,9,8.1,5,10,27,0,f5d16425-fa84-4f59-a8d1-44390c7bc161
usr_2fc722da310c,2024-05-16,free,CA,39,3,5.3,4,3,13,1,f5d16425-fa84-4f59-a8d1-44390c7bc161
usr_ddc50be6fcee,2025-07-06,free,DE,7,11,4.6,0,17,32,0,f5d16425-fa84-4f59-a8d1-44390c7bc161
usr_d9460fb9567f,2024-09-14,free,FR,10,9,12.6,0,3,93,0,f5d16425-fa84-4f59-a8d1-44390c7bc161
usr_0c983785cece,2024-10-02,free,FR,19,13,4.0,5,17,74,1,f5d16425-fa84-4f59-a8d1-44390c7bc161
usr_80b6b0f8720a,2026-04-27,free,UK,0,5,6.7,4,26,50,0,f5d16425-fa84-4f59-a8d1-44390c7bc161
usr_481c623ba6c1,2024-03-11,free,DE,26,13,3.8,3,4,47,0,f5d16425-fa84-4f59-a8d1-44390c7bc161
usr_c55cf4a4ebc2,2025-06-08,free,UK,11,9,2.1,3,6,49,0,f5d16425-fa84-4f59-a8d1-44390c7bc161
usr_a20561b5784b,2024-05-22,free,DE,48,4,11.0,3,17,94,0,f5d16425-fa84-4f59-a8d1-44390c7bc161
usr_1f776453cdba,2024-12-29,free,US,12,14,1.7,4,1,12,0,f5d16425-fa84-4f59-a8d1-44390c7bc161
usr_036c014dfa57,2025-11-29,enterprise,CA,11,6,12.1,0,2,70,0,f5d16425-fa84-4f59-a8d1-44390c7bc161
usr_e4e05ce1cad4,2026-01-22,pro,UK,25,6,10.1,3,3,16,0,f5d16425-fa84-4f59-a8d1-44390c7bc161
usr_882b44748699,2025-06-05,pro,FR,43,4,12.4,1,2,78,0,f5d16425-fa84-4f59-a8d1-44390c7bc161
usr_ab6f3f1e552b,2024-12-06,free,US,36,8,18.9,1,12,49,0,f5d16425-fa84-4f59-a8d1-44390c7bc161
usr_8adbd26ec4cc,2026-03-06,free,FR,17,2,13.0,0,10,13,0,f5d16425-fa84-4f59-a8d1-44390c7bc161
usr_9d49aa72dd2d,2025-11-22,free,FR,14,14,1.3,2,25,88,0,f5d16425-fa84-4f59-a8d1-44390c7bc161
usr_149abbe47cb3,2026-02-16,free,UK,43,11,15.4,4,25,68,0,f5d16425-fa84-4f59-a8d1-44390c7bc161
usr_fca1f54961ca,2026-02-05,pro,FR,3,12,2.8,0,26,36,0,f5d16425-fa84-4f59-a8d1-44390c7bc161
usr_df304e14ba49,2024-10-29,free,US,44,2,18.4,4,6,40,0,f5d16425-fa84-4f59-a8d1-44390c7bc161
usr_9d85cc9b3049,2024-10-27,free,UK,48,3,1.3,0,26,84,0,f5d16425-fa84-4f59-a8d1-44390c7bc161
usr_e12e3fae3dd2,2024-05-31,pro,DE,42,9,19.5,5,26,21,0,f5d16425-fa84-4f59-a8d1-44390c7bc161
usr_271dc4c77c0a,2025-05-25,enterprise,CA,17,14,6.1,0,29,10,0,f5d16425-fa84-4f59-a8d1-44390c7bc161
usr_9286990e991c,2024-03-13,free,FR,31,11,16.7,1,26,88,0,f5d16425-fa84-4f59-a8d1-44390c7bc161
usr_9e61a8567d89,2024-09-30,free,CA,37,8,8.9,5,7,74,0,f5d16425-fa84-4f59-a8d1-44390c7bc161
usr_7312fb10dae9,2024-06-12,free,UK,23,13,6.3,5,22,91,0,f5d16425-fa84-4f59-a8d1-44390c7bc161
usr_db93086a4e52,2025-12-03,free,UK,16,10,3.9,2,8,48,1,f5d16425-fa84-4f59-a8d1-44390c7bc161
usr_14b95ec19fe9,2024-09-24,free,DE,16,12,11.6,2,15,73,0,f5d16425-fa84-4f59-a8d1-44390c7bc161
usr_bf974df1835d,2025-12-12,free,US,11,1,4.6,2,7,43,0,f5d16425-fa84-4f59-a8d1-44390c7bc161
usr_5cf5677b68b1,2025-12-16,pro,US,43,1,11.3,0,28,41,0,f5d16425-fa84-4f59-a8d1-44390c7bc161
usr_a20e652620f6,2025-10-01,free,FR,3,0,9.6,1,17,41,0,f5d16425-fa84-4f59-a8d1-44390c7bc161
usr_6f1d4bf80d85,2025-07-08,pro,FR,14,9,15.6,2,6,15,0,f5d16425-fa84-4f59-a8d1-44390c7bc161
usr_4deda812e933,2024-03-27,free,US,21,1,8.6,2,5,81,0,f5d16425-fa84-4f59-a8d1-44390c7bc161
usr_79272fecfcb3,2025-12-02,free,DE,5,10,3.2,4,13,89,0,f5d16425-fa84-4f59-a8d1-44390c7bc161
usr_2d11dce1b30c,2025-12-01,free,CA,20,14,13.9,3,10,13,0,f5d16425-fa84-4f59-a8d1-44390c7bc161
usr_3b280dc34532,2024-09-03,pro,US,45,0,17.0,3,0,84,0,f5d16425-fa84-4f59-a8d1-44390c7bc161
usr_15634f89cc18,2026-01-07,enterprise,UK,0,7,6.4,1,12,72,0,f5d16425-fa84-4f59-a8d1-44390c7bc161
usr_0d03f7b98e12,2026-03-13,free,UK,48,2,13.3,5,20,68,0,f5d16425-fa84-4f59-a8d1-44390c7bc161
usr_ac35254280e1,2024-03-31,free,UK,20,12,7.2,1,9,73,0,f5d16425-fa84-4f59-a8d1-44390c7bc161
usr_e91fe4a94c68,2024-01-10,free,UK,40,10,12.6,5,21,88,0,f5d16425-fa84-4f59-a8d1-44390c7bc161
usr_96b67c4f05eb,2025-06-20,free,CA,28,3,16.2,2,11,66,0,f5d16425-fa84-4f59-a8d1-44390c7bc161
usr_7e58b977c512,2024-02-13,free,CA,3,7,1.1,1,14,38,0,f5d16425-fa84-4f59-a8d1-44390c7bc161
usr_0bbc0d032c32,2025-09-18,pro,DE,27,1,16.1,0,16,48,0,f5d16425-fa84-4f59-a8d1-44390c7bc161
usr_6b23ff1eaa45,2025-12-08,free,FR,8,14,13.2,2,16,34,0,f5d16425-fa84-4f59-a8d1-44390c7bc161
usr_a802eb811f08,2024-09-27,free,UK,31,10,13.0,0,8,49,0,f5d16425-fa84-4f59-a8d1-44390c7bc161
usr_c2329821ffe5,2025-12-30,free,CA,28,11,18.5,0,13,16,0,f5d16425-fa84-4f59-a8d1-44390c7bc161
usr_cea99565d833,2024-05-11,pro,FR,26,13,3.0,1,12,65,0,f5d16425-fa84-4f59-a8d1-44390c7bc161
usr_1b8fc44d2c5e,2024-11-14,free,DE,47,2,11.2,4,8,19,0,f5d16425-fa84-4f59-a8d1-44390c7bc161
usr_708ab36e7e42,2024-04-06,pro,US,16,11,13.9,3,17,29,0,f5d16425-fa84-4f59-a8d1-44390c7bc161
usr_c1b33d29f072,2024-05-16,pro,DE,34,10,8.6,3,14,45,0,f5d16425-fa84-4f59-a8d1-44390c7bc161
usr_aa5e44b65830,2024-02-21,pro,UK,6,3,6.9,4,28,93,0,f5d16425-fa84-4f59-a8d1-44390c7bc161
usr_d3c3249a7de3,2024-06-27,free,CA,36,6,12.4,4,18,64,0,f5d16425-fa84-4f59-a8d1-44390c7bc161
usr_096ee6c02392,2025-06-07,pro,UK,42,5,16.9,4,28,77,1,f5d16425-fa84-4f59-a8d1-44390c7bc161
usr_81c1ca3634fb,2024-12-19,free,US,32,8,9.8,3,18,71,0,f5d16425-fa84-4f59-a8d1-44390c7bc161
usr_74090b302f77,2025-05-28,free,US,32,13,18.4,1,7,38,0,f5d16425-fa84-4f59-a8d1-44390c7bc161
usr_9f56c1c57022,2024-09-29,pro,CA,14,3,6.8,4,4,74,0,f5d16425-fa84-4f59-a8d1-44390c7bc161
usr_ae5c11cc0bcc,2025-02-13,free,US,41,2,9.4,3,2,16,1,f5d16425-fa84-4f59-a8d1-44390c7bc161
usr_a1d8c25ad1f5,2025-05-24,free,FR,31,10,3.6,0,23,59,0,f5d16425-fa84-4f59-a8d1-44390c7bc161
usr_6111e6e6f668,2024-07-14,pro,US,38,9,9.7,0,4,50,1,f5d16425-fa84-4f59-a8d1-44390c7bc161
usr_658f86eebe81,2025-07-13,free,UK,8,13,18.9,4,11,27,0,f5d16425-fa84-4f59-a8d1-44390c7bc161
usr_7998a14efc5d,2024-05-25,free,DE,12,10,9.1,3,15,73,0,f5d16425-fa84-4f59-a8d1-44390c7bc161
usr_dabb955259db,2026-04-18,free,FR,18,9,4.9,2,15,94,0,f5d16425-fa84-4f59-a8d1-44390c7bc161
usr_61e922599fbb,2026-03-25,free,FR,38,0,13.6,4,5,33,1,f5d16425-fa84-4f59-a8d1-44390c7bc161
usr_6352f7c9772f,2025-07-25,free,US,0,14,9.1,4,0,42,0,f5d16425-fa84-4f59-a8d1-44390c7bc161
usr_1fbc862fcf3d,2024-06-22,free,US,9,7,18.7,0,9,72,0,f5d16425-fa84-4f59-a8d1-44390c7bc161
usr_51874c2a2cb9,2026-04-22,enterprise,DE,8,6,16.9,0,7,44,0,f5d16425-fa84-4f59-a8d1-44390c7bc161
usr_ceda4fbe200d,2025-03-26,free,UK,40,2,17.1,5,4,39,0,f5d16425-fa84-4f59-a8d1-44390c7bc161
usr_d0ae7655ec73,2024-11-10,pro,UK,24,1,16.4,1,13,77,0,f5d16425-fa84-4f59-a8d1-44390c7bc161
usr_f04036033989,2024-12-12,enterprise,FR,15,6,3.0,3,0,55,0,f5d16425-fa84-4f59-a8d1-44390c7bc161
usr_e00217b78c1f,2026-04-09,free,DE,29,7,11.1,5,9,77,1,f5d16425-fa84-4f59-a8d1-44390c7bc161
usr_3fe474f606b2,2024-03-08,pro,CA,17,6,12.7,0,6,21,0,f5d16425-fa84-4f59-a8d1-44390c7bc161
usr_17f480d29062,2024-08-24,pro,CA,37,13,15.9,4,24,64,0,f5d16425-fa84-4f59-a8d1-44390c7bc161
usr_62f2c45bb503,2024-05-21,free,US,25,6,11.8,5,6,11,0,f5d16425-fa84-4f59-a8d1-44390c7bc161
usr_1a94fb96d705,2025-12-29,free,US,49,3,2.0,0,13,70,0,f5d16425-fa84-4f59-a8d1-44390c7bc161
usr_21f20039781c,2024-08-05,enterprise,US,48,12,19.2,4,5,85,0,f5d16425-fa84-4f59-a8d1-44390c7bc161
usr_8bdbe15f3963,2025-12-16,pro,DE,23,9,15.5,0,17,46,0,f5d16425-fa84-4f59-a8d1-44390c7bc161
usr_55307eed47f5,2024-08-04,free,UK,44,10,1.5,2,21,27,0,f5d16425-fa84-4f59-a8d1-44390c7bc161
usr_aebc6cd16a73,2025-03-20,pro,US,28,5,10.6,2,20,58,0,f5d16425-fa84-4f59-a8d1-44390c7bc161
usr_0dddf5f10c3f,2026-02-27,free,CA,14,13,6.9,1,6,91,1,f5d16425-fa84-4f59-a8d1-44390c7bc161
usr_444f0f2677a9,2025-12-31,free,FR,15,13,19.9,3,28,58,0,f5d16425-fa84-4f59-a8d1-44390c7bc161
usr_a6405b87ebf5,2025-02-23,free,CA,29,13,19.3,4,17,34,0,f5d16425-fa84-4f59-a8d1-44390c7bc161
usr_95e24853bef7,2025-11-18,free,UK,25,3,19.3,3,8,80,0,f5d16425-fa84-4f59-a8d1-44390c7bc161
usr_7c12026a9f7c,2026-01-20,pro,US,47,9,2.8,2,18,86,0,f5d16425-fa84-4f59-a8d1-44390c7bc161
usr_c117ec4c5a45,2025-03-03,free,FR,7,12,18.2,4,15,12,0,f5d16425-fa84-4f59-a8d1-44390c7bc161
usr_a0dbd671af31,2024-04-01,free,US,2,0,13.9,2,23,41,0,f5d16425-fa84-4f59-a8d1-44390c7bc161
usr_553ec4cd1dfd,2025-04-28,free,DE,30,7,10.1,4,7,15,0,f5d16425-fa84-4f59-a8d1-44390c7bc161
usr_8f6c45fc8f3c,2024-05-26,free,FR,39,10,3.6,4,24,51,1,f5d16425-fa84-4f59-a8d1-44390c7bc161
usr_95c318d801ec,2025-10-28,free,DE,41,9,9.0,4,0,86,0,f5d16425-fa84-4f59-a8d1-44390c7bc161
usr_d0f90378b949,2025-05-21,free,UK,9,8,16.6,1,6,88,0,f5d16425-fa84-4f59-a8d1-44390c7bc161
usr_f8ebf4e66f46,2025-02-20,pro,FR,18,6,7.1,0,5,31,1,f5d16425-fa84-4f59-a8d1-44390c7bc161
usr_26e31700ad5c,2026-03-04,free,DE,30,13,15.2,2,11,69,0,f5d16425-fa84-4f59-a8d1-44390c7bc161
usr_662352fcd05b,2024-02-29,free,FR,12,14,8.0,5,14,58,0,f5d16425-fa84-4f59-a8d1-44390c7bc161
usr_3c2cb7ffbd37,2024-12-25,free,US,0,4,3.2,1,24,42,1,f5d16425-fa84-4f59-a8d1-44390c7bc161
usr_7110051d185b,2026-04-18,pro,CA,19,1,15.2,1,6,55,0,f5d16425-fa84-4f59-a8d1-44390c7bc161
usr_64d9200b2c10,2025-02-14,pro,CA,33,7,4.7,0,2,81,0,f5d16425-fa84-4f59-a8d1-44390c7bc161
usr_278d26bfb912,2024-01-19,pro,US,29,9,18.1,4,0,16,0,f5d16425-fa84-4f59-a8d1-44390c7bc161
usr_7ae4e88a2d6b,2026-04-28,free,FR,7,7,7.8,0,4,35,0,f5d16425-fa84-4f59-a8d1-44390c7bc161
usr_0d1c6f2a7d5c,2024-03-02,free,CA,35,11,3.6,4,2,51,0,f5d16425-fa84-4f59-a8d1-44390c7bc161
usr_11c61f3f794d,2024-04-13,free,US,28,9,9.1,0,12,64,0,f5d16425-fa84-4f59-a8d1-44390c7bc161
usr_e50992bc5bfe,2024-09-23,free,FR,30,4,11.8,1,17,14,0,f5d16425-fa84-4f59-a8d1-44390c7bc161
usr_e8ed457fe4a1,2025-07-19,free,CA,42,9,18.7,1,12,41,1,f5d16425-fa84-4f59-a8d1-44390c7bc161
usr_c2921b81a2db,2024-03-07,free,US,29,13,15.0,2,1,92,0,f5d16425-fa84-4f59-a8d1-44390c7bc161
usr_1171f2db1620,2024-12-27,free,UK,39,1,5.7,0,6,79,0,f5d16425-fa84-4f59-a8d1-44390c7bc161
usr_8bfb20dac95f,2025-03-03,free,US,4,5,12.0,5,29,74,0,f5d16425-fa84-4f59-a8d1-44390c7bc161
usr_e2e18b3fe5e6,2025-09-09,free,US,35,5,17.0,3,8,57,0,f5d16425-fa84-4f59-a8d1-44390c7bc161
usr_dfe371104546,2026-01-04,pro,FR,30,6,11.1,3,8,66,0,f5d16425-fa84-4f59-a8d1-44390c7bc161
usr_578547e8eab5,2026-04-06,free,US,0,3,1.3,4,10,14,0,f5d16425-fa84-4f59-a8d1-44390c7bc161
usr_c159c0400f39,2026-04-07,free,FR,45,10,2.8,4,26,30,0,f5d16425-fa84-4f59-a8d1-44390c7bc161
usr_4aba899524a3,2024-06-19,free,FR,22,4,1.2,5,28,56,0,f5d16425-fa84-4f59-a8d1-44390c7bc161
usr_87dc96abcea8,2026-03-10,pro,US,43,14,12.6,1,3,12,0,f5d16425-fa84-4f59-a8d1-44390c7bc161
usr_a58c63c9e60e,2024-02-28,pro,US,36,5,19.7,3,18,50,1,f5d16425-fa84-4f59-a8d1-44390c7bc161
usr_7b03fa5cf752,2025-05-02,enterprise,US,16,12,18.3,5,26,72,0,f5d16425-fa84-4f59-a8d1-44390c7bc161
usr_3f1c90c98959,2025-05-05,pro,DE,46,9,4.1,0,4,52,0,f5d16425-fa84-4f59-a8d1-44390c7bc161
usr_dbdcda960682,2025-09-04,free,UK,48,5,11.4,1,3,38,0,f5d16425-fa84-4f59-a8d1-44390c7bc161
usr_6f122990e177,2024-05-19,free,FR,33,11,13.8,3,0,38,0,f5d16425-fa84-4f59-a8d1-44390c7bc161
usr_eab105de3fce,2026-03-17,pro,CA,14,3,18.5,4,22,53,0,f5d16425-fa84-4f59-a8d1-44390c7bc161
usr_1f0351455ac0,2024-09-23,free,US,16,6,7.0,1,27,62,1,f5d16425-fa84-4f59-a8d1-44390c7bc161
usr_3c9e0a60f954,2024-12-03,pro,US,40,10,4.9,3,28,37,0,f5d16425-fa84-4f59-a8d1-44390c7bc161
usr_68945f16d48d,2024-04-30,free,CA,24,7,10.4,2,10,14,0,f5d16425-fa84-4f59-a8d1-44390c7bc161
usr_a17034b558b0,2024-04-10,free,DE,1,7,2.5,0,5,44,1,f5d16425-fa84-4f59-a8d1-44390c7bc161
usr_db44f83a41d5,2025-09-24,free,DE,23,5,14.0,0,19,19,0,f5d16425-fa84-4f59-a8d1-44390c7bc161
usr_4839dfad20ae,2024-09-17,pro,UK,31,14,9.0,3,9,29,0,f5d16425-fa84-4f59-a8d1-44390c7bc161
usr_02c3e1e8c3ba,2025-10-13,free,US,42,4,4.7,0,29,27,1,f5d16425-fa84-4f59-a8d1-44390c7bc161
usr_67bdf8c3f663,2024-07-09,free,CA,12,3,11.4,1,22,81,0,f5d16425-fa84-4f59-a8d1-44390c7bc161
usr_fa097c0d3dc6,2024-07-22,free,DE,15,11,14.5,5,27,57,0,f5d16425-fa84-4f59-a8d1-44390c7bc161
usr_55374818621c,2025-08-12,free,US,31,8,7.0,4,11,20,0,f5d16425-fa84-4f59-a8d1-44390c7bc161
usr_93146e2b6e75,2024-05-16,free,FR,1,4,17.3,1,25,59,0,f5d16425-fa84-4f59-a8d1-44390c7bc161
usr_f7674308f69a,2024-12-30,pro,UK,48,1,14.7,2,18,19,1,f5d16425-fa84-4f59-a8d1-44390c7bc161
usr_717868485998,2024-06-10,pro,US,43,2,16.3,5,23,13,0,f5d16425-fa84-4f59-a8d1-44390c7bc161
usr_5cc2f8589fd8,2026-03-14,pro,UK,34,8,13.2,3,11,90,1,f5d16425-fa84-4f59-a8d1-44390c7bc161
usr_307dc686522b,2024-11-22,free,UK,23,7,9.7,3,6,12,0,f5d16425-fa84-4f59-a8d1-44390c7bc161
usr_9914f9cef1b2,2026-02-12,free,US,12,10,15.6,1,16,87,0,f5d16425-fa84-4f59-a8d1-44390c7bc161
usr_eaf56315b125,2024-07-11,free,UK,28,3,15.8,0,10,60,0,f5d16425-fa84-4f59-a8d1-44390c7bc161
usr_71fa48d37445,2025-04-17,free,DE,47,7,12.1,2,12,63,0,f5d16425-fa84-4f59-a8d1-44390c7bc161
usr_ca8bef387986,2025-12-11,free,CA,19,13,3.6,2,9,59,0,f5d16425-fa84-4f59-a8d1-44390c7bc161
usr_930ba24494d6,2024-06-11,free,US,49,8,13.8,0,26,66,0,f5d16425-fa84-4f59-a8d1-44390c7bc161
usr_90490fcfa3aa,2025-04-17,enterprise,UK,19,3,16.5,1,13,58,0,f5d16425-fa84-4f59-a8d1-44390c7bc161
usr_55aa77f5e920,2024-04-07,free,US,40,6,2.8,0,1,51,0,f5d16425-fa84-4f59-a8d1-44390c7bc161
usr_0dc422fcbfa8,2025-06-04,free,DE,24,1,4.7,4,6,84,0,f5d16425-fa84-4f59-a8d1-44390c7bc161
usr_a8f1a8dadd6d,2024-04-28,free,CA,1,4,14.1,1,2,62,0,f5d16425-fa84-4f59-a8d1-44390c7bc161
usr_17b795825a45,2024-03-14,pro,DE,14,4,11.8,4,21,32,0,f5d16425-fa84-4f59-a8d1-44390c7bc161
usr_92d240089724,2024-05-04,free,CA,15,14,8.2,0,21,70,0,f5d16425-fa84-4f59-a8d1-44390c7bc161
usr_9b720fb79c59,2025-09-11,free,UK,20,12,4.4,5,16,77,0,f5d16425-fa84-4f59-a8d1-44390c7bc161
usr_620b2bec2c72,2024-09-24,free,CA,2,1,18.8,2,2,29,0,f5d16425-fa84-4f59-a8d1-44390c7bc161
usr_e07cb701d49f,2024-05-03,pro,FR,28,4,4.2,1,5,32,0,f5d16425-fa84-4f59-a8d1-44390c7bc161
usr_bd080be0108d,2026-01-31,free,US,29,10,5.8,4,4,59,0,f5d16425-fa84-4f59-a8d1-44390c7bc161
usr_d964699c08ce,2024-07-17,free,UK,49,3,12.9,1,23,58,1,f5d16425-fa84-4f59-a8d1-44390c7bc161
usr_a64334300df0,2024-09-27,free,DE,19,0,3.8,0,16,19,0,f5d16425-fa84-4f59-a8d1-44390c7bc161
usr_3b892037e37b,2025-02-18,free,US,35,0,5.0,2,16,32,0,f5d16425-fa84-4f59-a8d1-44390c7bc161
usr_a55a932696d2,2025-03-30,pro,UK,49,2,11.2,3,21,62,0,f5d16425-fa84-4f59-a8d1-44390c7bc161
usr_7daed97d8316,2024-08-21,free,CA,15,5,9.9,1,7,64,0,f5d16425-fa84-4f59-a8d1-44390c7bc161
usr_5921dac3ae2f,2025-11-24,free,US,20,13,15.7,0,0,90,0,f5d16425-fa84-4f59-a8d1-44390c7bc161
usr_8fad1a301984,2024-05-12,free,US,48,11,15.8,3,9,63,0,f5d16425-fa84-4f59-a8d1-44390c7bc161
usr_1f56e859fc0a,2025-05-24,free,UK,25,4,18.9,1,14,87,0,f5d16425-fa84-4f59-a8d1-44390c7bc161
usr_fd3e030fcf67,2025-09-02,free,US,21,6,11.8,3,9,69,0,f5d16425-fa84-4f59-a8d1-44390c7bc161
usr_9abe9678e12d,2024-02-08,free,CA,42,3,6.8,3,4,63,0,f5d16425-fa84-4f59-a8d1-44390c7bc161
usr_0cd694f02444,2024-02-20,free,US,14,1,18.7,2,20,15,0,f5d16425-fa84-4f59-a8d1-44390c7bc161
usr_bfc0a2665654,2025-12-18,free,CA,16,12,19.9,2,1,29,0,f5d16425-fa84-4f59-a8d1-44390c7bc161
usr_3214be17409c,2024-02-21,free,FR,33,14,8.1,5,23,80,1,f5d16425-fa84-4f59-a8d1-44390c7bc161
usr_60608b0a864c,2024-09-19,free,UK,40,1,19.8,3,2,43,1,f5d16425-fa84-4f59-a8d1-44390c7bc161
usr_824ce00a4d7a,2026-01-02,free,DE,24,2,3.8,1,23,86,0,f5d16425-fa84-4f59-a8d1-44390c7bc161
usr_a7afa0ca1896,2025-01-04,free,UK,29,12,14.5,5,7,50,0,f5d16425-fa84-4f59-a8d1-44390c7bc161
usr_e4f6b6a9dcfd,2025-11-28,free,DE,32,12,12.4,1,23,15,1,f5d16425-fa84-4f59-a8d1-44390c7bc161
usr_9cb5ffdce55f,2025-12-20,free,UK,34,11,19.0,4,17,36,0,f5d16425-fa84-4f59-a8d1-44390c7bc161
usr_dcaf6b036cd5,2025-05-11,free,DE,45,0,7.7,5,29,67,0,f5d16425-fa84-4f59-a8d1-44390c7bc161
usr_171a68ed1db4,2025-04-09,free,CA,40,13,19.4,1,13,90,1,f5d16425-fa84-4f59-a8d1-44390c7bc161
usr_de79d76f64a3,2025-12-10,free,UK,39,5,11.4,1,15,40,0,f5d16425-fa84-4f59-a8d1-44390c7bc161
usr_5dea3e616ca2,2024-07-27,free,UK,2,2,16.1,3,29,48,0,f5d16425-fa84-4f59-a8d1-44390c7bc161
usr_4fd9631c9132,2025-06-13,free,UK,49,12,19.8,5,13,52,0,f5d16425-fa84-4f59-a8d1-44390c7bc161
usr_647a7bcd6c8d,2024-08-27,pro,FR,28,8,11.4,4,16,40,0,f5d16425-fa84-4f59-a8d1-44390c7bc161
usr_891439569ead,2024-10-07,pro,US,10,1,17.9,4,9,62,0,f5d16425-fa84-4f59-a8d1-44390c7bc161
usr_005889cdbe9b,2024-03-17,free,FR,13,11,2.7,5,22,60,0,f5d16425-fa84-4f59-a8d1-44390c7bc161
usr_3cff1446dd8a,2024-06-25,free,UK,34,3,10.6,3,14,82,0,f5d16425-fa84-4f59-a8d1-44390c7bc161
usr_616ab64c16dd,2025-08-03,free,US,35,10,15.2,5,3,37,0,f5d16425-fa84-4f59-a8d1-44390c7bc161
usr_693060b7b23c,2026-02-26,free,US,5,5,16.9,3,4,87,0,f5d16425-fa84-4f59-a8d1-44390c7bc161
usr_369ff1d05ff0,2024-08-21,free,FR,30,7,13.7,4,27,42,0,f5d16425-fa84-4f59-a8d1-44390c7bc161
usr_cf15273c9914,2025-10-24,free,US,9,14,17.7,0,24,17,0,f5d16425-fa84-4f59-a8d1-44390c7bc161
usr_64d57ef8fafb,2025-03-03,pro,DE,18,12,5.2,2,6,93,0,f5d16425-fa84-4f59-a8d1-44390c7bc161
usr_7a9f6b521ce1,2026-02-08,free,DE,15,0,5.7,3,18,46,0,f5d16425-fa84-4f59-a8d1-44390c7bc161
usr_0a07235c8143,2025-11-28,free,DE,4,11,13.2,4,6,18,0,f5d16425-fa84-4f59-a8d1-44390c7bc161
usr_04eb6245fbf9,2024-01-18,free,UK,33,3,7.0,1,19,90,0,f5d16425-fa84-4f59-a8d1-44390c7bc161
usr_bbf851f17f67,2025-08-15,free,DE,5,4,4.5,5,13,50,0,f5d16425-fa84-4f59-a8d1-44390c7bc161
usr_fcb6e4ee4e17,2024-05-26,enterprise,UK,24,5,12.3,0,29,52,0,f5d16425-fa84-4f59-a8d1-44390c7bc161
usr_7be3b818c067,2026-02-05,free,FR,22,2,3.1,3,1,73,1,f5d16425-fa84-4f59-a8d1-44390c7bc161
usr_73c42e94a967,2025-02-14,pro,UK,34,2,11.3,3,29,40,0,f5d16425-fa84-4f59-a8d1-44390c7bc161
usr_5288ef4854d4,2025-10-13,free,DE,26,1,3.1,0,11,68,0,f5d16425-fa84-4f59-a8d1-44390c7bc161
usr_16fa724e90ed,2024-12-15,pro,FR,16,5,15.2,2,12,90,0,f5d16425-fa84-4f59-a8d1-44390c7bc161
usr_4fd81a518e26,2025-08-05,pro,DE,15,8,4.0,2,9,64,0,f5d16425-fa84-4f59-a8d1-44390c7bc161
usr_d0e71d7ff251,2026-04-12,free,DE,15,14,5.7,1,26,84,0,f5d16425-fa84-4f59-a8d1-44390c7bc161
usr_d84f0e54420e,2024-07-18,free,FR,25,11,7.5,4,14,55,0,f5d16425-fa84-4f59-a8d1-44390c7bc161
usr_413d28c45fab,2024-08-25,free,FR,21,5,3.3,3,4,70,0,f5d16425-fa84-4f59-a8d1-44390c7bc161
usr_e05033790415,2026-03-04,free,US,20,14,8.2,3,1,89,1,f5d16425-fa84-4f59-a8d1-44390c7bc161
usr_7bcf3af80456,2024-07-15,free,DE,34,0,5.4,5,28,92,0,f5d16425-fa84-4f59-a8d1-44390c7bc161
usr_53636174f1cb,2024-10-24,free,FR,22,11,4.7,4,2,49,0,f5d16425-fa84-4f59-a8d1-44390c7bc161
usr_4a74efd3616a,2024-06-19,free,DE,33,8,10.0,5,23,29,0,f5d16425-fa84-4f59-a8d1-44390c7bc161
usr_de6f6a5da1b5,2025-01-04,free,UK,21,12,17.3,2,9,39,0,f5d16425-fa84-4f59-a8d1-44390c7bc161
usr_ea70c38005a9,2024-10-03,pro,CA,38,9,18.1,2,19,81,1,f5d16425-fa84-4f59-a8d1-44390c7bc161
usr_fbed29ec9870,2024-07-31,free,DE,0,5,14.1,3,21,85,0,f5d16425-fa84-4f59-a8d1-44390c7bc161
usr_2f50afc96f0c,2024-04-24,free,US,26,1,5.1,5,18,30,0,f5d16425-fa84-4f59-a8d1-44390c7bc161
usr_a9520535f822,2025-02-15,pro,FR,19,2,17.1,1,13,55,0,f5d16425-fa84-4f59-a8d1-44390c7bc161
usr_c1785530ce3f,2024-11-11,free,FR,42,3,19.0,4,10,94,0,f5d16425-fa84-4f59-a8d1-44390c7bc161
usr_a9660c128ef7,2025-08-15,free,CA,26,8,15.3,5,1,20,0,f5d16425-fa84-4f59-a8d1-44390c7bc161
usr_5a652c88d73b,2025-10-01,free,DE,33,11,2.3,1,20,35,1,f5d16425-fa84-4f59-a8d1-44390c7bc161
usr_6b89f1686c33,2024-06-03,free,FR,16,8,13.5,0,4,17,0,f5d16425-fa84-4f59-a8d1-44390c7bc161
usr_8b5a2c50469d,2025-01-02,pro,CA,0,8,12.1,5,13,13,0,f5d16425-fa84-4f59-a8d1-44390c7bc161
usr_ac188f4d1b9b,2026-04-15,pro,FR,30,9,4.1,1,14,40,0,f5d16425-fa84-4f59-a8d1-44390c7bc161
usr_01bb51252bbb,2024-09-20,free,UK,29,1,1.1,0,12,19,0,f5d16425-fa84-4f59-a8d1-44390c7bc161
usr_e9d2e24ab42c,2025-06-26,free,CA,2,9,2.4,1,1,70,0,f5d16425-fa84-4f59-a8d1-44390c7bc161
usr_c74742592017,2025-10-11,pro,FR,35,8,13.9,0,12,73,0,f5d16425-fa84-4f59-a8d1-44390c7bc161
usr_70886ee06db9,2024-10-07,free,CA,33,5,4.8,2,20,45,0,f5d16425-fa84-4f59-a8d1-44390c7bc161
usr_3b76ad7d6590,2025-01-07,free,CA,9,4,2.8,2,21,88,0,f5d16425-fa84-4f59-a8d1-44390c7bc161
usr_6fc08958a0fe,2024-06-01,enterprise,UK,38,7,4.7,0,11,50,0,f5d16425-fa84-4f59-a8d1-44390c7bc161
usr_4222381952a6,2025-09-02,free,DE,2,11,19.5,1,2,55,1,f5d16425-fa84-4f59-a8d1-44390c7bc161
usr_0ada30244cc7,2026-02-13,enterprise,DE,24,6,1.1,4,9,93,0,f5d16425-fa84-4f59-a8d1-44390c7bc161
usr_5516b4bbfa83,2024-05-29,free,US,26,13,10.6,4,26,44,0,f5d16425-fa84-4f59-a8d1-44390c7bc161
usr_41599ba4fe63,2026-04-03,free,FR,49,8,1.2,5,3,24,1,f5d16425-fa84-4f59-a8d1-44390c7bc161
usr_504b5378cbe4,2024-01-25,pro,CA,20,4,17.4,3,18,73,0,f5d16425-fa84-4f59-a8d1-44390c7bc161
usr_3b2f64827c03,2026-01-15,free,US,39,13,13.2,4,2,48,1,f5d16425-fa84-4f59-a8d1-44390c7bc161
usr_676e94673140,2025-02-04,free,FR,21,7,1.1,2,7,59,0,f5d16425-fa84-4f59-a8d1-44390c7bc161
usr_407569aa1dba,2025-05-05,free,FR,11,8,4.7,3,28,93,0,f5d16425-fa84-4f59-a8d1-44390c7bc161
usr_8a2712aab599,2025-01-06,free,DE,18,6,6.8,4,1,67,1,f5d16425-fa84-4f59-a8d1-44390c7bc161
usr_385cf65d1be1,2024-10-26,free,CA,9,10,10.2,2,24,10,0,f5d16425-fa84-4f59-a8d1-44390c7bc161
usr_66b2da93f03d,2024-03-24,free,FR,34,1,10.1,5,10,45,1,f5d16425-fa84-4f59-a8d1-44390c7bc161
usr_89dddbf11ca4,2025-04-29,free,FR,49,12,8.8,2,20,75,0,f5d16425-fa84-4f59-a8d1-44390c7bc161
usr_f8ff34eebac1,2024-05-04,pro,US,49,4,18.6,2,0,53,1,f5d16425-fa84-4f59-a8d1-44390c7bc161
usr_136d8c95b28b,2024-12-16,pro,UK,17,9,13.3,0,22,42,0,f5d16425-fa84-4f59-a8d1-44390c7bc161
usr_00c0c2bab718,2025-07-08,free,UK,30,0,8.5,0,10,85,0,f5d16425-fa84-4f59-a8d1-44390c7bc161
usr_0fd46f516ba7,2025-07-31,free,FR,16,8,5.1,4,13,84,0,f5d16425-fa84-4f59-a8d1-44390c7bc161
usr_0bbee28763ce,2024-02-15,enterprise,US,48,7,8.7,1,15,62,0,f5d16425-fa84-4f59-a8d1-44390c7bc161
usr_71b0509dde13,2024-08-23,pro,US,7,4,12.7,2,12,90,0,f5d16425-fa84-4f59-a8d1-44390c7bc161
usr_2ad56d6b3adc,2024-11-28,pro,FR,7,0,9.5,4,28,54,0,f5d16425-fa84-4f59-a8d1-44390c7bc161
usr_dce405588cf6,2025-09-09,free,FR,43,6,7.0,5,1,86,0,f5d16425-fa84-4f59-a8d1-44390c7bc161
usr_b0d4f1be8ebf,2026-03-21,free,DE,14,12,12.9,3,16,35,0,f5d16425-fa84-4f59-a8d1-44390c7bc161
usr_ebc6f73e846d,2025-10-24,free,DE,35,4,17.4,4,25,12,0,f5d16425-fa84-4f59-a8d1-44390c7bc161
usr_6609d8cad6ab,2025-08-26,free,UK,29,7,7.2,4,22,81,1,f5d16425-fa84-4f59-a8d1-44390c7bc161
usr_b5f3d4dfaee3,2024-03-07,free,US,33,2,2.0,2,2,21,0,f5d16425-fa84-4f59-a8d1-44390c7bc161
usr_408b769b7c4d,2025-06-07,pro,UK,7,10,19.8,1,2,41,0,f5d16425-fa84-4f59-a8d1-44390c7bc161
usr_cc0cccaf5ad3,2024-04-11,pro,CA,34,10,10.8,2,11,55,1,f5d16425-fa84-4f59-a8d1-44390c7bc161
usr_4937a6cc888e,2024-09-10,free,US,5,14,9.4,2,7,81,0,f5d16425-fa84-4f59-a8d1-44390c7bc161
usr_18982d771171,2025-10-08,pro,US,47,8,10.3,1,25,65,0,f5d16425-fa84-4f59-a8d1-44390c7bc161
usr_0a7b412a2837,2024-11-01,pro,DE,32,3,6.3,0,29,24,0,f5d16425-fa84-4f59-a8d1-44390c7bc161
usr_4b37ca0fbeda,2024-12-21,pro,UK,39,9,9.9,3,8,33,0,f5d16425-fa84-4f59-a8d1-44390c7bc161
usr_ac2a3ee4c0e5,2024-06-05,pro,DE,28,11,8.1,3,27,57,0,f5d16425-fa84-4f59-a8d1-44390c7bc161
usr_2aff2ca317b8,2025-10-07,free,CA,49,6,4.0,3,20,63,0,f5d16425-fa84-4f59-a8d1-44390c7bc161
usr_5d25239d44a2,2024-08-31,free,CA,13,7,8.4,2,12,57,0,f5d16425-fa84-4f59-a8d1-44390c7bc161
usr_2929b796e494,2024-09-01,pro,DE,1,6,15.2,1,26,81,0,f5d16425-fa84-4f59-a8d1-44390c7bc161
usr_dbb3a361d0a8,2024-06-25,free,CA,26,2,13.2,4,7,20,0,f5d16425-fa84-4f59-a8d1-44390c7bc161
usr_e472792ec68e,2024-05-08,free,UK,47,13,13.1,2,12,53,0,f5d16425-fa84-4f59-a8d1-44390c7bc161
usr_6c56e4f62ffe,2024-02-24,free,DE,4,9,11.9,0,12,40,0,f5d16425-fa84-4f59-a8d1-44390c7bc161
usr_dc54e53fa839,2025-01-02,free,DE,34,10,16.6,1,16,86,0,f5d16425-fa84-4f59-a8d1-44390c7bc161
usr_6357ad735c96,2024-05-16,pro,UK,6,6,13.1,4,10,13,1,f5d16425-fa84-4f59-a8d1-44390c7bc161
usr_fdc96526adfa,2024-03-23,pro,DE,38,12,15.8,0,2,76,0,f5d16425-fa84-4f59-a8d1-44390c7bc161
usr_00b03c96bf20,2024-05-06,free,UK,32,0,2.1,5,6,15,0,f5d16425-fa84-4f59-a8d1-44390c7bc161
usr_57e7f58b122e,2025-09-02,enterprise,UK,37,8,19.6,0,0,79,1,f5d16425-fa84-4f59-a8d1-44390c7bc161
usr_bd1a2b7ed012,2025-02-04,pro,US,4,4,16.2,0,17,81,0,f5d16425-fa84-4f59-a8d1-44390c7bc161
usr_b3c0ea740495,2025-01-06,free,CA,0,1,18.5,3,15,54,0,f5d16425-fa84-4f59-a8d1-44390c7bc161
usr_abf7b0b442c7,2026-03-06,free,US,43,7,6.6,3,27,69,0,f5d16425-fa84-4f59-a8d1-44390c7bc161
usr_247ff18464bb,2024-11-26,pro,US,47,9,14.7,4,16,25,0,f5d16425-fa84-4f59-a8d1-44390c7bc161
usr_0e39b8d87024,2024-06-07,free,CA,3,8,16.4,4,4,28,0,f5d16425-fa84-4f59-a8d1-44390c7bc161
usr_deedc2b041f4,2025-07-16,pro,DE,27,7,6.8,2,6,20,0,f5d16425-fa84-4f59-a8d1-44390c7bc161
usr_7609c62e126c,2024-06-09,free,CA,23,5,2.4,2,27,17,0,f5d16425-fa84-4f59-a8d1-44390c7bc161
usr_cda71a88dbcd,2025-11-15,pro,DE,25,10,3.4,3,11,48,1,f5d16425-fa84-4f59-a8d1-44390c7bc161
usr_43095a6006aa,2025-10-11,free,FR,2,11,7.8,4,3,61,1,f5d16425-fa84-4f59-a8d1-44390c7bc161
usr_e7e249b89d2c,2024-05-15,pro,UK,17,12,7.2,2,21,42,0,f5d16425-fa84-4f59-a8d1-44390c7bc161
usr_9abcb48e6172,2025-09-29,free,CA,34,8,19.1,1,4,89,1,f5d16425-fa84-4f59-a8d1-44390c7bc161
usr_8f1ca6110ff9,2025-08-18,free,CA,21,10,17.0,0,28,55,0,f5d16425-fa84-4f59-a8d1-44390c7bc161
usr_c514c8eb406b,2026-04-03,free,FR,36,4,2.1,1,4,41,0,f5d16425-fa84-4f59-a8d1-44390c7bc161
usr_676832805934,2024-04-12,pro,UK,39,10,2.3,1,5,61,0,f5d16425-fa84-4f59-a8d1-44390c7bc161
usr_3c6d71607913,2025-07-18,free,DE,42,14,18.1,2,25,15,0,f5d16425-fa84-4f59-a8d1-44390c7bc161
usr_2f4a5ae1d0b8,2026-04-29,free,US,30,12,16.7,4,1,18,0,f5d16425-fa84-4f59-a8d1-44390c7bc161
usr_a89971d2a108,2026-03-22,free,UK,15,13,8.2,5,10,63,1,f5d16425-fa84-4f59-a8d1-44390c7bc161
usr_c7ae7341e79f,2025-11-01,pro,US,18,0,18.5,0,17,32,0,f5d16425-fa84-4f59-a8d1-44390c7bc161
usr_7355f4eda683,2024-07-21,free,DE,46,0,8.7,5,3,30,1,f5d16425-fa84-4f59-a8d1-44390c7bc161
usr_1bc3fd9e44c0,2026-01-31,pro,UK,6,8,10.1,0,16,32,0,f5d16425-fa84-4f59-a8d1-44390c7bc161
usr_0786f14b6955,2025-03-21,free,CA,19,7,8.6,5,29,74,0,f5d16425-fa84-4f59-a8d1-44390c7bc161
usr_6d691c84b82b,2024-05-08,free,US,9,2,5.7,1,12,57,0,f5d16425-fa84-4f59-a8d1-44390c7bc161
usr_7b1264c1965d,2024-02-17,free,US,16,4,4.8,5,8,91,0,f5d16425-fa84-4f59-a8d1-44390c7bc161
usr_684b2c1122ac,2025-02-13,free,DE,47,12,6.4,4,26,22,0,f5d16425-fa84-4f59-a8d1-44390c7bc161
usr_9dfc719057d4,2025-11-25,free,FR,26,7,1.7,4,26,75,1,f5d16425-fa84-4f59-a8d1-44390c7bc161
usr_363e6a2e5c42,2025-10-02,pro,DE,6,2,11.3,3,23,90,0,f5d16425-fa84-4f59-a8d1-44390c7bc161
usr_448bc0a32364,2025-11-29,pro,US,31,12,18.4,4,11,10,1,f5d16425-fa84-4f59-a8d1-44390c7bc161
usr_c34429ee528a,2025-06-01,free,CA,38,6,3.4,3,14,80,0,f5d16425-fa84-4f59-a8d1-44390c7bc161
usr_abcc4f1bd202,2025-08-03,free,DE,30,12,5.2,2,8,68,0,f5d16425-fa84-4f59-a8d1-44390c7bc161
usr_0a08d48e98d0,2026-03-25,pro,UK,44,3,4.8,3,24,62,0,f5d16425-fa84-4f59-a8d1-44390c7bc161
usr_c33b9e6b19c2,2025-01-12,free,UK,3,4,12.9,0,15,37,0,f5d16425-fa84-4f59-a8d1-44390c7bc161
usr_d0e7f86a4ed2,2026-03-29,free,FR,0,12,11.5,3,10,13,0,f5d16425-fa84-4f59-a8d1-44390c7bc161
usr_77fc5a203220,2025-03-16,free,CA,7,5,1.2,5,19,46,1,f5d16425-fa84-4f59-a8d1-44390c7bc161
usr_79606d2159cd,2024-12-20,free,CA,27,10,17.4,2,10,88,0,f5d16425-fa84-4f59-a8d1-44390c7bc161
usr_847a164a22da,2024-02-08,free,CA,49,3,7.3,2,2,62,0,f5d16425-fa84-4f59-a8d1-44390c7bc161
usr_3c2331bf870d,2025-08-03,free,FR,25,3,6.4,1,0,82,0,f5d16425-fa84-4f59-a8d1-44390c7bc161
usr_33e7fa597f1f,2025-09-16,free,DE,24,5,9.3,5,4,87,1,f5d16425-fa84-4f59-a8d1-44390c7bc161
usr_a58113f55bb4,2025-12-12,pro,UK,37,12,1.7,4,4,87,0,f5d16425-fa84-4f59-a8d1-44390c7bc161
usr_93ac390755cb,2025-12-24,enterprise,CA,40,9,9.6,3,1,18,0,f5d16425-fa84-4f59-a8d1-44390c7bc161
usr_c1e0a1ef6e1d,2024-10-16,free,CA,39,8,5.3,5,15,88,0,f5d16425-fa84-4f59-a8d1-44390c7bc161
usr_7431e4589a46,2024-10-05,free,US,13,9,6.8,0,11,67,0,f5d16425-fa84-4f59-a8d1-44390c7bc161
usr_c8adfbda4953,2026-02-28,free,US,25,11,11.3,3,24,21,0,f5d16425-fa84-4f59-a8d1-44390c7bc161
usr_21531d3acfba,2025-09-08,pro,DE,42,13,17.1,0,0,80,0,f5d16425-fa84-4f59-a8d1-44390c7bc161
usr_72a65d6c079f,2025-02-09,free,US,15,10,12.3,3,14,90,1,f5d16425-fa84-4f59-a8d1-44390c7bc161
usr_9ae1ebf04474,2025-09-10,free,FR,36,12,15.6,1,2,49,0,f5d16425-fa84-4f59-a8d1-44390c7bc161
usr_623b4ac045ee,2024-01-31,free,CA,27,10,8.5,3,19,77,0,f5d16425-fa84-4f59-a8d1-44390c7bc161
usr_85fe6a7e00a6,2025-07-02,enterprise,DE,20,11,5.0,2,27,19,0,f5d16425-fa84-4f59-a8d1-44390c7bc161
usr_86da577e403e,2026-04-11,pro,US,18,10,19.7,0,23,33,0,f5d16425-fa84-4f59-a8d1-44390c7bc161
usr_8a22159953fa,2024-12-31,pro,DE,26,9,9.6,2,4,13,1,f5d16425-fa84-4f59-a8d1-44390c7bc161
usr_dcc97167eb96,2024-08-05,free,US,19,13,14.3,4,3,56,1,f5d16425-fa84-4f59-a8d1-44390c7bc161
usr_54d53ee50167,2025-06-08,pro,UK,24,13,11.2,3,2,33,0,f5d16425-fa84-4f59-a8d1-44390c7bc161
usr_4cae8b988668,2025-04-20,free,DE,9,3,16.0,4,24,62,0,f5d16425-fa84-4f59-a8d1-44390c7bc161
usr_0ba5b1a716a7,2024-05-15,free,FR,31,10,17.6,1,27,63,0,f5d16425-fa84-4f59-a8d1-44390c7bc161
usr_41ab4c628d66,2024-03-25,enterprise,UK,25,10,15.6,2,12,20,0,f5d16425-fa84-4f59-a8d1-44390c7bc161
usr_c5739a66696c,2024-08-02,free,US,20,10,6.5,0,21,79,0,f5d16425-fa84-4f59-a8d1-44390c7bc161
usr_96f3e6519d5e,2024-09-28,pro,DE,0,12,6.6,2,12,84,0,f5d16425-fa84-4f59-a8d1-44390c7bc161
usr_821cfbd495be,2024-02-18,pro,US,11,6,15.4,5,28,45,0,f5d16425-fa84-4f59-a8d1-44390c7bc161
usr_ddae7faceb81,2024-08-23,free,DE,6,3,10.9,2,4,91,0,f5d16425-fa84-4f59-a8d1-44390c7bc161
usr_9f6932f47c59,2024-09-16,free,UK,5,6,11.2,0,0,79,0,f5d16425-fa84-4f59-a8d1-44390c7bc161
usr_00c684ad3011,2024-08-06,free,CA,40,2,14.8,2,13,74,0,f5d16425-fa84-4f59-a8d1-44390c7bc161
usr_a1013c10867f,2025-07-05,free,UK,28,4,7.4,1,19,48,0,f5d16425-fa84-4f59-a8d1-44390c7bc161
usr_60afd1801c6b,2026-02-21,free,DE,13,4,16.5,2,21,39,0,f5d16425-fa84-4f59-a8d1-44390c7bc161
usr_8afe761fa605,2025-07-30,pro,US,27,11,10.4,3,13,49,0,f5d16425-fa84-4f59-a8d1-44390c7bc161
usr_282144dd9c40,2024-10-09,free,FR,29,1,15.2,3,9,83,0,f5d16425-fa84-4f59-a8d1-44390c7bc161
usr_0c0e379e24bb,2026-04-06,pro,US,38,5,14.8,2,25,87,0,f5d16425-fa84-4f59-a8d1-44390c7bc161
usr_765e5a02d54e,2025-02-06,free,DE,17,14,12.6,4,28,17,0,f5d16425-fa84-4f59-a8d1-44390c7bc161
usr_c2d5e1926a65,2024-07-03,free,UK,28,11,13.5,1,22,14,0,f5d16425-fa84-4f59-a8d1-44390c7bc161
usr_a56bd7c60471,2025-01-19,free,FR,4,9,13.9,4,14,74,0,f5d16425-fa84-4f59-a8d1-44390c7bc161
usr_54f1fd2b979d,2024-01-02,free,US,6,1,4.5,0,28,24,0,f5d16425-fa84-4f59-a8d1-44390c7bc161
usr_44ae58d830b3,2025-06-02,free,UK,35,5,12.1,5,14,54,1,f5d16425-fa84-4f59-a8d1-44390c7bc161
usr_b08f51ce356e,2024-08-31,free,CA,40,14,10.5,3,16,55,0,f5d16425-fa84-4f59-a8d1-44390c7bc161
usr_0bc17b95cac9,2024-10-12,pro,DE,47,12,10.0,4,10,12,0,f5d16425-fa84-4f59-a8d1-44390c7bc161
usr_825ad1856148,2026-02-01,pro,FR,43,0,17.5,4,12,32,0,f5d16425-fa84-4f59-a8d1-44390c7bc161
usr_0729e5b8c1fa,2024-04-22,pro,FR,48,1,8.8,1,10,15,0,f5d16425-fa84-4f59-a8d1-44390c7bc161
usr_8bcdc81cef36,2025-08-28,free,US,48,0,3.8,3,20,12,0,f5d16425-fa84-4f59-a8d1-44390c7bc161
usr_8ddf93d72c8f,2024-04-14,free,CA,47,8,17.7,3,25,43,0,f5d16425-fa84-4f59-a8d1-44390c7bc161
usr_c0c5bc938d67,2024-09-16,free,CA,14,2,19.6,5,7,41,0,f5d16425-fa84-4f59-a8d1-44390c7bc161
usr_9a676ed642d5,2025-12-10,free,CA,35,10,8.3,5,27,45,0,f5d16425-fa84-4f59-a8d1-44390c7bc161
usr_9d74a84f2771,2024-10-19,free,DE,11,4,17.6,5,15,31,0,f5d16425-fa84-4f59-a8d1-44390c7bc161
usr_af5c76ad19fa,2025-05-10,free,US,28,9,11.8,0,12,57,1,f5d16425-fa84-4f59-a8d1-44390c7bc161
usr_2d07619a7ece,2025-11-15,pro,FR,12,3,1.6,1,28,45,0,f5d16425-fa84-4f59-a8d1-44390c7bc161
usr_6ec09dad0673,2025-06-15,pro,CA,11,2,15.8,2,27,94,0,f5d16425-fa84-4f59-a8d1-44390c7bc161
usr_f9846113c210,2025-08-08,pro,UK,7,5,17.8,2,24,81,0,f5d16425-fa84-4f59-a8d1-44390c7bc161
usr_0924dbb19576,2026-02-04,free,UK,2,10,9.3,2,4,82,0,f5d16425-fa84-4f59-a8d1-44390c7bc161
usr_aaa44599f39f,2026-01-15,pro,UK,31,0,18.9,4,3,20,0,f5d16425-fa84-4f59-a8d1-44390c7bc161
usr_c152afb0f95e,2024-07-10,free,CA,37,1,16.2,2,7,87,0,f5d16425-fa84-4f59-a8d1-44390c7bc161
usr_0413012e2684,2025-09-23,free,FR,33,1,2.5,3,9,33,0,f5d16425-fa84-4f59-a8d1-44390c7bc161
usr_cb1d0154ca8a,2024-10-02,pro,UK,8,8,11.5,2,27,54,1,f5d16425-fa84-4f59-a8d1-44390c7bc161
usr_bc2880e1cfda,2025-01-28,pro,US,17,9,3.6,2,7,32,1,f5d16425-fa84-4f59-a8d1-44390c7bc161
usr_16d04305a836,2024-01-02,free,US,28,12,4.8,0,12,28,0,f5d16425-fa84-4f59-a8d1-44390c7bc161
usr_983c46ea01dc,2026-04-16,enterprise,US,19,14,18.4,1,16,46,0,f5d16425-fa84-4f59-a8d1-44390c7bc161
usr_b7df25737f06,2024-10-04,pro,US,27,12,19.4,3,18,55,1,f5d16425-fa84-4f59-a8d1-44390c7bc161
usr_e598d07fe442,2025-06-26,enterprise,UK,34,10,18.0,4,25,62,0,f5d16425-fa84-4f59-a8d1-44390c7bc161
usr_5f56466657a7,2024-12-09,free,UK,16,0,19.8,3,6,37,0,f5d16425-fa84-4f59-a8d1-44390c7bc161
usr_e8bc24646056,2025-02-20,free,CA,41,11,19.8,3,29,41,0,f5d16425-fa84-4f59-a8d1-44390c7bc161
usr_75f3b28ec302,2025-06-22,pro,DE,5,10,13.5,4,21,46,0,f5d16425-fa84-4f59-a8d1-44390c7bc161
usr_8757216f6f06,2024-11-16,free,UK,21,0,1.6,4,24,41,0,f5d16425-fa84-4f59-a8d1-44390c7bc161
usr_d0893958c3e0,2025-10-25,free,CA,47,5,15.2,4,15,70,0,f5d16425-fa84-4f59-a8d1-44390c7bc161
usr_79219d5e5b71,2024-06-11,free,CA,33,8,8.6,5,25,50,0,f5d16425-fa84-4f59-a8d1-44390c7bc161
usr_ef3f705820f4,2026-02-17,pro,DE,9,11,18.6,2,8,67,0,f5d16425-fa84-4f59-a8d1-44390c7bc161
usr_dd1dca023682,2025-11-16,pro,CA,9,7,19.7,1,15,86,0,f5d16425-fa84-4f59-a8d1-44390c7bc161
usr_654eae329863,2025-03-17,pro,US,11,5,2.9,1,21,84,0,f5d16425-fa84-4f59-a8d1-44390c7bc161
usr_a96af4b9588f,2024-03-04,pro,DE,38,7,15.0,2,5,35,0,f5d16425-fa84-4f59-a8d1-44390c7bc161
usr_194e83beb1d1,2025-05-04,free,FR,45,3,5.7,0,1,63,0,f5d16425-fa84-4f59-a8d1-44390c7bc161
usr_2c4d75a135c2,2026-02-11,free,US,23,9,10.4,2,1,70,0,f5d16425-fa84-4f59-a8d1-44390c7bc161
usr_e3a3be023c11,2025-06-10,free,US,48,2,1.1,1,28,33,0,f5d16425-fa84-4f59-a8d1-44390c7bc161
usr_123ad78d1656,2025-01-09,free,DE,2,2,14.5,0,25,73,0,f5d16425-fa84-4f59-a8d1-44390c7bc161
usr_c0f657aa1ac5,2024-12-22,pro,FR,1,1,12.4,0,12,66,1,f5d16425-fa84-4f59-a8d1-44390c7bc161
usr_ae817a3d1579,2025-05-14,free,DE,0,9,14.8,3,4,32,1,f5d16425-fa84-4f59-a8d1-44390c7bc161
usr_e09863b302ad,2024-03-10,free,UK,15,4,18.0,4,25,47,0,f5d16425-fa84-4f59-a8d1-44390c7bc161
usr_6eed694a0261,2025-03-11,pro,UK,43,13,2.8,2,12,61,0,f5d16425-fa84-4f59-a8d1-44390c7bc161
usr_8e9a66e84f63,2025-01-30,free,FR,30,10,13.3,2,20,89,0,f5d16425-fa84-4f59-a8d1-44390c7bc161
usr_fcc90a666a0c,2024-04-04,free,UK,36,2,14.9,0,11,36,1,f5d16425-fa84-4f59-a8d1-44390c7bc161
usr_82fa2c065a7a,2026-04-02,enterprise,CA,1,1,12.4,2,6,34,0,f5d16425-fa84-4f59-a8d1-44390c7bc161
usr_36434fc3b930,2026-01-24,free,CA,13,0,2.8,1,4,88,0,f5d16425-fa84-4f59-a8d1-44390c7bc161
usr_eba44f35b85e,2024-12-21,free,DE,10,8,5.5,5,6,11,0,f5d16425-fa84-4f59-a8d1-44390c7bc161
usr_b6740e2f9880,2024-12-11,pro,DE,1,14,14.2,4,29,64,1,f5d16425-fa84-4f59-a8d1-44390c7bc161
usr_8d93efdc2fab,2024-10-10,enterprise,FR,5,5,11.0,3,18,35,0,f5d16425-fa84-4f59-a8d1-44390c7bc161
usr_c63c8b3a8d74,2025-01-23,free,UK,11,1,3.1,0,13,87,0,f5d16425-fa84-4f59-a8d1-44390c7bc161
usr_7b7dad2932a5,2025-11-13,free,CA,28,1,5.8,1,16,23,0,f5d16425-fa84-4f59-a8d1-44390c7bc161
usr_686f2290e0d6,2024-11-16,free,UK,27,6,14.5,3,25,81,0,f5d16425-fa84-4f59-a8d1-44390c7bc161
usr_8b12889cc495,2024-05-23,free,US,30,9,19.4,3,9,42,0,f5d16425-fa84-4f59-a8d1-44390c7bc161
usr_6ab879cd3ac7,2024-05-22,free,FR,6,7,2.3,5,26,92,0,f5d16425-fa84-4f59-a8d1-44390c7bc161
usr_53a23bc5bbc1,2025-01-14,pro,FR,9,1,3.2,2,23,33,0,f5d16425-fa84-4f59-a8d1-44390c7bc161
usr_6fe01e8b5127,2025-05-26,free,CA,15,2,16.4,0,27,70,1,f5d16425-fa84-4f59-a8d1-44390c7bc161
usr_fc471a36e792,2025-09-14,free,CA,36,4,7.6,4,20,72,0,f5d16425-fa84-4f59-a8d1-44390c7bc161
usr_2aea0c92744c,2024-04-16,enterprise,US,34,8,7.7,4,22,50,0,f5d16425-fa84-4f59-a8d1-44390c7bc161
usr_87c509b5f0f8,2025-08-23,free,FR,32,7,17.1,0,3,67,0,f5d16425-fa84-4f59-a8d1-44390c7bc161
usr_e2505f7a152a,2026-03-19,free,US,21,8,18.2,2,0,29,0,f5d16425-fa84-4f59-a8d1-44390c7bc161
usr_88486b46e55e,2025-10-07,free,FR,7,7,8.4,2,13,20,0,f5d16425-fa84-4f59-a8d1-44390c7bc161
usr_3afec0b6b867,2025-08-08,free,DE,40,12,7.9,0,22,84,0,f5d16425-fa84-4f59-a8d1-44390c7bc161
usr_34c9360ee626,2026-01-03,free,UK,48,11,3.7,3,10,94,0,f5d16425-fa84-4f59-a8d1-44390c7bc161
usr_3b2295e7ee62,2026-04-28,free,DE,20,12,7.5,4,3,20,0,f5d16425-fa84-4f59-a8d1-44390c7bc161
usr_b43bb62dfe54,2024-07-28,pro,CA,14,5,7.7,0,15,14,0,f5d16425-fa84-4f59-a8d1-44390c7bc161
usr_9b81eb8d73a1,2026-04-26,free,US,13,8,19.2,5,14,22,0,f5d16425-fa84-4f59-a8d1-44390c7bc161
usr_1b07c2d3bcd5,2025-05-31,pro,UK,47,3,1.1,2,9,92,1,f5d16425-fa84-4f59-a8d1-44390c7bc161
usr_149f2c68951b,2024-04-09,free,DE,18,6,14.8,2,5,10,0,f5d16425-fa84-4f59-a8d1-44390c7bc161
usr_62e52bf39de5,2025-05-01,free,CA,31,0,3.9,3,14,50,0,f5d16425-fa84-4f59-a8d1-44390c7bc161
usr_9675238c2c27,2024-10-16,free,FR,38,1,13.6,3,8,85,0,f5d16425-fa84-4f59-a8d1-44390c7bc161
usr_ac95c9b08672,2026-03-07,pro,DE,10,13,10.2,4,16,61,0,f5d16425-fa84-4f59-a8d1-44390c7bc161
usr_6e98a07907ef,2026-01-28,pro,DE,8,12,16.5,5,8,85,0,f5d16425-fa84-4f59-a8d1-44390c7bc161
usr_96c55e35acd4,2024-01-18,enterprise,UK,42,2,13.3,3,5,16,0,f5d16425-fa84-4f59-a8d1-44390c7bc161
usr_a9245cc5152b,2024-11-06,free,FR,31,13,6.9,4,19,36,1,f5d16425-fa84-4f59-a8d1-44390c7bc161
usr_4e025d82bc4f,2025-08-23,free,CA,43,7,12.1,3,19,48,1,f5d16425-fa84-4f59-a8d1-44390c7bc161
usr_f4dc53ef2177,2025-12-04,pro,UK,47,5,18.6,4,6,21,0,f5d16425-fa84-4f59-a8d1-44390c7bc161
usr_abffda1538ec,2026-02-21,free,DE,42,0,17.3,3,12,14,0,f5d16425-fa84-4f59-a8d1-44390c7bc161
usr_dc5129af3a02,2025-11-03,free,DE,0,9,11.1,4,6,83,0,f5d16425-fa84-4f59-a8d1-44390c7bc161
usr_f0e34845aa1a,2025-05-21,free,UK,30,11,15.0,5,2,50,0,f5d16425-fa84-4f59-a8d1-44390c7bc161
usr_e6e99726111a,2024-09-30,free,UK,15,13,15.3,5,19,71,0,f5d16425-fa84-4f59-a8d1-44390c7bc161
usr_8aa419d878ca,2024-06-01,free,FR,35,13,15.6,4,5,16,0,f5d16425-fa84-4f59-a8d1-44390c7bc161
usr_77496ec3867f,2025-02-28,pro,UK,2,6,12.3,3,29,50,0,f5d16425-fa84-4f59-a8d1-44390c7bc161
usr_756d00a0ef0f,2025-04-28,pro,US,49,5,8.5,3,12,28,0,f5d16425-fa84-4f59-a8d1-44390c7bc161
usr_ad9eeed7e954,2025-04-11,free,DE,30,12,2.3,2,22,80,0,f5d16425-fa84-4f59-a8d1-44390c7bc161
usr_1b1b886caf22,2025-07-10,free,UK,4,10,3.6,2,6,64,0,f5d16425-fa84-4f59-a8d1-44390c7bc161
usr_b9b89c08cde1,2024-10-15,free,UK,10,10,10.4,3,18,33,0,f5d16425-fa84-4f59-a8d1-44390c7bc161
usr_8da21416333c,2025-11-20,free,UK,46,4,11.7,4,16,86,0,f5d16425-fa84-4f59-a8d1-44390c7bc161
usr_3f9df3c17fec,2025-04-06,free,US,6,4,4.2,3,9,68,1,f5d16425-fa84-4f59-a8d1-44390c7bc161
usr_5cbecd97b38e,2024-08-28,free,FR,3,12,13.6,1,4,88,0,f5d16425-fa84-4f59-a8d1-44390c7bc161
usr_033f0191ee76,2026-04-13,free,DE,34,0,11.4,1,21,64,0,f5d16425-fa84-4f59-a8d1-44390c7bc161
usr_471cc8d303b0,2025-02-22,free,DE,18,8,2.9,1,18,90,1,f5d16425-fa84-4f59-a8d1-44390c7bc161
usr_f638fad18597,2025-07-17,free,FR,46,3,4.8,4,24,57,0,f5d16425-fa84-4f59-a8d1-44390c7bc161
usr_cc9b35062228,2025-10-11,free,FR,33,1,16.9,1,6,23,0,f5d16425-fa84-4f59-a8d1-44390c7bc161
usr_2a5b3a4d41c0,2025-04-11,free,CA,39,12,4.8,0,16,28,0,f5d16425-fa84-4f59-a8d1-44390c7bc161
usr_89cf7e1c1b30,2024-10-06,free,DE,8,11,17.6,2,12,44,0,f5d16425-fa84-4f59-a8d1-44390c7bc161
usr_baafe0d0484c,2026-02-01,free,FR,47,7,13.8,4,5,30,1,f5d16425-fa84-4f59-a8d1-44390c7bc161
usr_39f4b3a441b7,2025-02-01,free,DE,36,12,8.1,5,27,35,0,f5d16425-fa84-4f59-a8d1-44390c7bc161
usr_334ff9abfa59,2026-03-26,free,US,37,2,8.2,2,9,87,1,f5d16425-fa84-4f59-a8d1-44390c7bc161
usr_f4a6d8f027a5,2024-06-30,free,UK,23,13,11.1,1,20,14,0,f5d16425-fa84-4f59-a8d1-44390c7bc161
usr_6582149f5406,2026-01-23,free,UK,33,2,2.2,5,4,34,0,f5d16425-fa84-4f59-a8d1-44390c7bc161
usr_52b78aeb0e32,2024-01-06,pro,DE,27,3,12.6,1,9,24,0,f5d16425-fa84-4f59-a8d1-44390c7bc161
usr_5f2f22ee3afa,2024-09-04,free,CA,26,5,15.3,4,18,91,0,f5d16425-fa84-4f59-a8d1-44390c7bc161
usr_5b876e635c80,2024-01-31,free,UK,26,11,17.1,2,3,25,1,f5d16425-fa84-4f59-a8d1-44390c7bc161
usr_17dba6ed7212,2025-07-09,free,UK,1,11,16.6,5,25,93,0,f5d16425-fa84-4f59-a8d1-44390c7bc161
usr_056842c71fe7,2024-10-03,free,CA,37,4,9.3,3,18,89,0,f5d16425-fa84-4f59-a8d1-44390c7bc161
usr_8aaf2518dd66,2025-10-27,free,UK,45,14,18.8,3,16,58,0,f5d16425-fa84-4f59-a8d1-44390c7bc161
usr_40d8eeefe7ba,2024-12-11,free,DE,7,13,17.7,5,20,46,0,f5d16425-fa84-4f59-a8d1-44390c7bc161
usr_847a486bbc3e,2025-05-31,pro,US,10,5,15.8,3,16,73,0,f5d16425-fa84-4f59-a8d1-44390c7bc161
usr_8f72d166b89f,2024-10-11,free,US,17,14,17.7,4,12,86,0,f5d16425-fa84-4f59-a8d1-44390c7bc161
usr_1e72b9e33557,2024-06-05,pro,DE,16,10,3.2,0,9,60,0,f5d16425-fa84-4f59-a8d1-44390c7bc161
usr_8e69ed85ac9b,2026-01-16,pro,DE,22,12,11.6,4,19,15,0,f5d16425-fa84-4f59-a8d1-44390c7bc161
usr_90dfab677f35,2024-11-27,free,US,20,14,13.8,4,7,49,0,f5d16425-fa84-4f59-a8d1-44390c7bc161
usr_d4bfbffea401,2025-03-07,free,CA,9,5,10.1,5,11,29,0,f5d16425-fa84-4f59-a8d1-44390c7bc161
usr_f5cf4ad6ebf0,2025-01-12,free,CA,44,4,5.1,4,5,69,1,f5d16425-fa84-4f59-a8d1-44390c7bc161
usr_dc7336f819a7,2026-02-03,free,US,24,14,7.0,2,14,12,1,f5d16425-fa84-4f59-a8d1-44390c7bc161
usr_ddc6a7accdb4,2025-08-20,free,US,42,9,15.3,5,1,51,0,f5d16425-fa84-4f59-a8d1-44390c7bc161
usr_8c8c9f78639c,2025-01-08,pro,DE,19,1,11.5,0,16,66,1,f5d16425-fa84-4f59-a8d1-44390c7bc161
usr_c07a80a624f0,2024-11-24,pro,US,32,14,16.3,5,8,94,0,f5d16425-fa84-4f59-a8d1-44390c7bc161
usr_49c462fd22c5,2026-02-24,enterprise,DE,17,14,3.2,5,27,14,1,f5d16425-fa84-4f59-a8d1-44390c7bc161
usr_f26d5b8e9520,2025-07-15,free,CA,3,6,14.6,0,3,73,0,f5d16425-fa84-4f59-a8d1-44390c7bc161
usr_1eeaf8d96bf4,2025-01-27,pro,US,49,4,18.3,4,19,15,0,f5d16425-fa84-4f59-a8d1-44390c7bc161
usr_2f636264aab6,2025-10-12,free,FR,20,0,9.4,1,20,10,0,f5d16425-fa84-4f59-a8d1-44390c7bc161
usr_27bece2902c5,2024-04-06,free,DE,3,9,5.9,1,5,44,0,f5d16425-fa84-4f59-a8d1-44390c7bc161
usr_43462947803b,2024-10-28,pro,UK,16,0,3.9,0,20,35,0,f5d16425-fa84-4f59-a8d1-44390c7bc161
usr_9f45aa3f251d,2025-12-17,free,CA,41,10,17.4,5,18,58,1,f5d16425-fa84-4f59-a8d1-44390c7bc161
usr_e81f1d991af4,2025-09-09,free,UK,33,4,4.5,1,23,62,0,f5d16425-fa84-4f59-a8d1-44390c7bc161
usr_41cfdb5df760,2025-03-16,free,FR,45,0,11.4,1,0,62,0,f5d16425-fa84-4f59-a8d1-44390c7bc161
usr_9fbac73e2f18,2026-03-04,free,CA,8,2,12.1,1,10,72,0,f5d16425-fa84-4f59-a8d1-44390c7bc161
usr_e8eddd779dc7,2026-01-02,free,DE,48,10,17.3,5,23,48,0,f5d16425-fa84-4f59-a8d1-44390c7bc161
usr_53abf76faabf,2024-03-06,free,US,27,7,7.9,3,16,16,0,f5d16425-fa84-4f59-a8d1-44390c7bc161
usr_55bb27b94cdb,2024-10-09,free,CA,0,4,16.8,4,6,34,1,f5d16425-fa84-4f59-a8d1-44390c7bc161
usr_cdb68e2afac6,2024-04-04,free,DE,46,6,17.3,3,5,89,0,f5d16425-fa84-4f59-a8d1-44390c7bc161
usr_f4b2ed99e571,2024-12-05,enterprise,US,36,9,4.5,4,21,71,0,f5d16425-fa84-4f59-a8d1-44390c7bc161
usr_bab220c63915,2025-07-14,pro,DE,16,10,13.6,5,15,19,0,f5d16425-fa84-4f59-a8d1-44390c7bc161
usr_561c5d7fea2b,2026-03-22,free,DE,22,13,14.2,4,13,45,0,f5d16425-fa84-4f59-a8d1-44390c7bc161
usr_e8efd4a66af9,2026-02-03,free,US,40,8,8.1,2,15,40,0,f5d16425-fa84-4f59-a8d1-44390c7bc161
usr_fdb176d1164a,2024-01-03,free,FR,16,11,11.3,4,16,30,1,f5d16425-fa84-4f59-a8d1-44390c7bc161
usr_dccad080cb5e,2025-01-23,pro,CA,15,0,7.1,2,28,62,1,f5d16425-fa84-4f59-a8d1-44390c7bc161
usr_44493364c374,2025-08-04,pro,UK,3,5,16.9,4,24,37,0,f5d16425-fa84-4f59-a8d1-44390c7bc161
usr_a82ce3fb298f,2024-03-14,pro,CA,39,11,1.2,2,11,16,0,f5d16425-fa84-4f59-a8d1-44390c7bc161
usr_5f6bcb53490e,2024-08-18,free,US,47,7,12.0,3,2,18,0,f5d16425-fa84-4f59-a8d1-44390c7bc161
usr_89fec9ce1878,2024-03-12,pro,DE,25,2,14.8,5,18,22,0,f5d16425-fa84-4f59-a8d1-44390c7bc161
usr_5df626a3614d,2025-06-25,free,UK,17,6,13.7,3,16,14,1,f5d16425-fa84-4f59-a8d1-44390c7bc161
usr_a5a14ba7039d,2024-01-31,free,UK,5,4,15.0,4,1,59,1,f5d16425-fa84-4f59-a8d1-44390c7bc161
usr_26622981f835,2025-08-04,free,DE,46,0,17.7,1,28,12,0,f5d16425-fa84-4f59-a8d1-44390c7bc161
usr_ae10568b2fe2,2025-09-20,free,UK,29,7,4.3,5,6,23,0,f5d16425-fa84-4f59-a8d1-44390c7bc161
usr_73bbd07647ee,2024-02-16,enterprise,US,16,2,8.5,0,15,58,0,f5d16425-fa84-4f59-a8d1-44390c7bc161
usr_5e933cf2652c,2024-10-11,free,CA,12,7,11.7,5,6,57,0,f5d16425-fa84-4f59-a8d1-44390c7bc161
usr_734006f58d05,2026-03-22,free,FR,44,5,8.7,5,16,34,0,f5d16425-fa84-4f59-a8d1-44390c7bc161
usr_c87a01bbf946,2025-12-07,pro,UK,44,13,2.4,2,19,61,1,f5d16425-fa84-4f59-a8d1-44390c7bc161
usr_bf1fa443e646,2024-02-13,free,FR,21,13,2.9,1,11,80,1,f5d16425-fa84-4f59-a8d1-44390c7bc161
usr_7597fec9947f,2025-09-18,free,DE,18,3,7.7,5,3,94,1,f5d16425-fa84-4f59-a8d1-44390c7bc161
usr_c2b98cb6345b,2025-03-30,free,DE,36,8,15.6,3,8,39,0,b205c3d4-3a6a-409b-9000-01dca0af7745
usr_c4d67723df17,2024-10-06,free,US,36,13,8.9,5,0,16,0,b205c3d4-3a6a-409b-9000-01dca0af7745
usr_ec326bdfc0e1,2024-03-27,enterprise,DE,6,10,5.2,4,25,38,1,b205c3d4-3a6a-409b-9000-01dca0af7745
usr_3f9c071e6fb4,2025-01-27,free,FR,22,1,11.0,5,8,79,1,b205c3d4-3a6a-409b-9000-01dca0af7745
usr_1a1ed50b8cdb,2025-08-06,free,CA,3,4,5.9,3,17,64,0,b205c3d4-3a6a-409b-9000-01dca0af7745
usr_13df3a776238,2026-01-29,pro,UK,47,8,9.7,2,21,28,0,b205c3d4-3a6a-409b-9000-01dca0af7745
usr_acc828210ac8,2024-10-11,free,FR,22,4,18.3,2,28,93,0,b205c3d4-3a6a-409b-9000-01dca0af7745
usr_2e4a585c7c1d,2025-05-19,free,UK,22,12,16.7,1,17,22,0,b205c3d4-3a6a-409b-9000-01dca0af7745
usr_8ed043186ced,2024-06-24,free,CA,2,1,14.3,1,20,41,1,b205c3d4-3a6a-409b-9000-01dca0af7745
usr_c4f01ab104a9,2026-02-16,free,FR,44,8,10.6,3,17,15,0,b205c3d4-3a6a-409b-9000-01dca0af7745
usr_cee341e2283b,2024-12-12,free,CA,27,7,8.0,4,8,39,0,b205c3d4-3a6a-409b-9000-01dca0af7745
usr_4d52c3f9cec6,2024-03-23,pro,CA,33,0,8.3,0,6,27,0,b205c3d4-3a6a-409b-9000-01dca0af7745
usr_47436967098b,2025-11-19,pro,FR,15,14,6.2,1,23,21,0,b205c3d4-3a6a-409b-9000-01dca0af7745
usr_929bbd27e3ea,2025-01-10,pro,US,34,4,2.5,5,4,39,0,b205c3d4-3a6a-409b-9000-01dca0af7745
usr_0f28a26ceae9,2024-09-29,pro,UK,48,9,16.5,1,8,40,0,b205c3d4-3a6a-409b-9000-01dca0af7745
usr_a534af1f4a9c,2025-11-24,free,UK,20,7,1.5,2,1,86,0,b205c3d4-3a6a-409b-9000-01dca0af7745
usr_2586de9fcb55,2026-03-15,free,CA,39,8,10.9,0,9,84,0,b205c3d4-3a6a-409b-9000-01dca0af7745
usr_58a088e012e5,2024-05-19,pro,US,35,5,7.0,4,28,22,0,b205c3d4-3a6a-409b-9000-01dca0af7745
usr_e48f9f3028fc,2025-01-18,free,CA,22,10,16.4,2,11,62,0,b205c3d4-3a6a-409b-9000-01dca0af7745
usr_9f91bd384f97,2026-04-06,free,UK,27,4,3.3,3,1,69,1,b205c3d4-3a6a-409b-9000-01dca0af7745
usr_839fdcd13582,2024-12-27,free,CA,14,3,10.1,1,28,25,0,b205c3d4-3a6a-409b-9000-01dca0af7745
usr_5b464af91e02,2025-01-04,enterprise,FR,38,9,16.7,0,23,73,0,b205c3d4-3a6a-409b-9000-01dca0af7745
usr_b594cd0799b6,2025-12-04,free,FR,1,6,3.9,2,11,89,0,b205c3d4-3a6a-409b-9000-01dca0af7745
usr_795eef1d4ebd,2026-03-13,free,FR,1,2,15.9,3,28,68,0,b205c3d4-3a6a-409b-9000-01dca0af7745
usr_5ce5afb09d80,2024-03-30,free,UK,35,3,12.5,5,13,68,0,b205c3d4-3a6a-409b-9000-01dca0af7745
usr_4923e84a85bc,2024-07-10,pro,US,47,8,1.8,0,25,28,1,b205c3d4-3a6a-409b-9000-01dca0af7745
usr_10da980d6177,2025-01-19,free,UK,36,6,3.7,5,24,25,0,b205c3d4-3a6a-409b-9000-01dca0af7745
usr_0dc8ac8cfc9a,2024-07-12,free,DE,17,7,9.9,3,27,57,0,b205c3d4-3a6a-409b-9000-01dca0af7745
usr_a60ae3c8aab0,2025-09-25,pro,DE,13,3,2.9,2,7,42,0,b205c3d4-3a6a-409b-9000-01dca0af7745
usr_7b33bde62ba7,2025-01-02,pro,DE,2,12,9.5,5,5,11,0,b205c3d4-3a6a-409b-9000-01dca0af7745
usr_7e94c697de06,2024-03-26,free,FR,0,7,1.1,0,20,74,0,b205c3d4-3a6a-409b-9000-01dca0af7745
usr_89700846fc7c,2024-10-18,free,FR,9,4,17.4,2,17,91,0,b205c3d4-3a6a-409b-9000-01dca0af7745
usr_0a356a14b11e,2024-10-22,free,DE,32,9,2.6,4,4,91,1,b205c3d4-3a6a-409b-9000-01dca0af7745
usr_eace35de7534,2024-12-20,enterprise,UK,29,7,16.7,1,10,40,0,b205c3d4-3a6a-409b-9000-01dca0af7745
usr_d44179f20042,2026-03-18,free,UK,35,6,15.5,0,25,71,1,b205c3d4-3a6a-409b-9000-01dca0af7745
usr_d75bb27b6c09,2025-09-24,free,US,41,8,14.4,3,26,93,0,b205c3d4-3a6a-409b-9000-01dca0af7745
usr_9220409f9714,2025-07-27,free,FR,25,5,17.0,3,23,22,0,b205c3d4-3a6a-409b-9000-01dca0af7745
usr_bf03f7c97c5f,2024-05-24,pro,DE,35,14,12.5,3,26,54,0,b205c3d4-3a6a-409b-9000-01dca0af7745
usr_d9d4d82663d3,2026-03-14,free,US,14,1,15.4,4,2,43,0,b205c3d4-3a6a-409b-9000-01dca0af7745
usr_c70dcdde103a,2024-01-05,free,CA,27,9,10.5,2,27,47,0,b205c3d4-3a6a-409b-9000-01dca0af7745
usr_c4fab38a710f,2025-05-14,free,UK,1,6,13.9,4,3,61,0,b205c3d4-3a6a-409b-9000-01dca0af7745
usr_25447576cd4f,2026-03-14,free,DE,17,10,17.5,1,21,43,0,b205c3d4-3a6a-409b-9000-01dca0af7745
usr_9281683bbc6b,2024-05-04,free,CA,13,5,3.3,4,23,58,0,b205c3d4-3a6a-409b-9000-01dca0af7745
usr_a0b5b14ee0eb,2024-08-12,pro,DE,5,4,17.4,1,4,13,0,b205c3d4-3a6a-409b-9000-01dca0af7745
usr_3358efb33f52,2025-07-14,pro,UK,2,11,6.1,0,7,43,0,b205c3d4-3a6a-409b-9000-01dca0af7745
usr_5c93f39b6cc1,2025-06-20,pro,UK,39,9,10.7,0,17,19,0,b205c3d4-3a6a-409b-9000-01dca0af7745
usr_4b747c87c5b2,2025-04-07,free,DE,28,12,18.5,2,19,22,0,b205c3d4-3a6a-409b-9000-01dca0af7745
usr_50e7a22df6bf,2024-10-08,free,CA,28,9,16.8,3,9,71,0,b205c3d4-3a6a-409b-9000-01dca0af7745
usr_9aa6e8de8428,2024-08-26,pro,DE,24,14,1.8,0,4,50,0,b205c3d4-3a6a-409b-9000-01dca0af7745
usr_6cdbced882fe,2026-03-12,free,CA,14,14,15.4,4,16,71,0,b205c3d4-3a6a-409b-9000-01dca0af7745
usr_221a844c41cb,2025-10-12,pro,FR,6,4,1.7,1,25,52,1,b205c3d4-3a6a-409b-9000-01dca0af7745
usr_9eea82703560,2026-02-19,free,US,33,3,15.7,2,29,61,0,b205c3d4-3a6a-409b-9000-01dca0af7745
usr_2873e8281321,2025-06-18,free,FR,34,6,18.0,3,24,78,1,b205c3d4-3a6a-409b-9000-01dca0af7745
usr_c1793cd1fc87,2024-06-11,free,DE,12,13,13.1,4,21,51,0,b205c3d4-3a6a-409b-9000-01dca0af7745
usr_296eefec1e64,2026-01-21,free,DE,46,7,7.5,2,28,16,1,b205c3d4-3a6a-409b-9000-01dca0af7745
usr_4d7e396d6c64,2026-04-16,pro,FR,21,10,19.8,4,19,37,0,b205c3d4-3a6a-409b-9000-01dca0af7745
usr_a75f2600459c,2024-07-20,free,DE,26,0,12.8,4,5,90,0,b205c3d4-3a6a-409b-9000-01dca0af7745
usr_0d635b084e2a,2025-06-12,free,US,45,4,11.6,0,2,55,0,b205c3d4-3a6a-409b-9000-01dca0af7745
usr_75f1f7b59f9a,2026-01-10,pro,DE,44,0,7.8,4,24,10,1,b205c3d4-3a6a-409b-9000-01dca0af7745
usr_6488aec514a1,2024-09-04,free,US,32,8,19.3,5,1,23,0,b205c3d4-3a6a-409b-9000-01dca0af7745
usr_32b81dc357f2,2025-10-26,free,DE,22,9,7.5,4,19,21,0,b205c3d4-3a6a-409b-9000-01dca0af7745
usr_c166c34bd65b,2024-10-05,free,UK,5,4,16.1,2,16,76,1,b205c3d4-3a6a-409b-9000-01dca0af7745
usr_e691545222dd,2026-01-12,free,UK,38,2,8.7,0,9,59,0,b205c3d4-3a6a-409b-9000-01dca0af7745
usr_04898fe8f7db,2024-05-22,free,UK,38,5,16.0,3,14,37,0,b205c3d4-3a6a-409b-9000-01dca0af7745
usr_5cf8932513c7,2026-02-18,free,US,9,5,9.6,1,6,67,0,b205c3d4-3a6a-409b-9000-01dca0af7745
usr_daa4da08587f,2024-01-22,free,US,29,2,3.3,4,8,29,1,b205c3d4-3a6a-409b-9000-01dca0af7745
usr_8cd75ee2e41b,2024-03-03,free,CA,34,3,5.3,3,4,15,0,b205c3d4-3a6a-409b-9000-01dca0af7745
usr_d5cca6d4a72d,2024-01-02,pro,US,26,14,11.0,3,16,51,0,b205c3d4-3a6a-409b-9000-01dca0af7745
usr_9ffcd8748f34,2024-10-02,pro,UK,30,8,16.0,2,24,91,0,b205c3d4-3a6a-409b-9000-01dca0af7745
usr_6bb97133878b,2025-10-23,free,UK,37,0,14.5,1,25,68,0,b205c3d4-3a6a-409b-9000-01dca0af7745
usr_32b8dbbc2bb6,2025-07-22,free,FR,20,2,6.5,0,26,91,1,b205c3d4-3a6a-409b-9000-01dca0af7745
usr_9eb4e60b3f79,2025-02-08,free,FR,31,11,12.1,3,0,91,0,b205c3d4-3a6a-409b-9000-01dca0af7745
usr_f6e82fb21f08,2024-12-09,free,FR,5,14,12.9,5,1,46,0,b205c3d4-3a6a-409b-9000-01dca0af7745
usr_be0dc0650587,2026-04-07,free,DE,25,2,2.8,1,13,92,1,b205c3d4-3a6a-409b-9000-01dca0af7745
usr_719e460149c4,2025-03-10,pro,FR,8,4,15.3,4,20,82,0,b205c3d4-3a6a-409b-9000-01dca0af7745
usr_d68c9eeb613e,2026-02-05,free,FR,42,5,2.7,0,7,92,0,b205c3d4-3a6a-409b-9000-01dca0af7745
usr_cad746460469,2024-01-06,pro,FR,24,11,16.0,5,18,46,0,b205c3d4-3a6a-409b-9000-01dca0af7745
usr_40ec5c5302e6,2026-04-20,free,DE,13,10,15.4,0,15,87,0,b205c3d4-3a6a-409b-9000-01dca0af7745
usr_f14c9f688e92,2024-09-25,pro,FR,11,2,2.6,2,25,54,0,b205c3d4-3a6a-409b-9000-01dca0af7745
usr_83a7395d193f,2025-12-07,free,US,43,8,6.1,1,9,26,1,b205c3d4-3a6a-409b-9000-01dca0af7745
usr_1973d0696742,2024-07-09,free,CA,40,8,16.8,4,16,55,0,b205c3d4-3a6a-409b-9000-01dca0af7745
usr_877fb92c3e21,2024-10-31,pro,UK,33,10,14.4,3,1,31,0,b205c3d4-3a6a-409b-9000-01dca0af7745
usr_02f6f3494811,2024-08-28,free,CA,33,8,9.1,5,11,28,0,b205c3d4-3a6a-409b-9000-01dca0af7745
usr_6850f0670c05,2024-11-23,free,UK,26,8,19.2,1,2,50,0,b205c3d4-3a6a-409b-9000-01dca0af7745
usr_e8f880a1e643,2024-04-07,free,US,41,8,14.7,2,10,71,0,b205c3d4-3a6a-409b-9000-01dca0af7745
usr_75a0f6fc1bc4,2026-02-09,free,DE,42,13,10.9,5,18,67,0,b205c3d4-3a6a-409b-9000-01dca0af7745
usr_0940826f4185,2024-04-17,free,CA,30,8,6.3,2,16,77,0,b205c3d4-3a6a-409b-9000-01dca0af7745
usr_29d28a79fe11,2024-05-24,free,DE,20,2,2.5,2,28,16,0,b205c3d4-3a6a-409b-9000-01dca0af7745
usr_5e0c3be7a2af,2024-07-04,free,FR,28,6,14.0,3,16,15,0,b205c3d4-3a6a-409b-9000-01dca0af7745
usr_6ba0203090e2,2024-08-16,pro,US,43,4,19.2,1,12,61,0,b205c3d4-3a6a-409b-9000-01dca0af7745
usr_068ba790beda,2025-09-03,free,UK,8,0,9.5,2,23,88,0,b205c3d4-3a6a-409b-9000-01dca0af7745
usr_5f333f8cf5c5,2024-12-23,pro,FR,42,2,7.0,5,18,72,0,b205c3d4-3a6a-409b-9000-01dca0af7745
usr_52587521bb6f,2025-12-10,free,US,48,4,18.6,0,28,43,0,b205c3d4-3a6a-409b-9000-01dca0af7745
usr_e37f900f5ea7,2026-01-11,free,CA,25,7,12.6,3,8,30,1,b205c3d4-3a6a-409b-9000-01dca0af7745
usr_a2f959a7c33b,2024-12-16,free,FR,28,5,15.7,1,12,90,0,b205c3d4-3a6a-409b-9000-01dca0af7745
usr_ef62b06188de,2024-12-08,free,UK,24,5,9.8,3,20,57,0,b205c3d4-3a6a-409b-9000-01dca0af7745
usr_5f57473dde24,2025-08-01,free,UK,34,2,19.8,4,18,67,0,b205c3d4-3a6a-409b-9000-01dca0af7745
usr_895594436e95,2025-04-15,free,DE,5,1,7.7,1,11,88,0,b205c3d4-3a6a-409b-9000-01dca0af7745
usr_2073f5bc9b24,2025-04-13,free,FR,9,10,9.9,1,21,19,0,b205c3d4-3a6a-409b-9000-01dca0af7745
usr_af74d6d79d30,2024-12-20,free,US,2,3,9.0,2,19,88,1,b205c3d4-3a6a-409b-9000-01dca0af7745
usr_5e1389f544b9,2025-05-09,free,CA,44,1,9.7,4,29,78,0,b205c3d4-3a6a-409b-9000-01dca0af7745
usr_eb601288381d,2024-02-11,pro,DE,44,9,9.4,3,29,18,1,b205c3d4-3a6a-409b-9000-01dca0af7745
usr_b82c49868902,2025-02-10,pro,CA,49,0,6.2,1,3,18,0,b205c3d4-3a6a-409b-9000-01dca0af7745
usr_85946fa1f4da,2025-01-30,pro,CA,13,1,17.4,4,13,28,0,b205c3d4-3a6a-409b-9000-01dca0af7745
usr_c76855f92427,2025-11-17,free,UK,5,10,1.9,3,7,94,0,b205c3d4-3a6a-409b-9000-01dca0af7745
usr_3bc40e88fedb,2025-06-10,pro,UK,0,14,3.4,3,1,91,0,b205c3d4-3a6a-409b-9000-01dca0af7745
usr_6a47cf3ee6cf,2024-01-06,free,DE,36,11,2.3,2,27,24,0,b205c3d4-3a6a-409b-9000-01dca0af7745
usr_311bbba0ae7f,2026-02-07,free,CA,16,0,4.4,5,21,15,1,b205c3d4-3a6a-409b-9000-01dca0af7745
usr_0c9afcc85e70,2026-04-22,pro,UK,28,8,3.0,0,14,71,0,b205c3d4-3a6a-409b-9000-01dca0af7745
usr_698f7768fe32,2025-12-17,pro,UK,24,8,7.2,3,13,73,0,b205c3d4-3a6a-409b-9000-01dca0af7745
usr_36e63b71365a,2025-09-06,free,CA,20,6,18.8,2,27,39,1,b205c3d4-3a6a-409b-9000-01dca0af7745
usr_9dee406e6404,2025-11-28,free,FR,32,5,18.3,3,26,35,1,b205c3d4-3a6a-409b-9000-01dca0af7745
usr_e52f7efed660,2024-06-12,free,UK,21,14,6.4,2,0,42,1,b205c3d4-3a6a-409b-9000-01dca0af7745
usr_596379f8be0d,2025-08-17,free,DE,36,8,10.4,2,14,50,0,b205c3d4-3a6a-409b-9000-01dca0af7745
usr_831b46755a0b,2025-09-30,free,US,9,0,11.9,2,18,22,0,b205c3d4-3a6a-409b-9000-01dca0af7745
usr_36b13f566f0f,2024-08-04,free,UK,24,10,16.2,0,23,61,0,b205c3d4-3a6a-409b-9000-01dca0af7745
usr_8132236ab930,2026-04-17,free,US,37,5,7.6,4,18,32,1,b205c3d4-3a6a-409b-9000-01dca0af7745
usr_4985f862d5aa,2024-09-03,free,CA,21,3,12.5,5,9,61,0,b205c3d4-3a6a-409b-9000-01dca0af7745
usr_6b85051f6be4,2024-07-24,free,CA,2,14,9.2,2,24,30,0,b205c3d4-3a6a-409b-9000-01dca0af7745
usr_4e803ced7b78,2026-04-18,pro,US,34,1,16.2,3,17,89,0,b205c3d4-3a6a-409b-9000-01dca0af7745
usr_e2680d5b38e9,2025-11-20,enterprise,US,16,0,19.0,5,26,67,0,b205c3d4-3a6a-409b-9000-01dca0af7745
usr_1133d73dcf24,2024-02-10,free,US,49,14,3.6,5,17,58,0,b205c3d4-3a6a-409b-9000-01dca0af7745
usr_a7b460ed6d43,2024-06-19,pro,UK,5,6,9.0,2,22,23,0,b205c3d4-3a6a-409b-9000-01dca0af7745
usr_210109b60257,2025-05-04,free,CA,32,12,5.8,3,5,66,1,b205c3d4-3a6a-409b-9000-01dca0af7745
usr_67c41cce8aef,2026-03-25,pro,CA,20,4,12.1,2,19,18,0,b205c3d4-3a6a-409b-9000-01dca0af7745
usr_cc48f2deaa10,2024-04-13,pro,DE,1,9,17.0,5,2,44,0,b205c3d4-3a6a-409b-9000-01dca0af7745
usr_fb9e1edb8b41,2025-07-10,free,DE,4,11,5.0,5,27,78,1,b205c3d4-3a6a-409b-9000-01dca0af7745
usr_899ddd14588a,2024-01-07,pro,US,28,13,17.0,2,14,14,0,b205c3d4-3a6a-409b-9000-01dca0af7745
usr_884a33c3d726,2024-11-06,pro,UK,44,4,9.5,5,21,85,1,b205c3d4-3a6a-409b-9000-01dca0af7745
usr_f89fd80529d4,2025-11-09,pro,UK,29,13,8.9,0,13,58,0,b205c3d4-3a6a-409b-9000-01dca0af7745
usr_e4c3563ec02f,2024-03-11,free,UK,11,3,17.8,2,22,21,0,b205c3d4-3a6a-409b-9000-01dca0af7745
usr_ed722a71d83f,2026-01-03,pro,CA,43,0,9.4,4,27,78,0,b205c3d4-3a6a-409b-9000-01dca0af7745
usr_09be102c22d2,2026-04-02,free,FR,44,12,16.9,0,13,26,0,b205c3d4-3a6a-409b-9000-01dca0af7745
usr_3cb8c7801305,2024-11-17,free,FR,8,4,12.9,2,23,49,0,b205c3d4-3a6a-409b-9000-01dca0af7745
usr_f6238ef1f015,2024-10-12,free,CA,24,5,13.7,0,22,79,0,b205c3d4-3a6a-409b-9000-01dca0af7745
usr_54872113736c,2024-12-24,free,US,11,7,9.1,3,19,29,0,b205c3d4-3a6a-409b-9000-01dca0af7745
usr_b320a37607ca,2025-06-28,free,UK,5,1,8.5,1,4,39,1,b205c3d4-3a6a-409b-9000-01dca0af7745
usr_4977562ad4e6,2024-01-29,free,UK,13,7,2.3,0,27,30,0,b205c3d4-3a6a-409b-9000-01dca0af7745
usr_118fba529bd6,2024-02-10,enterprise,US,27,0,13.8,3,12,27,0,b205c3d4-3a6a-409b-9000-01dca0af7745
usr_98dea1d58786,2024-01-12,free,CA,18,11,4.0,1,2,23,0,b205c3d4-3a6a-409b-9000-01dca0af7745
usr_2ac5e1aa34f0,2024-12-02,free,CA,26,0,7.9,2,15,35,0,b205c3d4-3a6a-409b-9000-01dca0af7745
usr_0e4bbcfbf65b,2025-03-23,free,CA,11,6,7.6,1,20,63,1,b205c3d4-3a6a-409b-9000-01dca0af7745
usr_f3c7b7258cfa,2024-07-02,pro,CA,31,11,10.2,4,20,94,0,b205c3d4-3a6a-409b-9000-01dca0af7745
usr_055585f5da66,2025-12-27,free,FR,11,3,7.1,4,9,60,0,b205c3d4-3a6a-409b-9000-01dca0af7745
usr_59472d18bbbc,2025-07-18,pro,FR,4,13,5.5,1,25,68,0,b205c3d4-3a6a-409b-9000-01dca0af7745
usr_db1fb0a9caed,2025-11-05,free,FR,39,8,2.7,0,17,54,0,b205c3d4-3a6a-409b-9000-01dca0af7745
usr_128ab90dfa5d,2025-11-12,free,DE,25,1,10.9,4,19,79,0,b205c3d4-3a6a-409b-9000-01dca0af7745
usr_03e03620d851,2025-08-06,pro,CA,35,4,15.1,0,23,62,1,b205c3d4-3a6a-409b-9000-01dca0af7745
usr_1557a43ec4ca,2025-04-12,free,US,33,0,6.6,5,17,20,0,b205c3d4-3a6a-409b-9000-01dca0af7745
usr_56381ed56161,2024-11-18,free,DE,15,6,12.5,5,6,50,1,b205c3d4-3a6a-409b-9000-01dca0af7745
usr_b40bd8070796,2024-05-18,pro,US,31,1,18.5,0,20,45,0,b205c3d4-3a6a-409b-9000-01dca0af7745
usr_a4666b80083f,2024-07-04,pro,US,36,6,1.3,0,5,88,0,b205c3d4-3a6a-409b-9000-01dca0af7745
usr_7b644b30741f,2025-07-12,free,FR,7,8,13.5,2,24,41,0,b205c3d4-3a6a-409b-9000-01dca0af7745
usr_cfbcd4644c77,2025-02-02,pro,UK,24,3,15.4,5,9,26,0,b205c3d4-3a6a-409b-9000-01dca0af7745
usr_ef4c9e376847,2025-09-08,free,FR,17,7,5.2,3,8,73,0,b205c3d4-3a6a-409b-9000-01dca0af7745
usr_601795d2b969,2024-09-29,free,FR,18,1,4.0,3,24,27,0,b205c3d4-3a6a-409b-9000-01dca0af7745
usr_832ae9b2a8d5,2024-07-11,free,CA,36,1,14.8,5,8,37,0,b205c3d4-3a6a-409b-9000-01dca0af7745
usr_d80282ec4de9,2025-02-18,free,UK,43,9,19.6,5,16,51,0,b205c3d4-3a6a-409b-9000-01dca0af7745
usr_0179c7585a8c,2024-07-17,pro,FR,48,12,5.4,3,8,43,0,b205c3d4-3a6a-409b-9000-01dca0af7745
usr_a1df8897058b,2024-04-13,free,US,24,10,15.6,3,16,80,0,b205c3d4-3a6a-409b-9000-01dca0af7745
usr_1cc627d31b46,2024-04-12,free,US,49,6,6.2,2,19,46,0,b205c3d4-3a6a-409b-9000-01dca0af7745
usr_3f3e461fb5cc,2024-04-11,free,US,0,13,11.8,5,18,27,0,b205c3d4-3a6a-409b-9000-01dca0af7745
usr_5c37145eb05f,2026-02-08,free,DE,0,0,2.6,0,6,28,0,b205c3d4-3a6a-409b-9000-01dca0af7745
usr_bc23840c2a0a,2025-06-04,free,UK,11,6,5.3,1,26,32,0,b205c3d4-3a6a-409b-9000-01dca0af7745
usr_b6ceac38ba7b,2025-11-28,free,CA,26,6,5.9,1,15,42,0,b205c3d4-3a6a-409b-9000-01dca0af7745
usr_08435b234fd9,2024-04-22,free,US,0,2,12.9,4,12,15,0,b205c3d4-3a6a-409b-9000-01dca0af7745
usr_d7e199f5f08e,2024-08-11,free,CA,21,9,7.2,1,1,91,0,b205c3d4-3a6a-409b-9000-01dca0af7745
usr_8fce208bd4ce,2025-08-10,free,CA,4,2,11.6,3,3,19,0,b205c3d4-3a6a-409b-9000-01dca0af7745
usr_1e20db4472cd,2025-04-04,pro,US,49,0,9.3,4,24,34,0,b205c3d4-3a6a-409b-9000-01dca0af7745
usr_fd986f1b25d8,2025-07-12,free,UK,39,5,15.7,1,17,29,0,b205c3d4-3a6a-409b-9000-01dca0af7745
usr_030d4d13a986,2025-05-07,free,UK,22,13,9.5,3,17,12,0,b205c3d4-3a6a-409b-9000-01dca0af7745
usr_8f5a84af1113,2025-05-06,free,DE,41,10,8.8,0,6,59,0,b205c3d4-3a6a-409b-9000-01dca0af7745
usr_04e1d4c6df8b,2025-10-03,free,UK,13,14,7.5,0,26,69,0,b205c3d4-3a6a-409b-9000-01dca0af7745
usr_892d14f5dcf4,2025-09-05,free,UK,19,0,2.0,2,20,33,0,b205c3d4-3a6a-409b-9000-01dca0af7745
usr_526dd1b611fb,2025-11-19,free,CA,5,12,19.5,4,8,71,0,b205c3d4-3a6a-409b-9000-01dca0af7745
usr_cbb874caa692,2024-05-04,pro,US,27,2,11.8,1,22,56,0,b205c3d4-3a6a-409b-9000-01dca0af7745
usr_10d8b406ef8b,2025-05-08,free,CA,25,1,5.9,1,28,73,0,b205c3d4-3a6a-409b-9000-01dca0af7745
usr_b0ef96137663,2024-10-24,pro,FR,42,7,17.5,3,17,45,0,b205c3d4-3a6a-409b-9000-01dca0af7745
usr_6bbe38febf64,2025-07-14,pro,FR,13,0,10.1,1,7,83,0,b205c3d4-3a6a-409b-9000-01dca0af7745
usr_3e7363aeaa6c,2025-02-07,pro,CA,13,7,12.7,4,4,56,0,b205c3d4-3a6a-409b-9000-01dca0af7745
usr_8d9b8262a303,2024-08-07,free,US,30,0,11.3,2,24,74,0,b205c3d4-3a6a-409b-9000-01dca0af7745
usr_35467b12e3b8,2024-06-17,pro,FR,38,2,7.1,2,16,29,0,b205c3d4-3a6a-409b-9000-01dca0af7745
usr_3e2f22ed8236,2025-06-29,free,DE,12,2,3.3,4,22,65,0,b205c3d4-3a6a-409b-9000-01dca0af7745
usr_6c734901189f,2024-10-01,free,DE,11,0,11.2,1,0,37,0,b205c3d4-3a6a-409b-9000-01dca0af7745
usr_087d41580b4a,2024-11-30,free,DE,32,7,20.0,4,2,16,0,b205c3d4-3a6a-409b-9000-01dca0af7745
usr_ab595cb9242d,2024-01-11,free,DE,41,3,6.4,0,6,25,0,b205c3d4-3a6a-409b-9000-01dca0af7745
usr_23c2d1ae7839,2024-11-24,free,FR,15,9,11.3,4,11,23,1,b205c3d4-3a6a-409b-9000-01dca0af7745
usr_093b15a466f2,2025-11-28,free,FR,9,0,14.7,3,12,27,0,b205c3d4-3a6a-409b-9000-01dca0af7745
usr_888bc09c4e28,2024-04-08,free,FR,28,11,14.4,1,8,89,0,b205c3d4-3a6a-409b-9000-01dca0af7745
usr_da0e2ddc2b26,2024-02-07,free,UK,40,8,4.8,2,24,40,0,b205c3d4-3a6a-409b-9000-01dca0af7745
usr_58037968357b,2025-11-20,free,DE,9,12,9.5,3,12,31,0,b205c3d4-3a6a-409b-9000-01dca0af7745
usr_0e910248e14f,2025-03-08,pro,FR,23,5,17.8,4,15,43,0,b205c3d4-3a6a-409b-9000-01dca0af7745
usr_b5cb15ff7b48,2024-03-01,free,FR,20,3,14.4,2,21,15,0,b205c3d4-3a6a-409b-9000-01dca0af7745
usr_a9cb5b8d30a4,2024-04-25,pro,US,9,5,15.6,5,24,28,1,b205c3d4-3a6a-409b-9000-01dca0af7745
usr_bec98cb5a21b,2026-02-08,pro,FR,31,7,7.4,0,17,57,1,b205c3d4-3a6a-409b-9000-01dca0af7745
usr_747b0598ddb5,2026-01-07,free,FR,11,3,5.1,3,17,91,0,b205c3d4-3a6a-409b-9000-01dca0af7745
usr_5e4b9da76407,2025-12-27,free,UK,34,5,3.6,2,7,26,0,b205c3d4-3a6a-409b-9000-01dca0af7745
usr_6c7ce3964590,2026-01-21,free,FR,21,6,11.2,3,6,66,0,b205c3d4-3a6a-409b-9000-01dca0af7745
usr_9efdb5e7af20,2026-03-26,free,FR,12,13,2.5,1,26,76,0,b205c3d4-3a6a-409b-9000-01dca0af7745
usr_21c00e61d013,2025-04-28,free,FR,42,13,13.3,3,7,65,0,b205c3d4-3a6a-409b-9000-01dca0af7745
usr_dc2dbc85189e,2024-10-26,free,FR,14,4,11.3,5,2,16,0,b205c3d4-3a6a-409b-9000-01dca0af7745
usr_210388135b71,2026-01-12,pro,CA,20,5,12.8,2,1,42,0,b205c3d4-3a6a-409b-9000-01dca0af7745
usr_329b5a5f98e0,2026-04-21,free,UK,3,8,15.9,3,21,89,0,b205c3d4-3a6a-409b-9000-01dca0af7745
usr_e920bed4d438,2024-08-18,free,US,27,14,18.3,4,10,25,0,b205c3d4-3a6a-409b-9000-01dca0af7745
usr_4642335348a0,2026-03-02,pro,US,6,4,9.6,4,28,52,1,b205c3d4-3a6a-409b-9000-01dca0af7745
usr_857dcf21243e,2025-11-20,free,CA,38,14,8.0,3,25,38,1,b205c3d4-3a6a-409b-9000-01dca0af7745
usr_a8f4dbd9b37b,2024-04-25,free,FR,44,12,17.9,3,17,46,0,b205c3d4-3a6a-409b-9000-01dca0af7745
usr_a654840642eb,2025-04-27,free,US,26,1,12.2,5,23,69,0,b205c3d4-3a6a-409b-9000-01dca0af7745
usr_764b6fd01389,2025-03-21,free,FR,20,0,8.2,5,21,60,0,b205c3d4-3a6a-409b-9000-01dca0af7745
usr_e2e811f248bd,2025-07-03,pro,FR,22,2,12.9,4,12,30,0,b205c3d4-3a6a-409b-9000-01dca0af7745
usr_da0b6f0ecf53,2025-02-15,free,US,10,12,12.7,5,8,59,0,b205c3d4-3a6a-409b-9000-01dca0af7745
usr_61a970428ab7,2025-10-13,free,FR,41,12,8.6,1,11,52,0,b205c3d4-3a6a-409b-9000-01dca0af7745
usr_15f6f431b81b,2026-04-01,free,FR,28,9,3.2,5,0,84,0,b205c3d4-3a6a-409b-9000-01dca0af7745
usr_c161e93137ab,2026-04-15,free,CA,8,5,10.9,0,16,47,0,b205c3d4-3a6a-409b-9000-01dca0af7745
usr_dbe56612d933,2024-12-27,free,DE,44,3,4.0,1,16,47,1,b205c3d4-3a6a-409b-9000-01dca0af7745
usr_0edf361b1ee5,2024-10-10,free,FR,46,12,9.1,5,26,28,0,b205c3d4-3a6a-409b-9000-01dca0af7745
usr_2a146fb06839,2025-02-22,pro,FR,33,9,18.4,0,22,60,0,b205c3d4-3a6a-409b-9000-01dca0af7745
usr_4a0dc12f2f38,2025-10-30,free,CA,44,3,15.8,3,8,19,0,b205c3d4-3a6a-409b-9000-01dca0af7745
usr_4371f9d2486c,2024-09-12,free,UK,7,8,7.6,5,10,65,0,b205c3d4-3a6a-409b-9000-01dca0af7745
usr_5ead7384ff5e,2024-05-11,free,CA,9,6,17.7,1,2,50,0,b205c3d4-3a6a-409b-9000-01dca0af7745
usr_eed9c163194a,2024-10-02,pro,CA,44,4,6.9,3,21,72,1,b205c3d4-3a6a-409b-9000-01dca0af7745
usr_4d54cb6763b8,2024-03-01,pro,CA,28,12,6.5,1,10,85,0,b205c3d4-3a6a-409b-9000-01dca0af7745
usr_cc0b88bc4bab,2024-05-15,pro,CA,9,5,2.5,2,10,57,0,b205c3d4-3a6a-409b-9000-01dca0af7745
usr_8131bfc6e26e,2025-01-25,free,FR,4,2,18.3,3,7,20,1,b205c3d4-3a6a-409b-9000-01dca0af7745
usr_13eebfc2f3b8,2026-04-19,enterprise,US,6,8,6.2,0,27,58,0,b205c3d4-3a6a-409b-9000-01dca0af7745
usr_df9f1739026e,2024-07-27,free,CA,30,6,18.2,0,26,89,0,b205c3d4-3a6a-409b-9000-01dca0af7745
usr_4e382f0595f0,2024-06-29,free,FR,11,7,18.9,4,14,30,0,b205c3d4-3a6a-409b-9000-01dca0af7745
usr_a641e2dc4008,2024-01-29,free,CA,26,6,12.8,1,20,59,0,b205c3d4-3a6a-409b-9000-01dca0af7745
usr_33cae7c35597,2025-12-03,pro,UK,43,6,5.7,3,19,49,0,b205c3d4-3a6a-409b-9000-01dca0af7745
usr_6db604508a47,2024-12-18,free,FR,32,10,2.5,0,13,42,0,b205c3d4-3a6a-409b-9000-01dca0af7745
usr_38613ee56cae,2026-03-20,pro,US,32,1,19.7,5,18,57,0,b205c3d4-3a6a-409b-9000-01dca0af7745
usr_30a568080d5d,2026-04-18,free,DE,33,13,18.0,3,10,22,0,b205c3d4-3a6a-409b-9000-01dca0af7745
usr_2bb0b56693bd,2025-10-02,pro,US,23,4,12.7,3,8,87,0,b205c3d4-3a6a-409b-9000-01dca0af7745
usr_30800cb5c6ec,2026-03-12,pro,UK,3,4,5.7,2,12,33,0,b205c3d4-3a6a-409b-9000-01dca0af7745
usr_eae454967881,2026-01-24,free,US,47,6,7.2,4,4,74,1,b205c3d4-3a6a-409b-9000-01dca0af7745
usr_825ffff048b3,2024-02-11,free,FR,1,13,17.6,1,0,58,0,b205c3d4-3a6a-409b-9000-01dca0af7745
usr_2213dee22f73,2024-08-24,free,DE,19,9,5.3,0,6,83,0,b205c3d4-3a6a-409b-9000-01dca0af7745
usr_fac84d104080,2026-03-26,free,CA,6,6,11.8,2,16,24,0,b205c3d4-3a6a-409b-9000-01dca0af7745
usr_4ad416d045d6,2024-09-08,free,CA,19,0,13.9,4,3,36,1,b205c3d4-3a6a-409b-9000-01dca0af7745
usr_6fb5aee08a00,2025-12-26,free,UK,38,7,17.6,2,20,41,0,b205c3d4-3a6a-409b-9000-01dca0af7745
usr_76f0d260cff9,2025-04-24,free,FR,43,7,9.1,0,16,60,0,b205c3d4-3a6a-409b-9000-01dca0af7745
usr_9abf39287a5f,2024-09-02,pro,UK,47,9,13.5,3,1,30,0,b205c3d4-3a6a-409b-9000-01dca0af7745
usr_cb2eb515293d,2024-07-24,pro,FR,23,6,19.7,1,13,70,0,b205c3d4-3a6a-409b-9000-01dca0af7745
usr_9b993fe5be8e,2025-07-18,pro,UK,42,11,12.9,3,2,36,0,b205c3d4-3a6a-409b-9000-01dca0af7745
usr_538aae688f7f,2024-08-14,free,UK,31,13,9.6,4,28,55,0,b205c3d4-3a6a-409b-9000-01dca0af7745
usr_f676bc93bb22,2026-02-05,pro,DE,43,9,8.4,3,0,36,0,b205c3d4-3a6a-409b-9000-01dca0af7745
usr_896850ec755e,2025-03-27,free,US,41,10,6.6,0,24,72,0,b205c3d4-3a6a-409b-9000-01dca0af7745
usr_385bd19e0dd3,2024-12-05,free,UK,42,5,3.1,3,5,74,0,b205c3d4-3a6a-409b-9000-01dca0af7745
usr_34f61fdee754,2025-03-16,pro,US,21,5,18.2,1,28,77,0,b205c3d4-3a6a-409b-9000-01dca0af7745
usr_3814f908ac38,2026-02-18,pro,FR,31,8,18.9,2,16,17,1,b205c3d4-3a6a-409b-9000-01dca0af7745
usr_f90ea2b1a490,2025-08-16,free,UK,25,10,12.5,3,4,30,0,b205c3d4-3a6a-409b-9000-01dca0af7745
usr_7bfcc779fa65,2024-08-03,free,DE,38,2,18.8,1,5,60,0,b205c3d4-3a6a-409b-9000-01dca0af7745
usr_95c94d4e32e0,2025-09-12,free,US,14,11,9.0,0,8,71,0,b205c3d4-3a6a-409b-9000-01dca0af7745
usr_752d962db979,2025-08-13,free,CA,2,2,15.6,2,9,58,0,b205c3d4-3a6a-409b-9000-01dca0af7745
usr_374ace4c3dd7,2025-05-19,free,DE,36,3,5.1,4,2,37,0,b205c3d4-3a6a-409b-9000-01dca0af7745
usr_afb0e2c0f887,2024-07-07,enterprise,CA,34,0,4.7,5,7,45,0,b205c3d4-3a6a-409b-9000-01dca0af7745
usr_b6b52d256215,2026-03-31,pro,DE,11,0,19.8,4,6,60,0,b205c3d4-3a6a-409b-9000-01dca0af7745
usr_eec65f426e79,2024-08-17,pro,US,25,2,19.1,4,22,28,0,b205c3d4-3a6a-409b-9000-01dca0af7745
usr_8c6c2ed3a62b,2024-04-16,free,UK,12,10,3.6,5,0,87,0,b205c3d4-3a6a-409b-9000-01dca0af7745
usr_0a68280a48fd,2024-08-06,free,DE,14,14,18.5,0,0,32,1,b205c3d4-3a6a-409b-9000-01dca0af7745
usr_bdc1b73d73b0,2024-07-30,free,FR,15,13,13.9,0,0,24,0,b205c3d4-3a6a-409b-9000-01dca0af7745
usr_1251095091f0,2026-03-26,free,DE,6,1,15.5,3,29,52,0,b205c3d4-3a6a-409b-9000-01dca0af7745
usr_ffe084e6eca3,2025-01-15,pro,DE,32,6,7.2,1,10,87,0,b205c3d4-3a6a-409b-9000-01dca0af7745
usr_06fb1862b132,2024-08-15,free,FR,37,5,2.7,0,27,29,0,b205c3d4-3a6a-409b-9000-01dca0af7745
usr_ff697b33d902,2025-10-15,free,UK,13,11,19.2,5,21,25,0,b205c3d4-3a6a-409b-9000-01dca0af7745
usr_db80aa4523a8,2024-09-29,pro,DE,43,1,7.6,1,2,37,0,b205c3d4-3a6a-409b-9000-01dca0af7745
usr_49e2de38846b,2025-01-21,free,CA,2,11,10.3,5,11,58,0,b205c3d4-3a6a-409b-9000-01dca0af7745
usr_8d5258a0d0e9,2026-03-24,pro,FR,29,1,8.3,4,8,57,0,b205c3d4-3a6a-409b-9000-01dca0af7745
usr_55141a694e25,2026-03-23,free,CA,10,2,4.8,5,20,55,0,b205c3d4-3a6a-409b-9000-01dca0af7745
usr_e20ece3c8589,2025-06-05,free,UK,36,7,7.1,5,9,47,1,b205c3d4-3a6a-409b-9000-01dca0af7745
usr_34ab43fa1c49,2025-08-07,free,DE,27,13,15.4,3,3,48,0,b205c3d4-3a6a-409b-9000-01dca0af7745
usr_ca09e1c41fa4,2025-10-13,free,FR,46,4,3.0,0,13,75,0,b205c3d4-3a6a-409b-9000-01dca0af7745
usr_8a3dc9a71f72,2025-06-28,free,FR,48,10,17.0,4,19,80,0,b205c3d4-3a6a-409b-9000-01dca0af7745
usr_fe613054a65b,2025-04-15,free,CA,49,11,17.8,3,23,36,0,b205c3d4-3a6a-409b-9000-01dca0af7745
usr_2be01520a557,2024-09-30,pro,FR,44,3,17.0,5,23,94,0,b205c3d4-3a6a-409b-9000-01dca0af7745
usr_55342baac416,2024-11-09,pro,US,5,7,4.6,1,28,46,0,b205c3d4-3a6a-409b-9000-01dca0af7745
usr_056f1980ba7f,2025-05-18,free,DE,28,8,2.4,5,11,73,0,b205c3d4-3a6a-409b-9000-01dca0af7745
usr_b041d49c6618,2025-01-11,free,CA,15,9,15.5,5,29,30,0,b205c3d4-3a6a-409b-9000-01dca0af7745
usr_7e794e18e562,2025-01-30,free,FR,41,3,19.8,1,16,13,0,b205c3d4-3a6a-409b-9000-01dca0af7745
usr_4fbe0163c6d9,2024-09-11,free,DE,16,5,2.1,2,2,22,1,b205c3d4-3a6a-409b-9000-01dca0af7745
usr_012cca8419c0,2024-09-12,pro,FR,27,12,17.8,5,28,67,0,b205c3d4-3a6a-409b-9000-01dca0af7745
usr_1ff481f0e54f,2025-04-10,pro,FR,30,2,6.6,0,25,69,1,b205c3d4-3a6a-409b-9000-01dca0af7745
usr_c6e165208411,2024-12-28,free,FR,3,6,10.2,1,16,34,0,b205c3d4-3a6a-409b-9000-01dca0af7745
usr_f7135ed7e724,2025-03-08,free,US,36,13,13.6,4,0,29,0,b205c3d4-3a6a-409b-9000-01dca0af7745
usr_8bd9ee0ae4cc,2024-09-01,pro,CA,32,0,1.6,2,12,16,0,b205c3d4-3a6a-409b-9000-01dca0af7745
usr_ee84798d21c0,2024-07-12,pro,UK,42,6,2.6,2,29,51,1,b205c3d4-3a6a-409b-9000-01dca0af7745
usr_cf932990be26,2024-10-26,pro,UK,26,6,11.4,3,17,46,0,b205c3d4-3a6a-409b-9000-01dca0af7745
usr_1d85b8ab5084,2024-03-28,free,US,5,0,9.0,1,3,60,0,b205c3d4-3a6a-409b-9000-01dca0af7745
usr_e33c31a0f225,2025-11-21,pro,FR,5,12,15.0,2,18,30,1,b205c3d4-3a6a-409b-9000-01dca0af7745
usr_5fd8367bf2d2,2025-12-11,free,DE,18,7,14.3,4,15,55,0,b205c3d4-3a6a-409b-9000-01dca0af7745
usr_c3767d2dcc39,2025-12-31,free,US,32,11,14.2,5,20,25,0,b205c3d4-3a6a-409b-9000-01dca0af7745
usr_a2a26cd5622e,2025-08-03,pro,CA,12,10,4.0,3,21,25,0,b205c3d4-3a6a-409b-9000-01dca0af7745
usr_385b0edd8a14,2025-04-23,free,DE,21,9,6.4,5,18,41,0,b205c3d4-3a6a-409b-9000-01dca0af7745
usr_ee2a44496fd2,2025-08-15,free,DE,3,12,4.1,1,1,13,1,b205c3d4-3a6a-409b-9000-01dca0af7745
usr_1e0a20a4bc4c,2026-03-24,pro,FR,15,12,17.9,0,13,34,1,b205c3d4-3a6a-409b-9000-01dca0af7745
usr_4decf38aafe0,2024-10-10,free,FR,32,5,12.5,5,11,17,0,b205c3d4-3a6a-409b-9000-01dca0af7745
usr_38c6663c5bb5,2024-04-05,pro,DE,12,10,11.9,0,22,39,0,b205c3d4-3a6a-409b-9000-01dca0af7745
usr_e74f19060098,2024-05-26,free,DE,28,12,1.3,1,11,56,0,b205c3d4-3a6a-409b-9000-01dca0af7745
usr_798feccb8691,2025-07-29,free,US,45,9,9.4,3,9,77,0,b205c3d4-3a6a-409b-9000-01dca0af7745
usr_31b5ca7495f3,2025-08-17,pro,DE,24,9,17.0,3,19,64,0,b205c3d4-3a6a-409b-9000-01dca0af7745
usr_b9852516622b,2025-09-04,free,DE,41,10,17.7,1,25,92,0,b205c3d4-3a6a-409b-9000-01dca0af7745
usr_82a25c1be9b6,2026-02-15,free,US,30,3,19.2,2,13,76,0,b205c3d4-3a6a-409b-9000-01dca0af7745
usr_98f7b10c5920,2025-07-23,pro,FR,6,13,5.5,5,28,38,0,b205c3d4-3a6a-409b-9000-01dca0af7745
usr_13d4d5247a67,2024-05-22,free,UK,22,1,17.1,0,16,84,0,b205c3d4-3a6a-409b-9000-01dca0af7745
usr_882e525d035c,2026-01-13,pro,DE,1,6,13.8,4,17,37,0,b205c3d4-3a6a-409b-9000-01dca0af7745
usr_9d1033971c0b,2025-06-02,free,DE,0,9,18.2,4,1,90,0,b205c3d4-3a6a-409b-9000-01dca0af7745
usr_bac07d32dbe9,2024-05-10,pro,FR,46,8,14.4,4,12,37,0,b205c3d4-3a6a-409b-9000-01dca0af7745
usr_ab25286f7fd0,2024-08-26,free,DE,8,1,19.2,4,17,43,0,b205c3d4-3a6a-409b-9000-01dca0af7745
usr_503c278094f3,2024-06-27,free,UK,26,8,12.7,0,18,42,0,b205c3d4-3a6a-409b-9000-01dca0af7745
usr_ff29e967ac63,2024-01-16,free,UK,20,13,12.0,4,15,15,0,b205c3d4-3a6a-409b-9000-01dca0af7745
usr_c8036cba27ee,2024-04-15,free,US,19,1,15.6,5,27,13,1,b205c3d4-3a6a-409b-9000-01dca0af7745
usr_a992b4b8f83d,2025-08-05,enterprise,UK,21,7,3.9,1,4,82,0,b205c3d4-3a6a-409b-9000-01dca0af7745
usr_91b6ffe6c44e,2025-02-09,free,FR,33,4,12.3,2,16,85,0,b205c3d4-3a6a-409b-9000-01dca0af7745
usr_12b4e3ab1e1f,2024-08-14,free,FR,12,5,1.9,4,21,32,0,b205c3d4-3a6a-409b-9000-01dca0af7745
usr_64bd2f3c03bc,2024-09-16,free,CA,47,6,14.1,3,20,51,0,b205c3d4-3a6a-409b-9000-01dca0af7745
usr_860e3a40bc21,2025-09-19,free,US,32,12,4.3,4,5,75,0,b205c3d4-3a6a-409b-9000-01dca0af7745
usr_1cffb77167ef,2025-05-22,free,FR,28,13,7.2,4,21,92,0,b205c3d4-3a6a-409b-9000-01dca0af7745
usr_93a1477befb0,2024-08-01,free,US,24,5,1.9,5,4,59,0,b205c3d4-3a6a-409b-9000-01dca0af7745
usr_15505d9fcf22,2024-08-20,free,DE,8,6,12.2,1,24,51,0,b205c3d4-3a6a-409b-9000-01dca0af7745
usr_d86fcbf2201e,2024-01-19,free,DE,39,9,18.5,1,2,24,0,b205c3d4-3a6a-409b-9000-01dca0af7745
usr_8420e6106f67,2024-04-01,free,FR,14,2,19.8,2,6,77,0,b205c3d4-3a6a-409b-9000-01dca0af7745
usr_6dd26c957bc0,2025-07-07,free,US,29,6,7.3,5,12,12,0,b205c3d4-3a6a-409b-9000-01dca0af7745
usr_69ed54fc12ef,2024-01-14,free,DE,34,1,11.1,0,15,11,0,b205c3d4-3a6a-409b-9000-01dca0af7745
usr_9e6c99d5c122,2026-02-21,free,FR,0,9,7.0,5,16,28,1,b205c3d4-3a6a-409b-9000-01dca0af7745
usr_bf1cb7b9fc32,2024-03-05,free,US,45,8,13.9,5,6,81,0,b205c3d4-3a6a-409b-9000-01dca0af7745
usr_ef76fd4284bf,2024-03-15,free,CA,0,2,17.3,5,23,14,1,b205c3d4-3a6a-409b-9000-01dca0af7745
usr_7c5d880978f1,2026-03-21,free,CA,6,8,16.9,2,14,65,0,b205c3d4-3a6a-409b-9000-01dca0af7745
usr_489c717f95bf,2025-09-11,free,US,16,11,5.2,3,22,63,0,b205c3d4-3a6a-409b-9000-01dca0af7745
usr_4afc8344df24,2026-04-22,free,FR,23,14,4.6,0,11,89,1,b205c3d4-3a6a-409b-9000-01dca0af7745
usr_c76fe4b4303f,2025-05-01,free,CA,16,8,2.4,2,23,50,0,b205c3d4-3a6a-409b-9000-01dca0af7745
usr_25d0cb5a66d8,2025-11-05,free,CA,14,1,11.7,1,28,18,1,b205c3d4-3a6a-409b-9000-01dca0af7745
usr_734fb1b83431,2025-05-04,pro,US,14,6,8.0,2,9,64,0,b205c3d4-3a6a-409b-9000-01dca0af7745
usr_9ae79fd553d1,2025-06-09,free,DE,2,13,11.8,3,8,48,0,b205c3d4-3a6a-409b-9000-01dca0af7745
usr_4ee43014d66d,2024-08-07,free,UK,14,5,19.6,2,29,41,0,b205c3d4-3a6a-409b-9000-01dca0af7745
usr_9263abfb3da0,2025-06-06,free,UK,21,10,15.5,5,29,23,0,b205c3d4-3a6a-409b-9000-01dca0af7745
usr_0c32277859a4,2024-06-08,pro,FR,18,7,18.6,5,3,42,0,b205c3d4-3a6a-409b-9000-01dca0af7745
usr_5994164cef93,2024-10-26,free,CA,48,2,13.3,5,24,30,0,b205c3d4-3a6a-409b-9000-01dca0af7745
usr_48b1e36c6aae,2024-01-09,free,CA,10,13,13.4,4,15,88,1,b205c3d4-3a6a-409b-9000-01dca0af7745
usr_dd86c284e0ee,2025-09-20,pro,UK,33,10,10.4,5,12,60,0,b205c3d4-3a6a-409b-9000-01dca0af7745
usr_b0b61bc2795f,2025-11-05,free,CA,40,11,11.4,4,7,63,0,b205c3d4-3a6a-409b-9000-01dca0af7745
usr_d4ebb7573542,2024-02-18,free,CA,1,11,19.8,0,4,86,0,b205c3d4-3a6a-409b-9000-01dca0af7745
usr_8eb71cd86a9e,2024-05-21,free,US,17,5,15.9,3,5,86,0,b205c3d4-3a6a-409b-9000-01dca0af7745
usr_ebc1ff86ef5b,2025-06-17,free,CA,24,0,4.9,2,7,59,0,b205c3d4-3a6a-409b-9000-01dca0af7745
usr_94de26e454b4,2024-08-27,pro,DE,26,13,9.5,1,5,45,0,b205c3d4-3a6a-409b-9000-01dca0af7745
usr_50e552dbb499,2024-07-02,free,FR,32,1,18.4,0,1,11,0,b205c3d4-3a6a-409b-9000-01dca0af7745
usr_46f313d911dd,2025-03-09,pro,DE,26,13,5.7,2,8,54,0,b205c3d4-3a6a-409b-9000-01dca0af7745
usr_7adb42ee1732,2024-09-01,free,FR,21,13,16.5,4,28,75,0,b205c3d4-3a6a-409b-9000-01dca0af7745
usr_c6a20a1b8936,2025-07-22,free,FR,26,0,12.4,1,3,27,0,b205c3d4-3a6a-409b-9000-01dca0af7745
usr_cdd4c8b9cb86,2026-01-15,free,US,18,4,3.2,5,13,76,0,b205c3d4-3a6a-409b-9000-01dca0af7745
usr_c5d9fa4bcbfe,2025-05-14,free,FR,19,1,4.5,0,20,65,0,b205c3d4-3a6a-409b-9000-01dca0af7745
usr_18ea932c27e9,2024-01-17,enterprise,CA,21,2,2.7,3,0,24,0,b205c3d4-3a6a-409b-9000-01dca0af7745
usr_987b0799d6fa,2024-03-06,free,DE,17,1,9.2,5,27,75,0,b205c3d4-3a6a-409b-9000-01dca0af7745
usr_513676766954,2024-02-07,free,UK,8,14,4.7,3,3,81,0,b205c3d4-3a6a-409b-9000-01dca0af7745
usr_d1c73661dc20,2025-06-24,free,UK,25,4,19.7,5,1,76,0,b205c3d4-3a6a-409b-9000-01dca0af7745
usr_2b6e01466660,2025-02-16,free,DE,38,6,16.1,5,7,14,0,b205c3d4-3a6a-409b-9000-01dca0af7745
usr_ea68077b206d,2025-04-17,free,US,10,6,8.8,1,8,84,0,b205c3d4-3a6a-409b-9000-01dca0af7745
usr_aa4e60190279,2024-09-27,free,UK,34,3,14.5,4,0,57,0,b205c3d4-3a6a-409b-9000-01dca0af7745
usr_1e6f75413e2b,2025-07-16,free,CA,43,12,2.4,1,14,12,0,b205c3d4-3a6a-409b-9000-01dca0af7745
usr_c02c31875e3c,2024-05-23,pro,CA,39,4,8.7,0,12,51,0,b205c3d4-3a6a-409b-9000-01dca0af7745
usr_f6d4ae2f63dd,2025-05-07,free,US,37,14,14.8,0,27,69,0,b205c3d4-3a6a-409b-9000-01dca0af7745
usr_2f4fa005d768,2025-03-05,pro,UK,46,7,9.5,2,16,55,0,b205c3d4-3a6a-409b-9000-01dca0af7745
usr_3727a1fc5485,2024-11-01,pro,US,40,9,19.7,5,7,83,0,b205c3d4-3a6a-409b-9000-01dca0af7745
usr_8a638aa47d42,2025-11-18,pro,DE,43,12,15.9,4,15,12,0,b205c3d4-3a6a-409b-9000-01dca0af7745
usr_01a186b21b8a,2024-12-31,pro,US,20,8,5.0,5,9,82,0,b205c3d4-3a6a-409b-9000-01dca0af7745
usr_d9af619b39bc,2024-04-12,pro,UK,40,0,13.6,0,16,78,0,b205c3d4-3a6a-409b-9000-01dca0af7745
usr_03a7ddf78ca2,2025-04-19,free,UK,17,8,7.2,2,1,22,0,b205c3d4-3a6a-409b-9000-01dca0af7745
usr_4253bf3fe0e3,2025-03-20,free,DE,11,1,13.3,3,19,25,0,b205c3d4-3a6a-409b-9000-01dca0af7745
usr_76eafec96e6d,2024-05-25,free,DE,11,8,4.2,4,15,83,0,b205c3d4-3a6a-409b-9000-01dca0af7745
usr_55107a25bb95,2025-11-07,free,US,11,9,2.8,4,9,80,0,b205c3d4-3a6a-409b-9000-01dca0af7745
usr_7b3fd4f6f125,2024-11-09,free,CA,16,3,19.5,4,18,43,0,b205c3d4-3a6a-409b-9000-01dca0af7745
usr_0e9e06c8fdcb,2024-11-07,free,US,24,7,10.5,0,5,34,0,b205c3d4-3a6a-409b-9000-01dca0af7745
usr_09efc4dbb4e5,2024-04-03,free,DE,46,5,19.1,4,20,84,0,b205c3d4-3a6a-409b-9000-01dca0af7745
usr_46df844feb1b,2024-12-15,free,CA,46,3,7.3,1,6,35,0,b205c3d4-3a6a-409b-9000-01dca0af7745
usr_ffa08d806a3b,2024-09-30,free,FR,42,3,16.1,0,21,10,0,b205c3d4-3a6a-409b-9000-01dca0af7745
usr_1b8f720c329a,2025-07-29,free,CA,3,2,5.5,0,11,82,0,b205c3d4-3a6a-409b-9000-01dca0af7745
usr_eb1ae29ba18e,2025-05-08,free,UK,27,1,1.7,3,13,57,0,b205c3d4-3a6a-409b-9000-01dca0af7745
usr_045f16e0b96d,2024-01-05,free,UK,21,5,9.4,1,23,88,0,b205c3d4-3a6a-409b-9000-01dca0af7745
usr_e2b31ab755f2,2025-02-27,free,US,5,6,15.9,2,22,75,1,b205c3d4-3a6a-409b-9000-01dca0af7745
usr_75eee41cff9b,2025-10-18,pro,FR,6,12,5.6,1,20,39,0,b205c3d4-3a6a-409b-9000-01dca0af7745
usr_cf5943246f89,2025-05-21,free,DE,2,8,3.5,4,10,10,0,b205c3d4-3a6a-409b-9000-01dca0af7745
usr_0c9af6ad28bd,2024-06-05,free,DE,34,9,4.6,2,29,57,0,b205c3d4-3a6a-409b-9000-01dca0af7745
usr_f928f8ce0a91,2024-11-10,free,CA,33,5,3.5,1,11,36,1,b205c3d4-3a6a-409b-9000-01dca0af7745
usr_966d23d726e0,2026-04-22,free,DE,25,9,14.0,5,4,93,0,b205c3d4-3a6a-409b-9000-01dca0af7745
usr_a5cdc84fdcea,2025-04-20,free,DE,49,12,1.3,3,23,80,1,b205c3d4-3a6a-409b-9000-01dca0af7745
usr_07d1c47fc027,2024-11-17,pro,UK,30,5,19.5,3,20,19,0,b205c3d4-3a6a-409b-9000-01dca0af7745
usr_34db965e13ed,2025-04-20,free,DE,49,13,8.4,1,17,66,0,b205c3d4-3a6a-409b-9000-01dca0af7745
usr_687ab74e8948,2024-10-22,pro,UK,42,3,13.4,4,23,67,0,b205c3d4-3a6a-409b-9000-01dca0af7745
usr_e26138d84986,2024-04-27,free,US,45,3,2.9,3,16,37,0,b205c3d4-3a6a-409b-9000-01dca0af7745
usr_b583b380ba33,2026-02-05,free,FR,15,13,1.8,2,0,81,1,b205c3d4-3a6a-409b-9000-01dca0af7745
usr_449cc86aa388,2024-03-08,free,DE,16,6,13.3,0,8,88,0,b205c3d4-3a6a-409b-9000-01dca0af7745
usr_4524e25a6f65,2024-01-21,pro,UK,49,11,10.1,0,28,67,0,b205c3d4-3a6a-409b-9000-01dca0af7745
usr_b3d0a775020a,2024-01-10,free,US,30,4,19.2,0,13,85,0,b205c3d4-3a6a-409b-9000-01dca0af7745
usr_830fb58b40e8,2024-10-17,free,US,21,9,11.4,4,8,83,0,b205c3d4-3a6a-409b-9000-01dca0af7745
usr_b44098eaf666,2026-04-07,free,UK,45,8,11.0,5,4,43,0,b205c3d4-3a6a-409b-9000-01dca0af7745
usr_ef2a3330f201,2024-07-15,free,US,35,2,6.7,2,23,10,0,b205c3d4-3a6a-409b-9000-01dca0af7745
usr_e68bd2e3f374,2024-12-25,free,US,5,10,14.1,1,25,84,0,b205c3d4-3a6a-409b-9000-01dca0af7745
usr_82517115a5b3,2025-04-19,pro,UK,33,9,6.3,4,21,46,0,b205c3d4-3a6a-409b-9000-01dca0af7745
usr_5a89714f2ef7,2024-11-19,free,US,33,0,3.0,4,15,55,0,b205c3d4-3a6a-409b-9000-01dca0af7745
usr_a61788fc5e51,2025-07-14,free,US,38,14,5.4,4,28,84,0,b205c3d4-3a6a-409b-9000-01dca0af7745
usr_5943e43bcc41,2025-07-31,free,CA,21,14,8.6,4,24,33,0,b205c3d4-3a6a-409b-9000-01dca0af7745
usr_1d5e596ba5ca,2024-03-08,free,FR,18,10,7.3,1,14,26,0,b205c3d4-3a6a-409b-9000-01dca0af7745
usr_1924d9309a85,2025-12-28,free,DE,23,13,8.2,0,5,41,0,b205c3d4-3a6a-409b-9000-01dca0af7745
usr_dd8ee9c70d33,2024-02-21,free,CA,36,12,17.9,4,29,30,0,b205c3d4-3a6a-409b-9000-01dca0af7745
usr_28f816f3ab3c,2024-10-05,pro,UK,45,2,5.0,3,7,43,0,b205c3d4-3a6a-409b-9000-01dca0af7745
usr_2e9b395edd34,2025-01-05,free,CA,32,12,17.8,1,13,50,0,b205c3d4-3a6a-409b-9000-01dca0af7745
usr_0cc1325e0dea,2024-09-06,free,FR,4,7,14.2,5,27,15,0,b205c3d4-3a6a-409b-9000-01dca0af7745
usr_4942eb62e40b,2025-04-14,free,CA,30,3,12.9,5,14,91,0,b205c3d4-3a6a-409b-9000-01dca0af7745
usr_01ab2d8a6cdd,2024-11-24,free,CA,39,5,4.2,3,21,78,0,b205c3d4-3a6a-409b-9000-01dca0af7745
usr_ef38716e7126,2024-12-24,pro,UK,21,12,10.4,1,22,55,1,b205c3d4-3a6a-409b-9000-01dca0af7745
usr_7c6a5d24e1fb,2025-06-12,free,DE,13,1,19.7,3,17,41,0,b205c3d4-3a6a-409b-9000-01dca0af7745
usr_971f206b5573,2025-05-07,free,DE,47,3,8.3,0,2,79,0,b205c3d4-3a6a-409b-9000-01dca0af7745
usr_f9bdbde3f844,2025-03-19,free,UK,18,10,19.4,2,10,63,0,b205c3d4-3a6a-409b-9000-01dca0af7745
usr_139f8bd5dfde,2025-03-21,pro,DE,8,0,10.2,5,7,89,0,b205c3d4-3a6a-409b-9000-01dca0af7745
usr_29dee86bbaa0,2024-10-02,pro,DE,22,4,8.6,0,19,89,0,b205c3d4-3a6a-409b-9000-01dca0af7745
usr_82d06b6f15cb,2025-06-12,free,UK,20,3,18.7,1,14,42,0,b205c3d4-3a6a-409b-9000-01dca0af7745
usr_21c56118b63f,2024-10-29,free,FR,10,3,1.4,0,1,56,0,b205c3d4-3a6a-409b-9000-01dca0af7745
usr_fcaa420200ea,2026-01-10,pro,DE,16,13,2.3,4,9,67,0,b205c3d4-3a6a-409b-9000-01dca0af7745
usr_c3abab18d8fb,2026-02-12,free,FR,18,9,12.8,3,24,50,1,b205c3d4-3a6a-409b-9000-01dca0af7745
usr_eb43ef57bd4b,2026-03-18,free,DE,28,10,12.6,0,12,54,0,b205c3d4-3a6a-409b-9000-01dca0af7745
usr_5e79fe047ab3,2025-11-04,free,US,16,11,7.2,0,10,24,0,b205c3d4-3a6a-409b-9000-01dca0af7745
usr_489b6a25865d,2026-02-17,free,US,5,14,18.1,1,10,32,0,b205c3d4-3a6a-409b-9000-01dca0af7745
usr_db6af1db1768,2026-04-05,free,CA,5,3,18.0,0,15,89,0,b205c3d4-3a6a-409b-9000-01dca0af7745
usr_7088b32f8cc1,2025-10-03,free,UK,17,13,1.1,5,3,17,0,b205c3d4-3a6a-409b-9000-01dca0af7745
usr_0c8d714521ba,2025-09-06,pro,UK,14,5,8.4,5,8,92,0,b205c3d4-3a6a-409b-9000-01dca0af7745
usr_d837d71d39d6,2024-04-13,pro,DE,23,7,1.4,3,13,22,0,b205c3d4-3a6a-409b-9000-01dca0af7745
usr_ab73b1c22de4,2026-04-04,free,FR,17,5,6.5,1,27,13,1,b205c3d4-3a6a-409b-9000-01dca0af7745
usr_3e9cfe841283,2024-07-19,free,CA,18,3,14.7,5,15,49,0,b205c3d4-3a6a-409b-9000-01dca0af7745
usr_2b13a615a97c,2025-09-05,free,FR,45,11,1.3,3,6,69,0,b205c3d4-3a6a-409b-9000-01dca0af7745
usr_2799953d6c30,2025-09-05,free,DE,0,6,16.1,4,7,46,0,b205c3d4-3a6a-409b-9000-01dca0af7745
usr_12afcc94c668,2025-06-15,free,FR,42,5,10.6,3,9,23,0,b205c3d4-3a6a-409b-9000-01dca0af7745
usr_3d197a9aeb9b,2025-12-05,free,DE,35,0,10.8,1,13,50,0,b205c3d4-3a6a-409b-9000-01dca0af7745
usr_53e2935df453,2025-02-28,pro,CA,6,12,18.6,3,8,58,0,b205c3d4-3a6a-409b-9000-01dca0af7745
usr_db6d366aecd2,2025-06-30,enterprise,UK,37,10,2.3,5,5,67,0,b205c3d4-3a6a-409b-9000-01dca0af7745
usr_f94fa7f0e7cd,2025-11-01,free,US,13,0,11.9,4,20,82,1,b205c3d4-3a6a-409b-9000-01dca0af7745
usr_2f01e42d0d34,2025-11-17,free,UK,9,8,14.9,0,23,28,0,b205c3d4-3a6a-409b-9000-01dca0af7745
usr_75c8253bb59c,2024-06-25,pro,UK,31,3,7.7,3,25,10,0,b205c3d4-3a6a-409b-9000-01dca0af7745
usr_3a3dffe2a0da,2024-07-20,pro,US,33,13,11.7,4,22,45,0,b205c3d4-3a6a-409b-9000-01dca0af7745
usr_58e28ee0f148,2025-04-13,pro,FR,29,4,12.0,2,5,62,0,b205c3d4-3a6a-409b-9000-01dca0af7745
usr_b9c3050f6ae9,2024-12-20,free,US,5,7,5.2,4,24,25,0,b205c3d4-3a6a-409b-9000-01dca0af7745
usr_40fe987dc40a,2025-12-03,pro,DE,23,4,18.0,1,5,54,0,b205c3d4-3a6a-409b-9000-01dca0af7745
usr_3992b768bcee,2024-05-13,free,CA,42,6,7.3,3,8,26,0,b205c3d4-3a6a-409b-9000-01dca0af7745
usr_e39c7f29942e,2025-12-15,pro,CA,16,5,16.0,1,20,61,0,b205c3d4-3a6a-409b-9000-01dca0af7745
usr_dc5620442a1a,2025-10-06,free,DE,39,12,1.8,1,1,45,0,b205c3d4-3a6a-409b-9000-01dca0af7745
usr_0335cd51ea20,2024-11-08,free,DE,20,0,6.2,5,4,60,0,b205c3d4-3a6a-409b-9000-01dca0af7745
usr_dbf516a9aacd,2024-12-05,free,US,38,3,1.9,1,17,92,0,b205c3d4-3a6a-409b-9000-01dca0af7745
usr_cd6b982a45f4,2026-03-09,enterprise,US,20,7,3.6,4,21,40,0,b205c3d4-3a6a-409b-9000-01dca0af7745
usr_3ab2e121bf69,2025-10-24,free,CA,33,0,8.3,4,12,28,0,b205c3d4-3a6a-409b-9000-01dca0af7745
usr_683b3de18cf4,2024-12-05,free,UK,17,12,10.0,5,3,58,0,b205c3d4-3a6a-409b-9000-01dca0af7745
usr_9a9374b18ff4,2024-06-30,free,DE,1,9,19.6,2,24,92,1,b205c3d4-3a6a-409b-9000-01dca0af7745
usr_6c18d8f59924,2026-03-20,free,CA,22,13,12.1,1,21,65,0,b205c3d4-3a6a-409b-9000-01dca0af7745
usr_a90db4dee89b,2024-05-18,free,CA,37,6,19.0,4,7,78,0,b205c3d4-3a6a-409b-9000-01dca0af7745
usr_40d560df2358,2026-04-29,pro,CA,21,14,3.3,4,25,42,0,b205c3d4-3a6a-409b-9000-01dca0af7745
usr_c3410a25d9e5,2026-02-11,free,DE,37,5,16.5,3,14,94,0,b205c3d4-3a6a-409b-9000-01dca0af7745
usr_7f0bb6cb332e,2024-09-20,enterprise,UK,19,13,12.1,0,22,76,0,b205c3d4-3a6a-409b-9000-01dca0af7745
usr_7b109eba74d7,2026-04-04,enterprise,CA,0,3,14.7,5,24,15,0,b205c3d4-3a6a-409b-9000-01dca0af7745
usr_807f538cd972,2024-02-11,free,UK,28,8,1.3,1,26,56,0,b205c3d4-3a6a-409b-9000-01dca0af7745
usr_214dae6d662a,2024-05-11,free,DE,34,14,2.5,2,2,11,0,b205c3d4-3a6a-409b-9000-01dca0af7745
usr_77f0b2029ed4,2025-04-30,enterprise,DE,23,11,7.7,1,11,57,0,b205c3d4-3a6a-409b-9000-01dca0af7745
usr_f32e062981d2,2026-04-18,free,UK,24,11,9.8,3,7,72,0,b205c3d4-3a6a-409b-9000-01dca0af7745
usr_d6ad47a8a01b,2026-04-03,pro,UK,30,5,18.7,1,22,57,0,b205c3d4-3a6a-409b-9000-01dca0af7745
usr_e0e7d754894c,2024-10-07,free,US,24,12,12.2,4,8,27,0,b205c3d4-3a6a-409b-9000-01dca0af7745
usr_81bd4e3ae934,2024-07-17,free,US,8,7,9.7,5,16,48,0,b205c3d4-3a6a-409b-9000-01dca0af7745
usr_4b75e87296bc,2025-03-02,free,UK,25,7,12.1,0,8,42,0,b205c3d4-3a6a-409b-9000-01dca0af7745
usr_f4fffe205ca8,2025-02-20,free,US,24,9,17.7,0,17,42,1,b205c3d4-3a6a-409b-9000-01dca0af7745
usr_e582d8af68e6,2024-09-21,free,US,8,10,17.4,1,3,80,1,b205c3d4-3a6a-409b-9000-01dca0af7745
usr_2d00d153839a,2025-04-27,free,FR,1,11,3.8,4,14,75,1,b205c3d4-3a6a-409b-9000-01dca0af7745
usr_c2d7cf9fafcf,2024-10-09,free,UK,11,7,6.0,3,16,81,0,b205c3d4-3a6a-409b-9000-01dca0af7745
usr_2f7f020602f9,2024-04-23,pro,US,12,9,18.4,1,9,89,1,b205c3d4-3a6a-409b-9000-01dca0af7745
usr_5a8bdd4075da,2025-04-28,pro,FR,37,13,16.3,1,12,74,0,b205c3d4-3a6a-409b-9000-01dca0af7745
usr_6d568eb15b84,2024-03-15,free,FR,27,3,15.5,3,22,27,0,b205c3d4-3a6a-409b-9000-01dca0af7745
usr_6a58149d0c9f,2025-07-15,pro,FR,22,5,4.5,1,19,55,0,b205c3d4-3a6a-409b-9000-01dca0af7745
usr_cdb576d336ee,2024-09-16,free,DE,20,10,5.5,4,17,93,0,b205c3d4-3a6a-409b-9000-01dca0af7745
usr_41441098dcd3,2026-01-03,free,CA,35,13,17.6,4,18,42,0,b205c3d4-3a6a-409b-9000-01dca0af7745
usr_43ccf4418998,2026-04-07,free,CA,12,7,11.7,5,1,23,0,b205c3d4-3a6a-409b-9000-01dca0af7745
usr_ffdd25926ccc,2026-02-14,free,FR,37,7,15.9,4,1,68,1,b205c3d4-3a6a-409b-9000-01dca0af7745
usr_2307103d7298,2026-02-05,free,UK,29,9,3.6,1,3,43,1,b205c3d4-3a6a-409b-9000-01dca0af7745
usr_cb048577bdf9,2025-11-12,free,DE,11,0,4.3,3,0,89,0,b205c3d4-3a6a-409b-9000-01dca0af7745
usr_5a2909bc65f9,2024-11-24,pro,FR,43,8,7.4,3,5,75,0,b205c3d4-3a6a-409b-9000-01dca0af7745
usr_74da2f4dc37b,2026-01-19,pro,FR,20,0,4.2,2,1,18,0,b205c3d4-3a6a-409b-9000-01dca0af7745
usr_ec1baa2e6ca2,2024-09-11,free,US,43,0,6.9,4,16,16,0,b205c3d4-3a6a-409b-9000-01dca0af7745
usr_b6c97cc65544,2025-07-21,free,FR,9,2,15.3,4,9,33,0,b205c3d4-3a6a-409b-9000-01dca0af7745
usr_1438483e8b6f,2024-02-10,free,US,21,8,4.7,3,18,20,0,b205c3d4-3a6a-409b-9000-01dca0af7745
usr_29e5699a84d4,2024-01-21,pro,FR,14,4,9.9,4,25,32,1,b205c3d4-3a6a-409b-9000-01dca0af7745
usr_aa4af2b16915,2024-07-25,free,UK,4,7,1.9,5,11,53,0,b205c3d4-3a6a-409b-9000-01dca0af7745
usr_00277424aab9,2025-04-23,free,DE,22,1,18.6,3,12,47,1,b205c3d4-3a6a-409b-9000-01dca0af7745
usr_ef021a4d6b29,2024-04-16,free,FR,16,5,9.2,2,9,44,0,b205c3d4-3a6a-409b-9000-01dca0af7745
usr_2f513848c56f,2025-09-03,free,CA,1,5,13.6,0,16,73,0,b205c3d4-3a6a-409b-9000-01dca0af7745
usr_a35545676e74,2025-05-24,pro,FR,16,5,9.5,0,6,33,0,b205c3d4-3a6a-409b-9000-01dca0af7745
usr_041661715bba,2026-04-02,free,FR,10,2,19.7,4,27,41,0,b205c3d4-3a6a-409b-9000-01dca0af7745
usr_2f7264ae9adb,2024-09-10,enterprise,UK,41,1,8.4,3,3,77,0,b205c3d4-3a6a-409b-9000-01dca0af7745
usr_9b707d95519c,2024-04-25,pro,FR,11,9,11.3,3,27,24,0,b205c3d4-3a6a-409b-9000-01dca0af7745
usr_95db7ee33b8e,2024-07-27,pro,UK,30,9,1.6,1,4,74,0,b205c3d4-3a6a-409b-9000-01dca0af7745
usr_6e69f58a3914,2025-07-13,pro,FR,26,13,13.3,1,29,11,0,b205c3d4-3a6a-409b-9000-01dca0af7745
usr_4bcaa73ed74a,2025-10-08,free,UK,33,11,4.4,0,27,28,0,b205c3d4-3a6a-409b-9000-01dca0af7745
usr_9547386b8183,2025-12-19,free,CA,0,3,7.1,5,23,89,0,b205c3d4-3a6a-409b-9000-01dca0af7745
usr_eaaa0a54aae7,2025-01-28,free,DE,34,8,12.2,1,5,46,0,b205c3d4-3a6a-409b-9000-01dca0af7745
usr_86973657c862,2025-08-22,free,FR,9,5,15.0,3,22,93,0,b205c3d4-3a6a-409b-9000-01dca0af7745
usr_23676256f2b0,2025-05-02,free,CA,11,10,14.6,1,10,61,0,b205c3d4-3a6a-409b-9000-01dca0af7745
usr_b0cd2463149c,2025-12-03,free,US,31,1,4.9,3,14,29,0,b205c3d4-3a6a-409b-9000-01dca0af7745
usr_c985716b8272,2024-02-07,free,CA,5,7,4.3,4,10,59,0,b205c3d4-3a6a-409b-9000-01dca0af7745
usr_184b86d8ad64,2025-07-23,pro,UK,20,4,3.5,0,5,10,0,b205c3d4-3a6a-409b-9000-01dca0af7745
usr_e8b946125fff,2026-02-03,free,DE,19,14,11.3,4,3,91,0,b205c3d4-3a6a-409b-9000-01dca0af7745
usr_d1fecfb8c0ec,2025-04-03,free,FR,47,5,17.0,0,26,76,0,b205c3d4-3a6a-409b-9000-01dca0af7745
usr_097a4751648f,2025-02-10,free,UK,44,9,13.3,1,11,31,0,b205c3d4-3a6a-409b-9000-01dca0af7745
usr_1b75ffcc4ed5,2025-02-14,free,UK,47,0,7.2,2,12,47,1,b205c3d4-3a6a-409b-9000-01dca0af7745
usr_18c3dcfc60ca,2024-06-10,pro,DE,41,8,11.5,4,6,48,1,b205c3d4-3a6a-409b-9000-01dca0af7745
usr_ee12c3c4bd52,2024-01-20,free,US,18,9,3.7,2,7,35,0,b205c3d4-3a6a-409b-9000-01dca0af7745
usr_eccd465a7e0a,2025-10-15,free,US,45,2,19.4,0,10,10,0,b205c3d4-3a6a-409b-9000-01dca0af7745
usr_5f25f37d5664,2025-02-14,free,US,38,10,9.8,3,29,36,0,b205c3d4-3a6a-409b-9000-01dca0af7745
usr_41a0c93f1f47,2024-02-08,enterprise,FR,26,5,5.2,2,29,92,0,b205c3d4-3a6a-409b-9000-01dca0af7745
usr_f5d2ad563558,2024-10-14,free,CA,4,14,1.8,3,4,24,0,b205c3d4-3a6a-409b-9000-01dca0af7745
usr_0e0d48567285,2024-04-04,pro,US,1,3,12.5,5,4,76,0,b205c3d4-3a6a-409b-9000-01dca0af7745
usr_dc6f5e263c80,2025-05-15,free,UK,28,11,9.3,5,22,34,0,b205c3d4-3a6a-409b-9000-01dca0af7745
usr_be825a8d95b2,2025-05-15,free,US,5,11,18.4,0,5,42,1,b205c3d4-3a6a-409b-9000-01dca0af7745
usr_ef3d6415606a,2024-04-23,free,US,11,0,13.8,5,22,83,0,b205c3d4-3a6a-409b-9000-01dca0af7745
usr_0ca26daf6fae,2024-01-10,free,CA,39,3,12.9,0,6,48,0,b205c3d4-3a6a-409b-9000-01dca0af7745
usr_3833c2f07060,2024-02-21,free,CA,17,13,1.7,3,19,66,1,b205c3d4-3a6a-409b-9000-01dca0af7745
usr_38c41fa23fc8,2024-06-01,free,FR,46,9,4.1,0,9,11,0,b205c3d4-3a6a-409b-9000-01dca0af7745
usr_f12a35ccabe7,2024-11-06,free,UK,6,0,4.8,2,27,71,0,b205c3d4-3a6a-409b-9000-01dca0af7745
usr_3edab8bd20c6,2024-08-29,enterprise,FR,8,11,8.7,2,4,19,0,b205c3d4-3a6a-409b-9000-01dca0af7745
usr_830dc7fd1c4d,2024-10-13,free,FR,18,11,17.9,1,25,33,0,b205c3d4-3a6a-409b-9000-01dca0af7745
usr_898f5a064338,2024-11-28,free,CA,45,12,19.7,5,12,36,1,b205c3d4-3a6a-409b-9000-01dca0af7745
usr_3f4e0bb5e90e,2024-12-19,free,FR,31,7,10.0,0,22,33,0,b205c3d4-3a6a-409b-9000-01dca0af7745
usr_deedf7245fca,2026-02-04,free,US,11,14,5.0,4,14,20,1,b205c3d4-3a6a-409b-9000-01dca0af7745
usr_4514a9a1200d,2024-12-24,free,US,45,0,8.3,1,19,14,0,b205c3d4-3a6a-409b-9000-01dca0af7745
usr_98c668035518,2025-05-02,free,CA,24,12,1.0,0,1,69,0,b205c3d4-3a6a-409b-9000-01dca0af7745
usr_e95249b97737,2025-08-26,free,DE,42,10,6.5,5,13,83,0,b205c3d4-3a6a-409b-9000-01dca0af7745
usr_b7302cd1f38c,2025-06-27,free,CA,29,11,14.5,4,22,71,0,b205c3d4-3a6a-409b-9000-01dca0af7745
usr_f8066463947e,2025-07-05,pro,CA,46,12,17.0,0,12,55,0,b205c3d4-3a6a-409b-9000-01dca0af7745
usr_e90768db9c8b,2024-07-07,free,DE,37,12,10.3,1,15,67,0,b205c3d4-3a6a-409b-9000-01dca0af7745
usr_9402bfc6ccf2,2025-12-18,pro,DE,17,6,5.1,5,4,12,0,b205c3d4-3a6a-409b-9000-01dca0af7745
usr_5375d4fb1cea,2024-06-16,free,CA,42,7,3.2,2,15,53,1,b205c3d4-3a6a-409b-9000-01dca0af7745
usr_42bab57015f6,2025-11-30,pro,US,0,9,3.0,1,8,21,0,b205c3d4-3a6a-409b-9000-01dca0af7745
usr_abbb34e7c613,2024-10-03,free,UK,22,13,2.4,3,19,71,0,b205c3d4-3a6a-409b-9000-01dca0af7745
usr_2d95610a22c5,2025-01-14,free,FR,20,12,6.3,2,11,86,0,b205c3d4-3a6a-409b-9000-01dca0af7745
usr_e9b943bd970a,2025-01-09,free,UK,45,3,5.4,1,8,49,1,b205c3d4-3a6a-409b-9000-01dca0af7745
usr_915c75fd9ddd,2024-06-03,free,DE,43,7,9.4,4,4,56,0,b205c3d4-3a6a-409b-9000-01dca0af7745
usr_faf7e1bc8528,2024-06-18,free,US,3,7,15.6,3,20,75,0,b205c3d4-3a6a-409b-9000-01dca0af7745
usr_012dadbc9891,2025-03-08,free,DE,46,3,2.4,3,18,67,0,b205c3d4-3a6a-409b-9000-01dca0af7745
usr_84f132c71c70,2025-02-14,free,UK,18,12,2.7,3,3,70,1,b205c3d4-3a6a-409b-9000-01dca0af7745
usr_dec7aa2fcdd8,2024-01-08,free,UK,26,12,8.2,0,9,19,1,b205c3d4-3a6a-409b-9000-01dca0af7745
usr_5bc76e7b463f,2026-04-21,free,UK,10,3,9.1,4,27,73,0,b205c3d4-3a6a-409b-9000-01dca0af7745
usr_aaa88bac21b4,2024-03-01,free,US,28,7,11.0,1,6,58,1,b205c3d4-3a6a-409b-9000-01dca0af7745
usr_883c83c3f090,2024-05-20,free,FR,2,13,2.7,1,11,62,0,b205c3d4-3a6a-409b-9000-01dca0af7745
usr_954200f0a142,2024-01-28,free,DE,24,14,15.5,4,12,88,1,b205c3d4-3a6a-409b-9000-01dca0af7745
usr_5b01754a2400,2024-05-01,pro,CA,27,4,1.0,5,24,16,0,b205c3d4-3a6a-409b-9000-01dca0af7745
usr_e88f01da6a16,2025-10-10,free,DE,49,6,4.9,0,17,53,0,b205c3d4-3a6a-409b-9000-01dca0af7745
usr_e83db12f6669,2025-08-02,free,US,7,13,3.7,0,4,20,0,b205c3d4-3a6a-409b-9000-01dca0af7745
usr_c994679577fc,2026-01-30,free,UK,46,13,12.2,1,3,13,0,b205c3d4-3a6a-409b-9000-01dca0af7745
usr_3050d04e27f0,2026-01-27,free,CA,25,4,14.5,2,6,50,0,b205c3d4-3a6a-409b-9000-01dca0af7745
usr_be06773c8440,2025-01-19,free,DE,27,7,3.3,4,23,82,0,b205c3d4-3a6a-409b-9000-01dca0af7745
usr_2214636b1620,2025-06-28,free,CA,21,8,18.4,5,7,19,0,b205c3d4-3a6a-409b-9000-01dca0af7745
usr_c004c6ac90fc,2025-06-01,pro,US,34,9,15.6,5,13,46,0,b205c3d4-3a6a-409b-9000-01dca0af7745
usr_5e47aab9cbda,2025-08-29,pro,DE,44,9,17.4,0,25,63,1,b205c3d4-3a6a-409b-9000-01dca0af7745
usr_66c1213b3036,2025-02-10,enterprise,FR,29,5,3.1,1,2,16,0,b205c3d4-3a6a-409b-9000-01dca0af7745
usr_22604de2e932,2025-03-04,pro,US,38,11,17.5,0,8,45,0,b205c3d4-3a6a-409b-9000-01dca0af7745
usr_c0e1c86435d2,2025-09-04,pro,DE,42,8,12.8,3,26,79,0,b205c3d4-3a6a-409b-9000-01dca0af7745
usr_ecc05e7e0f7b,2026-01-25,free,US,44,0,14.0,3,7,39,0,b205c3d4-3a6a-409b-9000-01dca0af7745
usr_8a9319bab60e,2026-01-19,free,US,37,13,19.4,2,19,55,1,b205c3d4-3a6a-409b-9000-01dca0af7745
usr_648f5ad9b0d6,2024-07-14,free,CA,40,7,1.8,4,23,20,1,b205c3d4-3a6a-409b-9000-01dca0af7745
usr_c8d88b536025,2024-02-03,pro,CA,8,12,5.5,0,18,50,0,b205c3d4-3a6a-409b-9000-01dca0af7745
usr_5a98477d1fba,2024-12-02,free,FR,44,1,18.7,1,23,34,0,b205c3d4-3a6a-409b-9000-01dca0af7745
usr_f0bbc2a302e8,2024-05-07,free,FR,39,8,15.4,2,10,38,0,b205c3d4-3a6a-409b-9000-01dca0af7745
usr_1818a8de24cb,2025-11-19,free,DE,14,1,18.2,5,11,55,1,b205c3d4-3a6a-409b-9000-01dca0af7745
usr_ca546fbc8973,2024-10-21,enterprise,UK,35,8,15.3,4,22,64,0,b205c3d4-3a6a-409b-9000-01dca0af7745
usr_b29d31b410eb,2025-07-12,enterprise,UK,8,10,17.3,2,3,35,0,b205c3d4-3a6a-409b-9000-01dca0af7745
usr_9187a4e4b675,2024-05-29,free,FR,48,2,9.8,0,5,73,0,b205c3d4-3a6a-409b-9000-01dca0af7745
usr_a3aaf4b0d21e,2024-07-05,free,UK,9,8,3.6,0,21,19,0,b205c3d4-3a6a-409b-9000-01dca0af7745
usr_8168fbc66a8b,2024-04-14,free,UK,33,7,11.6,2,12,46,0,b205c3d4-3a6a-409b-9000-01dca0af7745
usr_922275dcf58e,2025-06-13,free,DE,26,8,10.0,4,27,85,0,b205c3d4-3a6a-409b-9000-01dca0af7745
usr_7582b8dca86d,2025-07-14,free,UK,44,9,11.2,1,12,53,0,b205c3d4-3a6a-409b-9000-01dca0af7745
usr_4522173a8a86,2025-11-18,pro,FR,45,10,3.9,4,15,38,0,b205c3d4-3a6a-409b-9000-01dca0af7745
usr_30e87ac67757,2024-11-11,free,CA,36,0,8.2,0,10,44,0,b205c3d4-3a6a-409b-9000-01dca0af7745
usr_45d6a8d4004b,2026-03-08,pro,CA,47,11,16.7,4,19,53,0,b205c3d4-3a6a-409b-9000-01dca0af7745
usr_3cfdcdcc7144,2026-03-12,free,FR,4,3,13.5,0,26,70,0,b205c3d4-3a6a-409b-9000-01dca0af7745
usr_62fad8fd99ca,2025-02-24,enterprise,CA,20,0,12.3,4,15,35,0,b205c3d4-3a6a-409b-9000-01dca0af7745
usr_7dc4781961c5,2025-06-30,free,US,41,9,2.2,2,5,39,0,b205c3d4-3a6a-409b-9000-01dca0af7745
usr_474d9fa21ae8,2025-06-03,free,UK,18,12,10.6,5,17,18,0,b205c3d4-3a6a-409b-9000-01dca0af7745
usr_f0e3c0904669,2024-05-29,free,CA,5,8,12.0,5,26,20,1,b205c3d4-3a6a-409b-9000-01dca0af7745
usr_6a098f931e50,2026-01-26,free,FR,30,4,4.9,0,17,41,0,b205c3d4-3a6a-409b-9000-01dca0af7745
usr_df1d7fcafa7a,2026-01-19,enterprise,UK,41,11,8.0,0,26,27,1,b205c3d4-3a6a-409b-9000-01dca0af7745
usr_65dab06c43d4,2026-03-09,free,UK,14,0,12.2,0,9,63,0,b205c3d4-3a6a-409b-9000-01dca0af7745
usr_3dcc94366cf2,2025-05-28,pro,UK,19,1,9.5,2,18,10,1,b205c3d4-3a6a-409b-9000-01dca0af7745
usr_eab1c235daa5,2024-05-25,free,CA,36,14,2.1,0,8,67,0,b205c3d4-3a6a-409b-9000-01dca0af7745
usr_c71769ed6a3a,2025-10-03,free,FR,41,11,1.5,4,6,70,0,b205c3d4-3a6a-409b-9000-01dca0af7745
usr_9686f5da6967,2026-01-18,free,FR,49,8,6.1,5,2,39,0,b205c3d4-3a6a-409b-9000-01dca0af7745
usr_f9695a6a30a1,2024-10-11,free,CA,5,3,18.0,2,4,15,0,b205c3d4-3a6a-409b-9000-01dca0af7745
usr_0058acc71ef6,2024-11-30,pro,CA,7,2,19.1,1,10,86,1,b205c3d4-3a6a-409b-9000-01dca0af7745
usr_9142d58641db,2024-08-25,free,CA,27,9,1.0,2,2,16,1,b205c3d4-3a6a-409b-9000-01dca0af7745
usr_6fcfd5a4e554,2024-03-12,free,FR,27,5,12.2,0,17,64,0,b205c3d4-3a6a-409b-9000-01dca0af7745
usr_66cc4870137a,2024-11-10,free,CA,15,8,15.6,1,26,33,0,b205c3d4-3a6a-409b-9000-01dca0af7745
usr_77d8a8bc58da,2025-05-17,free,FR,16,14,10.0,5,25,83,0,b205c3d4-3a6a-409b-9000-01dca0af7745
usr_be17321a93e4,2026-02-17,free,UK,0,4,5.9,5,9,36,1,b205c3d4-3a6a-409b-9000-01dca0af7745
usr_942e4ba5d729,2026-01-31,free,CA,4,5,8.1,4,2,43,0,b205c3d4-3a6a-409b-9000-01dca0af7745
usr_317f2a4b9c04,2026-03-09,pro,CA,34,0,13.3,5,22,94,0,b205c3d4-3a6a-409b-9000-01dca0af7745
usr_a820315fc197,2026-04-27,free,US,48,4,18.8,2,9,75,0,b205c3d4-3a6a-409b-9000-01dca0af7745
usr_6e427db1e158,2025-07-28,free,DE,25,6,13.1,3,1,84,0,b205c3d4-3a6a-409b-9000-01dca0af7745
usr_66026aaa9e67,2024-06-16,pro,UK,37,14,5.4,4,2,82,0,b205c3d4-3a6a-409b-9000-01dca0af7745
usr_038bf8614e37,2026-04-14,pro,FR,39,13,9.2,1,2,15,0,b205c3d4-3a6a-409b-9000-01dca0af7745
usr_c6924de16fed,2024-06-18,free,FR,12,8,6.6,4,26,65,0,b205c3d4-3a6a-409b-9000-01dca0af7745
usr_6175e37e5fd2,2025-11-17,free,CA,25,10,3.1,4,24,30,0,b205c3d4-3a6a-409b-9000-01dca0af7745
usr_2988c1f384f6,2025-02-12,pro,FR,13,12,13.9,3,8,43,0,b205c3d4-3a6a-409b-9000-01dca0af7745
usr_7aed9d772f46,2025-10-29,pro,CA,3,10,11.0,4,22,73,0,b205c3d4-3a6a-409b-9000-01dca0af7745
usr_f4a3dac7b125,2024-11-21,pro,FR,22,4,3.4,4,20,91,1,b205c3d4-3a6a-409b-9000-01dca0af7745
usr_21bbca6df4cf,2025-06-14,pro,DE,5,11,8.8,0,26,21,0,b205c3d4-3a6a-409b-9000-01dca0af7745
usr_abd5b28439cf,2025-08-26,free,CA,23,1,15.9,1,9,12,0,b205c3d4-3a6a-409b-9000-01dca0af7745
usr_85cf3a651f06,2025-11-11,pro,FR,9,11,11.2,1,0,78,0,b205c3d4-3a6a-409b-9000-01dca0af7745
usr_49fd9dae7e50,2026-04-05,free,DE,42,13,7.4,0,29,59,1,b205c3d4-3a6a-409b-9000-01dca0af7745
usr_2ee441bf2ccd,2025-09-15,free,DE,4,2,16.7,5,14,84,0,b205c3d4-3a6a-409b-9000-01dca0af7745
usr_4f1618919f0a,2024-02-07,pro,US,47,11,9.3,0,10,34,0,b205c3d4-3a6a-409b-9000-01dca0af7745
usr_5602691daf4a,2025-09-06,free,CA,46,13,9.0,1,6,55,0,b205c3d4-3a6a-409b-9000-01dca0af7745
usr_f38c5b3c43e5,2024-03-26,free,UK,10,7,8.4,2,16,29,0,b205c3d4-3a6a-409b-9000-01dca0af7745
usr_0dfbbd378292,2026-03-14,free,US,49,6,2.6,1,24,32,0,b205c3d4-3a6a-409b-9000-01dca0af7745
usr_3ec1fd928f3d,2024-06-19,free,CA,26,13,9.0,1,15,62,0,b205c3d4-3a6a-409b-9000-01dca0af7745
usr_b1a4c6a34912,2024-08-09,free,US,24,2,1.6,2,16,40,0,b205c3d4-3a6a-409b-9000-01dca0af7745
usr_2d2fb5dca319,2024-06-16,free,CA,2,4,10.0,0,1,27,0,b205c3d4-3a6a-409b-9000-01dca0af7745
usr_b80f66a5b624,2025-11-28,free,CA,24,7,13.2,4,7,48,0,b205c3d4-3a6a-409b-9000-01dca0af7745
usr_ea64424a2a8b,2025-09-24,free,FR,20,12,4.6,3,13,73,1,b205c3d4-3a6a-409b-9000-01dca0af7745
usr_83b97c5d04b4,2026-02-07,free,FR,19,1,13.0,2,0,19,0,b205c3d4-3a6a-409b-9000-01dca0af7745
usr_82711150a738,2025-01-13,free,CA,48,8,18.4,3,5,30,0,b205c3d4-3a6a-409b-9000-01dca0af7745
usr_44061adf2498,2024-10-16,free,US,0,4,7.7,3,27,80,0,b205c3d4-3a6a-409b-9000-01dca0af7745
usr_182b139b2ddd,2024-12-18,free,CA,7,11,12.0,2,10,76,0,b205c3d4-3a6a-409b-9000-01dca0af7745
usr_5f056e76c587,2024-11-19,pro,DE,24,4,12.2,4,9,31,0,b205c3d4-3a6a-409b-9000-01dca0af7745
usr_e108f10ce20c,2025-01-27,free,CA,27,7,12.2,0,9,37,0,b205c3d4-3a6a-409b-9000-01dca0af7745
usr_ada921119023,2024-09-16,pro,CA,18,1,14.5,1,11,19,0,b205c3d4-3a6a-409b-9000-01dca0af7745
usr_244c279fe97f,2026-02-24,pro,FR,5,11,18.8,1,23,48,0,b205c3d4-3a6a-409b-9000-01dca0af7745
usr_cdfa518b78f3,2024-01-01,free,FR,0,5,7.3,4,6,38,0,b205c3d4-3a6a-409b-9000-01dca0af7745
usr_9e063afefb08,2025-01-06,enterprise,FR,38,11,16.7,2,21,55,1,b205c3d4-3a6a-409b-9000-01dca0af7745
usr_3b186b53d869,2024-04-26,free,CA,30,4,19.7,2,5,72,0,b205c3d4-3a6a-409b-9000-01dca0af7745
usr_09cf47dbbb75,2025-04-16,free,US,32,13,3.6,1,24,38,0,b205c3d4-3a6a-409b-9000-01dca0af7745
usr_bddc4b0f276b,2026-03-19,free,UK,0,0,15.4,1,28,57,0,b205c3d4-3a6a-409b-9000-01dca0af7745
usr_e54822bebe73,2024-01-18,free,US,43,1,8.4,5,6,38,1,b205c3d4-3a6a-409b-9000-01dca0af7745
usr_d6744a6f7da5,2025-02-01,free,US,40,13,18.3,2,26,65,0,b205c3d4-3a6a-409b-9000-01dca0af7745
usr_9551d676ab92,2025-04-22,enterprise,US,0,6,17.0,5,21,63,1,b205c3d4-3a6a-409b-9000-01dca0af7745
usr_1daef3832f86,2025-08-24,free,CA,2,6,15.7,5,28,50,0,b205c3d4-3a6a-409b-9000-01dca0af7745
usr_62d929019992,2025-03-11,free,CA,21,7,15.9,0,8,51,0,b205c3d4-3a6a-409b-9000-01dca0af7745
usr_6edfb21b4b20,2026-04-27,enterprise,US,2,0,17.2,5,11,52,0,b205c3d4-3a6a-409b-9000-01dca0af7745
usr_0ee8f5b5432e,2025-05-26,pro,CA,49,6,18.2,4,0,11,0,b205c3d4-3a6a-409b-9000-01dca0af7745
usr_bdbbe1b701ea,2024-06-22,pro,US,38,10,14.1,5,18,31,1,b205c3d4-3a6a-409b-9000-01dca0af7745
usr_a3c6b0d4bc24,2024-02-10,pro,DE,45,4,13.0,0,20,44,0,b205c3d4-3a6a-409b-9000-01dca0af7745
usr_8caa4124311d,2025-04-05,free,FR,48,10,12.9,3,8,81,0,b205c3d4-3a6a-409b-9000-01dca0af7745
usr_dd4a19d3cec1,2025-05-05,pro,DE,37,1,8.1,2,19,36,0,b205c3d4-3a6a-409b-9000-01dca0af7745
usr_e43657edbc23,2024-06-24,free,US,40,6,17.8,1,18,83,0,b205c3d4-3a6a-409b-9000-01dca0af7745
usr_5fd755f11a55,2024-01-02,pro,FR,48,0,15.3,2,18,40,0,b205c3d4-3a6a-409b-9000-01dca0af7745
usr_e6efb46ed50f,2024-03-14,pro,DE,39,0,14.3,0,12,51,1,b205c3d4-3a6a-409b-9000-01dca0af7745
usr_6a388e0db40a,2024-02-18,free,US,27,4,1.3,4,22,27,0,b205c3d4-3a6a-409b-9000-01dca0af7745
usr_d5d380261063,2025-07-06,pro,US,3,4,9.6,0,19,39,0,b205c3d4-3a6a-409b-9000-01dca0af7745
usr_5c2255f796ee,2024-07-20,free,UK,23,10,12.8,3,6,51,0,b205c3d4-3a6a-409b-9000-01dca0af7745
usr_9376e4b148f8,2024-09-24,free,DE,17,2,4.7,3,18,64,0,b205c3d4-3a6a-409b-9000-01dca0af7745
usr_e5db5792535c,2025-10-23,pro,FR,42,12,15.3,2,11,56,0,b205c3d4-3a6a-409b-9000-01dca0af7745
usr_1e0d6f64a1ff,2026-03-13,free,DE,48,7,19.7,4,27,38,0,b205c3d4-3a6a-409b-9000-01dca0af7745
usr_3f0364c30bc0,2024-04-10,free,DE,42,1,2.0,4,22,16,1,b205c3d4-3a6a-409b-9000-01dca0af7745
usr_12764bad6d26,2024-04-25,free,DE,32,8,8.9,5,22,50,0,b205c3d4-3a6a-409b-9000-01dca0af7745
usr_c1baa703ee14,2024-10-17,free,DE,29,14,1.5,5,1,28,0,b205c3d4-3a6a-409b-9000-01dca0af7745
usr_62e943300aca,2024-12-06,free,FR,27,8,11.0,4,17,68,0,b205c3d4-3a6a-409b-9000-01dca0af7745
usr_c05c9d6b6869,2024-04-13,free,UK,30,9,19.6,5,3,66,0,b205c3d4-3a6a-409b-9000-01dca0af7745
usr_6f3a1b396f97,2024-10-08,free,DE,49,2,13.2,0,29,61,1,b205c3d4-3a6a-409b-9000-01dca0af7745
usr_89c22a507651,2026-03-29,free,FR,15,14,5.9,3,1,90,0,b205c3d4-3a6a-409b-9000-01dca0af7745
usr_9c1bb9c95bb7,2026-02-27,free,CA,31,13,3.6,1,24,46,0,b205c3d4-3a6a-409b-9000-01dca0af7745
usr_1859cbc8f419,2025-06-18,free,DE,26,0,8.1,4,9,16,0,b205c3d4-3a6a-409b-9000-01dca0af7745
usr_917656a862d1,2025-02-23,enterprise,UK,4,10,18.5,3,11,14,0,b205c3d4-3a6a-409b-9000-01dca0af7745
usr_b51fa14f4b53,2025-10-28,free,FR,11,2,6.3,2,7,63,0,b205c3d4-3a6a-409b-9000-01dca0af7745
usr_ed840ec714a0,2025-01-18,free,US,14,4,9.2,2,1,43,0,b205c3d4-3a6a-409b-9000-01dca0af7745
usr_2d1f2396e418,2025-02-11,free,DE,36,10,11.3,4,20,48,0,b205c3d4-3a6a-409b-9000-01dca0af7745
usr_ae809b1b6347,2025-06-19,free,UK,2,6,7.9,5,2,32,0,b205c3d4-3a6a-409b-9000-01dca0af7745
usr_61565b7f5b30,2025-11-30,free,FR,31,2,13.4,2,24,55,1,b205c3d4-3a6a-409b-9000-01dca0af7745
usr_e6ecfe64cf57,2024-10-11,free,CA,13,4,17.8,0,22,25,1,b205c3d4-3a6a-409b-9000-01dca0af7745
usr_9926c1851f00,2025-01-16,free,FR,46,2,14.3,0,13,48,0,b205c3d4-3a6a-409b-9000-01dca0af7745
usr_4a93bcc2db27,2025-12-08,pro,CA,7,13,16.7,5,23,86,0,b205c3d4-3a6a-409b-9000-01dca0af7745
usr_6884a4f4f64e,2025-08-14,pro,UK,48,3,15.1,0,18,61,0,b205c3d4-3a6a-409b-9000-01dca0af7745
usr_bc546351da5c,2024-05-17,pro,US,41,2,9.1,1,19,42,0,b205c3d4-3a6a-409b-9000-01dca0af7745
usr_7258c150bf57,2025-02-27,free,FR,42,6,6.3,1,12,83,0,b205c3d4-3a6a-409b-9000-01dca0af7745
usr_7c4dd0d3ac82,2025-11-06,free,CA,7,2,3.8,4,6,71,0,b205c3d4-3a6a-409b-9000-01dca0af7745
usr_cb368f4ff6d3,2025-12-15,free,CA,43,4,10.4,2,18,21,0,b205c3d4-3a6a-409b-9000-01dca0af7745
usr_0c4b99b67f12,2025-03-17,free,US,3,3,11.5,0,16,64,0,b205c3d4-3a6a-409b-9000-01dca0af7745
usr_c886690854c4,2025-04-18,pro,US,36,6,14.2,1,21,38,0,b205c3d4-3a6a-409b-9000-01dca0af7745
usr_e41d94f5bc60,2026-03-15,pro,DE,36,6,2.0,0,29,44,1,b205c3d4-3a6a-409b-9000-01dca0af7745
usr_aebdfb5eb9bd,2024-11-26,pro,US,33,6,14.8,3,23,91,0,b205c3d4-3a6a-409b-9000-01dca0af7745
usr_eb77abaa2366,2024-10-12,pro,DE,10,9,15.9,0,24,80,1,b205c3d4-3a6a-409b-9000-01dca0af7745
usr_4ea649502d18,2024-08-01,free,US,22,3,4.2,4,1,12,1,b205c3d4-3a6a-409b-9000-01dca0af7745
usr_fea0dea8b56e,2025-12-03,free,US,31,7,19.8,4,12,35,0,b205c3d4-3a6a-409b-9000-01dca0af7745
usr_02ca60231323,2026-04-21,free,FR,16,7,17.6,5,29,82,0,b205c3d4-3a6a-409b-9000-01dca0af7745
usr_c08ba1967432,2025-02-09,free,US,6,5,18.1,4,1,78,0,b205c3d4-3a6a-409b-9000-01dca0af7745
usr_a438975a2c2e,2026-01-02,free,CA,7,13,18.3,1,2,81,0,b205c3d4-3a6a-409b-9000-01dca0af7745
usr_0410e0315697,2025-04-27,free,US,49,12,19.3,5,5,66,0,b205c3d4-3a6a-409b-9000-01dca0af7745
usr_772aceb86e50,2025-07-05,free,UK,18,4,4.8,1,25,77,0,b205c3d4-3a6a-409b-9000-01dca0af7745
usr_19a503c8c0fa,2024-04-29,free,CA,30,1,4.4,1,16,28,1,b205c3d4-3a6a-409b-9000-01dca0af7745
usr_e0dffae72bea,2026-03-09,free,CA,12,2,7.9,4,11,90,0,b205c3d4-3a6a-409b-9000-01dca0af7745
usr_798a11a62ed4,2025-02-05,free,DE,0,10,17.8,1,3,39,0,b205c3d4-3a6a-409b-9000-01dca0af7745
usr_cc2ba3302e7a,2024-02-11,free,DE,37,3,18.8,3,1,35,0,b205c3d4-3a6a-409b-9000-01dca0af7745
usr_9a98855de5c6,2025-11-17,free,DE,31,10,16.8,4,25,18,0,b205c3d4-3a6a-409b-9000-01dca0af7745
usr_de4d1959a258,2025-10-13,free,US,37,11,14.3,1,26,16,1,b205c3d4-3a6a-409b-9000-01dca0af7745
usr_142dc4e71b9b,2024-02-10,pro,FR,31,6,2.2,4,0,11,0,b205c3d4-3a6a-409b-9000-01dca0af7745
usr_94a57711d390,2025-03-22,enterprise,US,31,14,13.4,1,21,39,0,b205c3d4-3a6a-409b-9000-01dca0af7745
usr_3c0d88d5a322,2024-02-06,free,FR,33,12,19.0,3,14,25,0,b205c3d4-3a6a-409b-9000-01dca0af7745
usr_dbfb86bd489b,2026-02-18,free,US,39,10,12.3,5,4,47,0,b205c3d4-3a6a-409b-9000-01dca0af7745
usr_d388a32542e5,2025-11-15,free,US,37,1,16.7,5,25,83,0,b205c3d4-3a6a-409b-9000-01dca0af7745
usr_dbea9df16bad,2025-02-25,pro,DE,3,7,5.9,5,1,45,0,b205c3d4-3a6a-409b-9000-01dca0af7745
usr_adfbe1f1a39b,2025-11-17,free,FR,20,9,3.7,0,1,17,0,b205c3d4-3a6a-409b-9000-01dca0af7745
usr_7df8ce345aa3,2024-06-02,free,FR,38,12,13.6,5,12,40,0,b205c3d4-3a6a-409b-9000-01dca0af7745
usr_aa46ed6a8c50,2026-03-13,free,FR,25,7,5.7,5,5,87,0,b205c3d4-3a6a-409b-9000-01dca0af7745
usr_24ea9173bd98,2024-07-05,pro,DE,42,2,13.4,4,14,18,0,b205c3d4-3a6a-409b-9000-01dca0af7745
usr_25b9283dc48f,2026-03-28,free,DE,1,7,2.6,5,3,86,0,b205c3d4-3a6a-409b-9000-01dca0af7745
usr_110488787a7a,2026-04-07,free,US,48,9,18.0,0,4,39,1,b205c3d4-3a6a-409b-9000-01dca0af7745
usr_8b1a7315d10a,2024-01-14,pro,FR,42,5,4.1,5,13,16,0,b205c3d4-3a6a-409b-9000-01dca0af7745
usr_5ca5fb186cff,2025-05-02,free,UK,38,4,13.9,0,22,45,0,b205c3d4-3a6a-409b-9000-01dca0af7745
usr_fc673138e2a7,2024-07-24,free,FR,26,7,11.4,3,14,27,1,b205c3d4-3a6a-409b-9000-01dca0af7745
usr_f407cb5b4b55,2025-05-22,free,UK,49,13,5.8,4,18,14,0,b205c3d4-3a6a-409b-9000-01dca0af7745
usr_73c7acfc529a,2024-04-29,free,DE,39,8,8.4,0,21,29,0,b205c3d4-3a6a-409b-9000-01dca0af7745
usr_aeb3e813971d,2026-02-26,free,US,0,4,6.8,1,11,75,1,b205c3d4-3a6a-409b-9000-01dca0af7745
usr_aac015ffd3ee,2025-11-05,pro,US,31,8,8.7,1,0,69,0,b205c3d4-3a6a-409b-9000-01dca0af7745
usr_dae4fb23e61b,2024-03-06,free,FR,9,14,3.2,2,4,39,0,b205c3d4-3a6a-409b-9000-01dca0af7745
usr_ab9179c066be,2026-01-22,enterprise,CA,1,1,12.1,3,13,47,1,b205c3d4-3a6a-409b-9000-01dca0af7745
usr_ce7f718ef112,2024-08-17,enterprise,DE,5,2,10.8,2,28,41,0,b205c3d4-3a6a-409b-9000-01dca0af7745
usr_ac9dd130fd6b,2025-11-07,free,FR,4,8,16.9,4,8,65,0,b205c3d4-3a6a-409b-9000-01dca0af7745
usr_96510bab8145,2025-11-16,free,US,20,13,17.9,1,12,77,0,b205c3d4-3a6a-409b-9000-01dca0af7745
usr_44d60c67616f,2024-06-02,free,CA,33,6,15.9,4,23,25,1,b205c3d4-3a6a-409b-9000-01dca0af7745
usr_1c7310d3e495,2025-05-09,free,DE,41,1,16.8,1,22,64,0,b205c3d4-3a6a-409b-9000-01dca0af7745
usr_ea33f4a932ed,2025-06-16,pro,DE,17,13,19.8,3,19,27,0,b205c3d4-3a6a-409b-9000-01dca0af7745
usr_02a238ad536e,2025-08-18,enterprise,DE,39,7,6.1,2,19,31,0,b205c3d4-3a6a-409b-9000-01dca0af7745
usr_5351e6a7ef52,2025-11-15,free,CA,6,0,5.4,0,9,64,0,b205c3d4-3a6a-409b-9000-01dca0af7745
usr_f63696306cb7,2025-11-26,pro,FR,35,12,4.3,1,1,39,0,b205c3d4-3a6a-409b-9000-01dca0af7745
usr_a8c4d62a38bb,2025-03-18,pro,UK,48,4,14.6,3,6,50,0,b205c3d4-3a6a-409b-9000-01dca0af7745
usr_5e3638c941a0,2025-10-01,free,DE,15,12,11.9,0,27,61,0,b205c3d4-3a6a-409b-9000-01dca0af7745
usr_8cad13a03fb3,2024-10-24,free,CA,4,9,3.5,4,19,14,0,b205c3d4-3a6a-409b-9000-01dca0af7745
usr_d116fdb74d78,2026-04-30,free,CA,46,12,7.9,0,9,78,1,b205c3d4-3a6a-409b-9000-01dca0af7745
usr_6633dc4508c3,2025-10-15,free,US,44,9,10.8,2,8,30,0,b205c3d4-3a6a-409b-9000-01dca0af7745
usr_03e214740536,2025-05-24,free,UK,41,4,14.4,0,7,30,1,b205c3d4-3a6a-409b-9000-01dca0af7745
usr_98bcfc8d52a9,2025-02-15,free,US,20,11,13.4,0,24,68,0,b205c3d4-3a6a-409b-9000-01dca0af7745
usr_628aec398be2,2024-03-13,free,FR,22,14,1.9,5,13,35,0,b205c3d4-3a6a-409b-9000-01dca0af7745
usr_b3e70664c055,2026-03-15,enterprise,DE,22,10,12.1,3,13,44,0,b205c3d4-3a6a-409b-9000-01dca0af7745
usr_c5ba6fb19437,2026-03-25,pro,US,2,6,7.3,4,1,45,1,b205c3d4-3a6a-409b-9000-01dca0af7745
usr_3f11cbc8954b,2025-06-29,free,CA,2,3,6.7,4,17,78,0,b205c3d4-3a6a-409b-9000-01dca0af7745
usr_babe1587ba6e,2025-06-18,pro,UK,49,5,1.5,1,22,66,0,b205c3d4-3a6a-409b-9000-01dca0af7745
usr_4afc30406c18,2025-05-29,free,UK,22,4,1.1,1,29,57,0,b205c3d4-3a6a-409b-9000-01dca0af7745
usr_c48ce37b4002,2026-04-06,free,FR,40,13,3.6,2,28,78,0,b205c3d4-3a6a-409b-9000-01dca0af7745
usr_4e375082b890,2025-01-05,free,FR,14,2,14.4,2,2,46,0,b205c3d4-3a6a-409b-9000-01dca0af7745
usr_2db48a4cd486,2025-04-25,free,DE,14,6,5.1,0,4,67,0,b205c3d4-3a6a-409b-9000-01dca0af7745
usr_3f3acf5b5cf0,2024-03-25,free,DE,37,7,6.0,3,22,85,0,b205c3d4-3a6a-409b-9000-01dca0af7745
usr_867ef955b56b,2024-01-11,free,FR,33,2,8.2,1,11,23,0,b205c3d4-3a6a-409b-9000-01dca0af7745
usr_8bb3ff8a0460,2024-07-23,free,DE,5,0,3.2,0,16,43,0,b205c3d4-3a6a-409b-9000-01dca0af7745
usr_499268f46276,2025-05-09,free,CA,6,0,14.6,1,17,80,0,b205c3d4-3a6a-409b-9000-01dca0af7745
usr_b36c2984dbc2,2024-02-21,free,FR,30,11,4.9,2,15,64,1,b205c3d4-3a6a-409b-9000-01dca0af7745
usr_455c4ef84aac,2026-04-27,free,US,28,5,1.4,2,26,21,0,b205c3d4-3a6a-409b-9000-01dca0af7745
usr_4bee23f0ea0b,2025-03-26,free,FR,19,3,8.6,3,2,50,0,b205c3d4-3a6a-409b-9000-01dca0af7745
usr_2de2c6df239d,2026-02-19,free,US,27,6,17.6,5,10,39,0,b205c3d4-3a6a-409b-9000-01dca0af7745
usr_81637269fba5,2025-10-01,free,CA,29,10,2.8,3,19,22,0,b205c3d4-3a6a-409b-9000-01dca0af7745
usr_6a9ec655fd40,2024-07-01,free,CA,38,8,5.4,5,25,93,0,b205c3d4-3a6a-409b-9000-01dca0af7745
usr_db447b9a9df4,2024-03-24,free,FR,29,11,15.5,2,27,74,0,b205c3d4-3a6a-409b-9000-01dca0af7745
usr_14dc7d26b853,2024-07-19,free,CA,20,4,19.9,2,20,71,0,b205c3d4-3a6a-409b-9000-01dca0af7745
usr_4ec8fc6d48f2,2026-03-03,enterprise,DE,35,12,16.8,5,9,31,0,b205c3d4-3a6a-409b-9000-01dca0af7745
usr_f038b9680c82,2024-07-22,free,CA,33,2,10.9,2,8,33,0,b205c3d4-3a6a-409b-9000-01dca0af7745
usr_b3f870bef607,2024-04-21,pro,FR,18,9,3.2,2,11,34,0,b205c3d4-3a6a-409b-9000-01dca0af7745
usr_9901955abc96,2024-09-04,pro,US,29,14,19.6,4,4,53,0,b205c3d4-3a6a-409b-9000-01dca0af7745
usr_9d6052a2eadf,2024-11-05,free,US,38,3,3.4,4,15,60,0,b205c3d4-3a6a-409b-9000-01dca0af7745
usr_4786be520b70,2025-05-22,free,DE,46,2,9.4,1,1,53,0,b205c3d4-3a6a-409b-9000-01dca0af7745
usr_76921d9dfac9,2026-03-08,enterprise,DE,46,7,8.9,0,1,32,0,b205c3d4-3a6a-409b-9000-01dca0af7745
usr_18e3a848a5bf,2024-10-02,free,US,8,0,15.4,4,16,55,0,b205c3d4-3a6a-409b-9000-01dca0af7745
usr_09f18d2d9413,2024-09-30,free,US,24,3,16.1,0,6,69,0,b205c3d4-3a6a-409b-9000-01dca0af7745
usr_029bad728477,2025-09-29,free,FR,36,7,15.6,5,24,14,0,b205c3d4-3a6a-409b-9000-01dca0af7745
usr_c12eb0f0c578,2025-10-10,pro,UK,25,4,5.9,1,12,86,0,b205c3d4-3a6a-409b-9000-01dca0af7745
usr_b75daff93e41,2024-10-12,free,US,35,3,12.0,3,10,44,0,b205c3d4-3a6a-409b-9000-01dca0af7745
usr_d0fde839da78,2025-05-11,free,FR,20,8,11.4,3,6,65,0,b205c3d4-3a6a-409b-9000-01dca0af7745
usr_4a3cea72b225,2025-03-02,free,US,10,11,8.8,0,7,38,0,b205c3d4-3a6a-409b-9000-01dca0af7745
usr_84e8c9ef2f46,2026-02-27,free,UK,4,9,3.1,2,28,25,0,b205c3d4-3a6a-409b-9000-01dca0af7745
usr_7120c6d1e42c,2024-06-02,free,FR,37,8,4.5,5,7,24,0,b205c3d4-3a6a-409b-9000-01dca0af7745
usr_fdfb92e4d1f9,2024-03-12,free,US,11,2,15.2,1,18,17,1,b205c3d4-3a6a-409b-9000-01dca0af7745
usr_3a419582e84b,2025-10-13,pro,UK,48,8,1.7,5,25,24,0,b205c3d4-3a6a-409b-9000-01dca0af7745
usr_b59c9557d12a,2025-11-07,free,UK,20,14,14.6,5,19,84,0,b205c3d4-3a6a-409b-9000-01dca0af7745
usr_5c2654510d08,2025-12-15,pro,DE,20,3,3.5,4,21,55,0,b205c3d4-3a6a-409b-9000-01dca0af7745
usr_552d58b9bb84,2025-09-24,free,DE,43,14,10.3,4,22,89,1,b205c3d4-3a6a-409b-9000-01dca0af7745
usr_666899e8867a,2024-09-07,free,DE,17,7,16.2,3,19,26,0,b205c3d4-3a6a-409b-9000-01dca0af7745
usr_a2802756e903,2025-05-17,free,FR,9,4,9.4,4,9,84,0,b205c3d4-3a6a-409b-9000-01dca0af7745
usr_7607e86f82de,2026-02-16,pro,FR,1,9,17.2,1,11,39,0,b205c3d4-3a6a-409b-9000-01dca0af7745
usr_2d0d4c9cf497,2025-05-21,free,US,1,4,3.9,0,11,74,0,b205c3d4-3a6a-409b-9000-01dca0af7745
usr_8e5be0309829,2024-10-03,free,CA,13,10,4.2,4,25,40,0,b205c3d4-3a6a-409b-9000-01dca0af7745
usr_50acf9506856,2024-12-12,pro,CA,40,9,3.1,1,9,61,0,b205c3d4-3a6a-409b-9000-01dca0af7745
usr_062527e082cb,2025-09-03,free,CA,14,3,8.1,5,12,56,0,b205c3d4-3a6a-409b-9000-01dca0af7745
usr_adc72748f94c,2025-02-24,free,FR,8,3,3.7,5,25,87,0,b205c3d4-3a6a-409b-9000-01dca0af7745
usr_7366bd617488,2025-11-10,free,CA,3,0,5.5,4,2,67,0,b205c3d4-3a6a-409b-9000-01dca0af7745
usr_68542270debc,2024-05-21,free,DE,14,11,10.1,2,8,22,1,b205c3d4-3a6a-409b-9000-01dca0af7745
usr_8172d7534087,2024-01-19,free,FR,36,12,19.0,4,0,81,0,b205c3d4-3a6a-409b-9000-01dca0af7745
usr_ccfb30dd5f33,2024-02-11,free,US,9,9,5.8,3,9,74,0,b205c3d4-3a6a-409b-9000-01dca0af7745
usr_67f9f0956b58,2026-04-06,free,UK,23,7,16.5,3,25,18,0,b205c3d4-3a6a-409b-9000-01dca0af7745
usr_3bbacafe06d1,2025-07-17,free,FR,39,12,5.7,4,17,48,0,b205c3d4-3a6a-409b-9000-01dca0af7745
usr_8d583fe4eb82,2025-10-26,free,DE,5,0,11.3,0,25,14,0,b205c3d4-3a6a-409b-9000-01dca0af7745
usr_75f0829a995e,2024-06-10,free,UK,4,1,14.0,1,2,74,0,b205c3d4-3a6a-409b-9000-01dca0af7745
usr_3e93e479e4bf,2024-02-01,free,FR,5,11,16.4,2,0,40,0,b205c3d4-3a6a-409b-9000-01dca0af7745
usr_39c4a5b916e9,2025-02-04,free,CA,30,13,3.8,0,14,70,0,b205c3d4-3a6a-409b-9000-01dca0af7745
usr_383715f636b8,2025-08-07,free,CA,18,13,9.0,3,15,17,0,b205c3d4-3a6a-409b-9000-01dca0af7745
usr_3611e8bc14f8,2024-12-29,free,FR,26,13,5.6,4,17,36,0,b205c3d4-3a6a-409b-9000-01dca0af7745
usr_45fd984b78c3,2025-08-23,free,CA,35,10,13.0,1,21,91,0,b205c3d4-3a6a-409b-9000-01dca0af7745
usr_55373f7b6159,2025-08-12,free,UK,28,2,4.0,2,10,15,1,b205c3d4-3a6a-409b-9000-01dca0af7745
usr_59dd3d3f50f2,2026-01-25,free,US,32,8,12.4,0,28,54,0,b205c3d4-3a6a-409b-9000-01dca0af7745
usr_08d8c18f3ae6,2025-08-18,pro,US,47,11,12.7,1,25,37,0,b205c3d4-3a6a-409b-9000-01dca0af7745
usr_e36a5d6a22a0,2025-04-05,pro,UK,43,14,12.0,3,25,77,0,b205c3d4-3a6a-409b-9000-01dca0af7745
usr_363f9caeeed0,2024-12-25,free,DE,0,5,18.8,1,18,55,0,b205c3d4-3a6a-409b-9000-01dca0af7745
usr_fe394b401abc,2025-07-28,free,UK,44,3,13.2,1,23,85,0,b205c3d4-3a6a-409b-9000-01dca0af7745
usr_488979af1ee6,2024-12-29,pro,US,15,14,2.6,2,25,40,0,b205c3d4-3a6a-409b-9000-01dca0af7745
usr_c2be8006cefd,2024-09-28,free,US,21,2,15.6,1,5,77,0,b205c3d4-3a6a-409b-9000-01dca0af7745
usr_cccce9e2842f,2024-12-27,free,US,3,4,18.6,0,12,82,0,b205c3d4-3a6a-409b-9000-01dca0af7745
usr_b386378bba02,2025-07-17,pro,CA,41,7,11.8,0,16,30,0,b205c3d4-3a6a-409b-9000-01dca0af7745
usr_c48fcac53fb0,2025-09-03,free,CA,30,12,17.3,0,15,26,1,b205c3d4-3a6a-409b-9000-01dca0af7745
usr_1a595e5cb9d5,2024-08-10,pro,CA,12,12,19.6,3,12,57,0,b205c3d4-3a6a-409b-9000-01dca0af7745
usr_60aae8640d21,2025-07-10,pro,UK,34,6,12.2,0,25,89,1,b205c3d4-3a6a-409b-9000-01dca0af7745
usr_0335ea72e9c9,2025-02-15,free,CA,38,8,2.5,5,6,35,0,b205c3d4-3a6a-409b-9000-01dca0af7745
usr_58b621175b36,2025-02-28,free,UK,4,0,2.0,4,18,18,0,b205c3d4-3a6a-409b-9000-01dca0af7745
usr_301f7d72b871,2024-09-15,free,US,4,8,13.4,3,28,43,0,b205c3d4-3a6a-409b-9000-01dca0af7745
usr_2456c5b786f0,2024-08-22,enterprise,DE,8,9,16.1,5,12,48,0,b205c3d4-3a6a-409b-9000-01dca0af7745
usr_b67253efce59,2024-02-18,free,CA,11,0,11.6,4,11,39,0,b205c3d4-3a6a-409b-9000-01dca0af7745
usr_e5726cb5a4b3,2025-02-13,free,US,49,3,3.9,2,17,70,0,b205c3d4-3a6a-409b-9000-01dca0af7745
usr_3c52625acb04,2024-10-06,pro,DE,26,4,16.6,1,24,74,1,b205c3d4-3a6a-409b-9000-01dca0af7745
usr_146f31558007,2026-04-26,free,FR,9,14,1.6,5,3,86,0,b205c3d4-3a6a-409b-9000-01dca0af7745
usr_65d0e21b280d,2025-04-30,free,DE,5,6,18.9,5,9,30,0,b205c3d4-3a6a-409b-9000-01dca0af7745
usr_8d9d4435e0a3,2024-09-18,pro,FR,37,13,16.3,1,24,90,1,b205c3d4-3a6a-409b-9000-01dca0af7745
usr_a84b04c4b357,2024-09-04,free,FR,46,0,10.0,1,26,21,0,b205c3d4-3a6a-409b-9000-01dca0af7745
usr_c2bd1f1bc50e,2026-02-21,free,US,46,13,17.2,2,22,12,0,b205c3d4-3a6a-409b-9000-01dca0af7745
usr_f6a23ec6eb17,2026-03-12,pro,US,19,5,3.8,2,16,92,0,b205c3d4-3a6a-409b-9000-01dca0af7745
usr_4f5518471322,2024-07-23,free,CA,23,5,10.3,4,22,38,0,b205c3d4-3a6a-409b-9000-01dca0af7745
usr_092c2d20f32c,2025-01-13,free,FR,26,3,4.4,2,24,25,0,b205c3d4-3a6a-409b-9000-01dca0af7745
usr_e81994c9c16d,2025-04-06,free,UK,41,0,17.8,5,23,30,0,b205c3d4-3a6a-409b-9000-01dca0af7745
usr_ae79ee1b5c7b,2024-05-17,pro,CA,27,0,2.0,0,24,60,0,b205c3d4-3a6a-409b-9000-01dca0af7745
usr_00b130b6f3f9,2025-11-05,free,DE,41,3,11.0,1,20,91,1,b205c3d4-3a6a-409b-9000-01dca0af7745
usr_842ecca068da,2024-06-02,pro,FR,12,12,11.7,0,27,31,1,b205c3d4-3a6a-409b-9000-01dca0af7745
usr_0e2e91276116,2025-08-16,pro,US,14,3,2.2,0,2,37,0,b205c3d4-3a6a-409b-9000-01dca0af7745
usr_186d71f1af9c,2026-02-01,enterprise,CA,10,4,4.1,1,12,86,0,b205c3d4-3a6a-409b-9000-01dca0af7745
usr_f56824faa0c1,2024-06-11,free,FR,38,0,3.1,4,8,39,0,b205c3d4-3a6a-409b-9000-01dca0af7745
usr_5b5f27e5c209,2024-03-09,free,FR,28,0,1.1,4,16,85,1,b205c3d4-3a6a-409b-9000-01dca0af7745
usr_33695115f0ea,2025-12-22,free,UK,29,10,4.8,4,14,20,0,b205c3d4-3a6a-409b-9000-01dca0af7745
usr_01a54d87d22d,2026-03-07,free,US,2,0,7.2,5,4,36,0,b205c3d4-3a6a-409b-9000-01dca0af7745
usr_25864073438d,2024-12-10,free,US,0,6,13.8,0,15,37,0,b205c3d4-3a6a-409b-9000-01dca0af7745
usr_2f44f15ec792,2024-11-26,free,US,37,13,17.9,5,5,26,0,b205c3d4-3a6a-409b-9000-01dca0af7745
usr_7db4d8db2bb9,2024-03-07,free,US,0,12,3.5,0,26,83,0,b205c3d4-3a6a-409b-9000-01dca0af7745
usr_ff419e65f1cc,2025-06-10,free,FR,11,4,8.6,5,13,13,0,b205c3d4-3a6a-409b-9000-01dca0af7745
usr_ee9697d6805c,2025-05-05,pro,CA,34,7,1.1,0,12,45,0,b205c3d4-3a6a-409b-9000-01dca0af7745
usr_a032ef8bc9d5,2024-03-04,free,US,43,2,9.5,5,28,55,0,b205c3d4-3a6a-409b-9000-01dca0af7745
usr_340d28e5959b,2025-07-02,free,FR,40,4,16.7,3,10,21,0,b205c3d4-3a6a-409b-9000-01dca0af7745
usr_751b93965f97,2025-08-03,pro,FR,28,7,17.6,5,5,27,0,b205c3d4-3a6a-409b-9000-01dca0af7745
usr_3a78816d0930,2024-04-21,free,UK,42,4,16.3,2,6,78,0,b205c3d4-3a6a-409b-9000-01dca0af7745
usr_f605190ab8c6,2024-12-12,free,FR,27,9,6.5,3,3,32,0,b205c3d4-3a6a-409b-9000-01dca0af7745
usr_33f636a0fedf,2024-05-07,free,DE,44,3,11.6,4,1,59,0,b205c3d4-3a6a-409b-9000-01dca0af7745
usr_2272c70da6b5,2026-01-29,free,FR,47,14,18.1,4,20,46,0,b205c3d4-3a6a-409b-9000-01dca0af7745
usr_d7fb0275d8e9,2024-09-05,free,CA,34,10,11.7,3,8,15,0,b205c3d4-3a6a-409b-9000-01dca0af7745
usr_d2605f9615cc,2025-09-13,free,CA,24,12,12.6,1,27,13,1,b205c3d4-3a6a-409b-9000-01dca0af7745
usr_54937b34ddd4,2026-03-26,free,DE,33,0,17.7,2,15,25,0,b205c3d4-3a6a-409b-9000-01dca0af7745
usr_df6c719b0fb5,2026-03-25,pro,UK,24,6,12.3,3,17,41,0,b205c3d4-3a6a-409b-9000-01dca0af7745
usr_54e6cd9e1918,2024-10-25,free,DE,39,10,8.7,2,8,64,0,b205c3d4-3a6a-409b-9000-01dca0af7745
usr_c2da562cb391,2025-07-08,free,UK,6,5,1.0,3,24,41,0,b205c3d4-3a6a-409b-9000-01dca0af7745
usr_8f741f40819c,2026-02-19,pro,FR,46,13,19.2,4,18,55,0,b205c3d4-3a6a-409b-9000-01dca0af7745
usr_02729fe45dac,2025-03-25,pro,DE,7,9,10.0,5,24,70,0,b205c3d4-3a6a-409b-9000-01dca0af7745
usr_c1c46c6ff70a,2025-02-19,free,DE,15,14,16.6,4,2,87,0,b205c3d4-3a6a-409b-9000-01dca0af7745
usr_6d4c075618d9,2024-10-23,pro,UK,24,1,11.1,5,13,58,0,b205c3d4-3a6a-409b-9000-01dca0af7745
usr_6c8a1672d21d,2024-07-11,free,DE,42,0,1.5,4,2,41,0,b205c3d4-3a6a-409b-9000-01dca0af7745
usr_75e8f36135e3,2025-09-06,free,US,15,10,11.8,2,4,15,1,b205c3d4-3a6a-409b-9000-01dca0af7745
usr_1655fd656cca,2024-03-31,free,FR,31,9,1.5,2,22,72,0,b205c3d4-3a6a-409b-9000-01dca0af7745
usr_6f887c4ed2ef,2024-12-10,free,FR,28,3,16.7,5,0,45,0,b205c3d4-3a6a-409b-9000-01dca0af7745
usr_564556b8b085,2025-07-20,free,US,14,2,14.8,1,15,94,0,b205c3d4-3a6a-409b-9000-01dca0af7745
usr_46768d8a89ca,2024-03-25,pro,US,38,2,13.4,5,15,54,0,b205c3d4-3a6a-409b-9000-01dca0af7745
usr_d979f7e2b2f8,2025-05-25,free,CA,27,13,19.9,4,26,49,1,b205c3d4-3a6a-409b-9000-01dca0af7745
usr_a064b7eb7d8a,2026-04-14,free,DE,48,9,2.9,3,19,41,0,b205c3d4-3a6a-409b-9000-01dca0af7745
usr_c249c183acd1,2025-10-14,free,UK,34,7,3.7,2,15,64,0,b205c3d4-3a6a-409b-9000-01dca0af7745
usr_e2dc6c255951,2026-04-25,pro,FR,31,10,10.2,3,19,53,0,b205c3d4-3a6a-409b-9000-01dca0af7745
usr_431405c60270,2026-02-03,free,CA,11,1,16.2,3,15,46,0,b205c3d4-3a6a-409b-9000-01dca0af7745
usr_d73d355f3fc8,2024-06-11,free,DE,20,1,14.6,5,12,14,0,b205c3d4-3a6a-409b-9000-01dca0af7745
usr_d1c35eafdf60,2025-02-07,free,DE,29,0,15.8,3,26,35,1,b205c3d4-3a6a-409b-9000-01dca0af7745
usr_62a4cdbf983a,2024-02-10,pro,FR,49,1,18.0,3,28,36,0,b205c3d4-3a6a-409b-9000-01dca0af7745
usr_98c60a4cbf3b,2024-06-14,free,US,16,5,7.2,4,15,83,0,b205c3d4-3a6a-409b-9000-01dca0af7745
usr_90b718233d8b,2026-02-16,free,UK,36,2,6.6,2,2,63,0,b205c3d4-3a6a-409b-9000-01dca0af7745
usr_31d6752eb1b7,2024-04-18,enterprise,UK,27,10,6.6,3,2,69,0,b205c3d4-3a6a-409b-9000-01dca0af7745
usr_cb35527802ec,2025-05-03,free,UK,27,11,2.0,4,25,92,0,b205c3d4-3a6a-409b-9000-01dca0af7745
usr_47175ba1c727,2024-03-30,pro,US,39,3,16.3,5,19,16,0,b205c3d4-3a6a-409b-9000-01dca0af7745
usr_337987b91f07,2025-03-27,pro,CA,28,2,14.6,1,13,45,0,b205c3d4-3a6a-409b-9000-01dca0af7745
usr_f35434ca50c4,2025-08-29,free,UK,19,12,5.4,5,20,53,0,b205c3d4-3a6a-409b-9000-01dca0af7745
usr_3da0ceb086fe,2024-06-02,free,FR,12,6,18.5,0,14,15,0,b205c3d4-3a6a-409b-9000-01dca0af7745
usr_ab1048ad24e5,2024-03-14,free,US,20,14,2.9,4,27,61,1,b205c3d4-3a6a-409b-9000-01dca0af7745
usr_139ebe0a8812,2025-01-15,free,US,9,10,11.2,3,8,87,0,b205c3d4-3a6a-409b-9000-01dca0af7745
usr_5f478bd1472b,2024-03-06,free,UK,41,9,11.7,3,21,63,0,b205c3d4-3a6a-409b-9000-01dca0af7745
usr_89cb0d7b3b93,2024-03-15,free,CA,15,7,6.4,4,3,14,0,b205c3d4-3a6a-409b-9000-01dca0af7745
usr_5412a590c15f,2024-04-04,pro,UK,35,4,14.6,1,28,14,1,b205c3d4-3a6a-409b-9000-01dca0af7745
usr_62fba0da5342,2025-10-08,free,US,3,9,17.9,5,14,74,0,b205c3d4-3a6a-409b-9000-01dca0af7745
usr_1805a19bdcd1,2024-04-10,free,DE,44,11,8.2,5,9,45,0,b205c3d4-3a6a-409b-9000-01dca0af7745
usr_0119b1040902,2024-04-21,free,UK,8,6,11.7,4,11,77,0,b205c3d4-3a6a-409b-9000-01dca0af7745
usr_27024865cce9,2026-04-03,free,CA,20,4,7.0,4,29,20,0,b205c3d4-3a6a-409b-9000-01dca0af7745
usr_a953211f1f44,2025-08-14,enterprise,UK,37,3,11.0,1,21,79,1,b205c3d4-3a6a-409b-9000-01dca0af7745
usr_8b4431df893f,2026-03-17,free,US,35,5,5.9,4,18,70,1,b205c3d4-3a6a-409b-9000-01dca0af7745
usr_ee2676936338,2024-01-04,free,UK,31,8,14.7,0,11,26,0,b205c3d4-3a6a-409b-9000-01dca0af7745
usr_ac6b686edc45,2025-07-13,free,DE,43,1,19.4,1,22,68,0,b205c3d4-3a6a-409b-9000-01dca0af7745
usr_8ac0480e11db,2024-05-02,free,US,20,6,9.1,1,26,80,1,b205c3d4-3a6a-409b-9000-01dca0af7745
usr_14fa23cc277e,2024-11-26,free,US,34,3,17.8,3,15,66,0,b205c3d4-3a6a-409b-9000-01dca0af7745
usr_1219ff6aaf1b,2025-01-16,free,FR,43,1,13.8,4,19,25,0,b205c3d4-3a6a-409b-9000-01dca0af7745
usr_cc5b3e381cde,2025-01-22,free,FR,40,9,19.5,3,19,83,1,b205c3d4-3a6a-409b-9000-01dca0af7745
usr_e27bc08ec8f9,2025-11-28,enterprise,FR,1,2,19.7,3,5,41,0,b205c3d4-3a6a-409b-9000-01dca0af7745
usr_b1461194b86f,2024-04-27,free,DE,7,8,4.9,0,16,78,0,b205c3d4-3a6a-409b-9000-01dca0af7745
usr_72d9c8b8d0a2,2024-11-29,free,CA,8,12,4.1,1,6,83,0,b205c3d4-3a6a-409b-9000-01dca0af7745
usr_0d27ed28b395,2024-10-12,free,FR,18,2,12.3,1,24,14,1,b205c3d4-3a6a-409b-9000-01dca0af7745
usr_7c782de3b45a,2024-05-11,pro,US,10,2,9.7,2,9,25,0,b205c3d4-3a6a-409b-9000-01dca0af7745
usr_86eb2b56bd20,2025-05-26,pro,UK,4,11,14.6,2,13,65,0,b205c3d4-3a6a-409b-9000-01dca0af7745
usr_14bb69f7593b,2025-02-13,free,US,28,12,1.3,1,13,38,1,b205c3d4-3a6a-409b-9000-01dca0af7745
usr_fa863460266b,2024-12-09,free,UK,25,13,3.2,4,13,67,0,b205c3d4-3a6a-409b-9000-01dca0af7745
usr_11427dfec556,2024-05-17,free,UK,29,7,8.5,4,17,10,0,b205c3d4-3a6a-409b-9000-01dca0af7745
usr_c59f536d1350,2024-12-14,free,DE,43,3,10.4,3,20,93,0,b205c3d4-3a6a-409b-9000-01dca0af7745
usr_24415ed04f67,2024-02-29,pro,UK,18,9,9.3,5,29,31,0,b205c3d4-3a6a-409b-9000-01dca0af7745
usr_47177c413718,2026-03-15,pro,FR,24,8,7.9,2,29,70,0,b205c3d4-3a6a-409b-9000-01dca0af7745
usr_da59b415ae68,2026-01-20,pro,DE,22,13,12.1,0,14,39,0,b205c3d4-3a6a-409b-9000-01dca0af7745
usr_15e459433cde,2025-08-10,enterprise,FR,30,14,18.3,1,29,21,0,b205c3d4-3a6a-409b-9000-01dca0af7745
usr_eee65ff0e6c9,2024-01-23,free,CA,14,8,16.1,5,23,79,0,b205c3d4-3a6a-409b-9000-01dca0af7745
usr_2d33f3fb7e98,2025-01-20,free,US,28,2,12.8,0,13,87,0,b205c3d4-3a6a-409b-9000-01dca0af7745
usr_4f524fef305b,2026-04-06,free,UK,11,8,6.1,1,10,18,0,b205c3d4-3a6a-409b-9000-01dca0af7745
usr_2f5ff4ba8e0f,2024-11-02,free,US,36,10,7.6,0,1,91,1,b205c3d4-3a6a-409b-9000-01dca0af7745
usr_a05b083bae8f,2024-02-08,free,CA,27,13,13.9,4,20,21,0,b205c3d4-3a6a-409b-9000-01dca0af7745
usr_fd5570db7488,2024-09-02,pro,US,2,0,10.0,5,27,44,0,b205c3d4-3a6a-409b-9000-01dca0af7745
usr_35f9437c5f6d,2025-05-28,free,UK,23,7,11.2,1,0,34,1,b205c3d4-3a6a-409b-9000-01dca0af7745
usr_a5d98d26203b,2025-06-17,pro,CA,26,4,14.2,1,1,30,0,b205c3d4-3a6a-409b-9000-01dca0af7745
usr_1c4e21996524,2025-04-15,free,FR,38,4,15.4,3,27,40,0,b205c3d4-3a6a-409b-9000-01dca0af7745
usr_75f56d2345ee,2026-04-16,free,UK,12,2,19.7,1,26,57,0,b205c3d4-3a6a-409b-9000-01dca0af7745
usr_c346e39ab0a2,2025-04-06,free,DE,16,12,7.8,5,21,12,0,b205c3d4-3a6a-409b-9000-01dca0af7745
usr_fd836552e7ff,2024-06-22,enterprise,CA,24,12,14.9,0,15,23,0,b205c3d4-3a6a-409b-9000-01dca0af7745
usr_517f6c2a1fee,2024-06-24,free,US,43,8,15.3,2,28,18,0,b205c3d4-3a6a-409b-9000-01dca0af7745
usr_bdde21df14b9,2026-01-11,pro,FR,8,5,19.5,4,28,74,1,b205c3d4-3a6a-409b-9000-01dca0af7745
usr_a31c143030d8,2024-01-17,free,CA,35,1,13.2,0,18,89,0,b205c3d4-3a6a-409b-9000-01dca0af7745
usr_9eedfca83991,2025-04-13,free,UK,19,7,18.8,3,13,31,0,b205c3d4-3a6a-409b-9000-01dca0af7745
usr_7182001234bb,2025-10-23,pro,DE,1,7,10.5,5,23,81,1,b205c3d4-3a6a-409b-9000-01dca0af7745
usr_a7123206d195,2025-01-20,free,UK,1,7,8.2,4,3,39,0,b205c3d4-3a6a-409b-9000-01dca0af7745
usr_faec0c48b06e,2025-06-15,free,DE,19,5,15.9,3,28,37,0,b205c3d4-3a6a-409b-9000-01dca0af7745
usr_3ccb95d0381c,2025-07-12,free,UK,26,7,14.3,4,1,72,0,b205c3d4-3a6a-409b-9000-01dca0af7745
usr_631a0cf77d0f,2025-06-12,free,DE,13,0,15.6,3,27,61,0,b205c3d4-3a6a-409b-9000-01dca0af7745
usr_ce53091fe10c,2025-09-14,free,UK,19,8,16.0,4,10,10,0,b205c3d4-3a6a-409b-9000-01dca0af7745
usr_b6239ae5f9be,2024-10-31,free,US,45,11,14.5,2,6,94,0,b205c3d4-3a6a-409b-9000-01dca0af7745
usr_f1bdc03a9d80,2025-03-18,free,DE,26,12,17.9,5,28,24,0,b205c3d4-3a6a-409b-9000-01dca0af7745
usr_c420dea9602e,2025-11-18,free,FR,19,9,5.9,3,26,61,0,b205c3d4-3a6a-409b-9000-01dca0af7745
usr_bea9d0725ed3,2025-01-31,free,CA,0,12,2.9,5,22,81,0,b205c3d4-3a6a-409b-9000-01dca0af7745
usr_be7f221da0b2,2025-01-04,free,UK,45,4,15.2,0,12,88,0,b205c3d4-3a6a-409b-9000-01dca0af7745
usr_208444d87da1,2026-02-24,free,US,19,10,6.0,1,29,24,1,b205c3d4-3a6a-409b-9000-01dca0af7745
usr_61fdb63daae7,2026-04-24,free,FR,39,10,10.6,0,7,84,0,b205c3d4-3a6a-409b-9000-01dca0af7745
usr_a774959af41c,2025-07-30,pro,US,37,13,13.2,1,2,12,0,b205c3d4-3a6a-409b-9000-01dca0af7745
usr_581057afde5b,2025-08-24,free,UK,49,1,11.9,0,10,33,0,b205c3d4-3a6a-409b-9000-01dca0af7745
usr_5e7974eacba7,2024-11-09,pro,CA,17,13,12.8,3,0,94,0,b205c3d4-3a6a-409b-9000-01dca0af7745
usr_1a5bdebc07fe,2024-05-11,free,FR,38,12,14.9,4,22,60,1,b205c3d4-3a6a-409b-9000-01dca0af7745
usr_4a4f18d0fd77,2024-01-02,pro,CA,37,6,19.2,0,29,11,0,b205c3d4-3a6a-409b-9000-01dca0af7745
usr_4bde27c0dff4,2024-07-10,pro,CA,43,2,18.7,0,18,86,1,b205c3d4-3a6a-409b-9000-01dca0af7745
usr_dfc5d29a86e7,2024-12-27,free,CA,19,11,3.2,0,20,86,1,b205c3d4-3a6a-409b-9000-01dca0af7745
usr_dab098abe837,2024-04-25,free,US,36,5,6.8,0,25,94,0,b205c3d4-3a6a-409b-9000-01dca0af7745
usr_b028c44fd1b8,2025-09-14,free,CA,41,8,7.6,5,22,55,0,b205c3d4-3a6a-409b-9000-01dca0af7745
usr_76d8a7fad92a,2024-05-14,free,US,3,0,9.5,0,27,56,0,b205c3d4-3a6a-409b-9000-01dca0af7745
usr_57b391edc95a,2025-02-26,free,DE,6,6,5.8,3,12,26,0,b205c3d4-3a6a-409b-9000-01dca0af7745
usr_371015f694b3,2025-05-22,free,US,4,14,14.2,4,23,83,0,b205c3d4-3a6a-409b-9000-01dca0af7745
usr_77cb55c064d7,2024-06-07,pro,DE,33,2,15.8,0,1,54,0,b205c3d4-3a6a-409b-9000-01dca0af7745
usr_cacab976b891,2024-10-21,free,DE,39,8,6.4,4,16,74,0,b205c3d4-3a6a-409b-9000-01dca0af7745
usr_b134daec18f1,2024-06-30,free,DE,9,4,6.5,3,11,64,0,b205c3d4-3a6a-409b-9000-01dca0af7745
usr_578f0ed8deba,2024-10-17,pro,UK,29,4,2.0,3,15,63,0,b205c3d4-3a6a-409b-9000-01dca0af7745
usr_080e3769887e,2024-12-15,free,US,7,8,19.0,5,18,16,0,b205c3d4-3a6a-409b-9000-01dca0af7745
usr_1433d68eeb2f,2025-06-04,free,CA,13,12,17.6,4,2,23,0,b205c3d4-3a6a-409b-9000-01dca0af7745
usr_438be1eeed77,2024-07-15,enterprise,FR,9,0,9.8,3,3,80,0,b205c3d4-3a6a-409b-9000-01dca0af7745
usr_7b17e446d29c,2025-10-26,enterprise,UK,28,6,19.6,2,11,12,0,b205c3d4-3a6a-409b-9000-01dca0af7745
usr_ee5e3d5a1bef,2024-08-18,free,FR,14,7,9.5,3,27,50,0,b205c3d4-3a6a-409b-9000-01dca0af7745
usr_d75836d868ed,2024-04-21,free,CA,13,6,11.5,2,23,48,0,b205c3d4-3a6a-409b-9000-01dca0af7745
usr_f412513631a5,2024-01-04,free,US,36,8,10.3,2,18,45,0,b205c3d4-3a6a-409b-9000-01dca0af7745
usr_aad88132377e,2025-01-28,free,FR,8,0,16.5,1,1,54,1,b205c3d4-3a6a-409b-9000-01dca0af7745
usr_685ddd80f16c,2024-11-18,enterprise,US,31,9,12.5,0,25,53,0,b205c3d4-3a6a-409b-9000-01dca0af7745
usr_59c689395f8a,2024-08-21,pro,CA,33,3,2.3,4,28,85,0,b205c3d4-3a6a-409b-9000-01dca0af7745
usr_a21d09647b51,2024-08-10,free,DE,43,8,5.3,2,14,64,0,b205c3d4-3a6a-409b-9000-01dca0af7745
usr_23934f850850,2025-02-15,free,CA,18,0,18.6,4,1,16,0,b205c3d4-3a6a-409b-9000-01dca0af7745
usr_6a9c146ebaa5,2025-08-25,pro,DE,23,4,5.1,4,29,57,1,b205c3d4-3a6a-409b-9000-01dca0af7745
usr_dee8773c6220,2024-10-27,pro,CA,2,11,6.3,0,10,26,0,b205c3d4-3a6a-409b-9000-01dca0af7745
usr_c73ba8441252,2025-03-17,free,CA,49,0,15.4,4,21,42,0,b205c3d4-3a6a-409b-9000-01dca0af7745
usr_126ab0c6f711,2024-05-31,free,FR,40,2,16.2,0,11,83,0,b205c3d4-3a6a-409b-9000-01dca0af7745
usr_0b6b060fb1bf,2024-04-08,free,DE,16,4,6.6,0,16,55,0,b205c3d4-3a6a-409b-9000-01dca0af7745
usr_74317d0ce67d,2025-07-17,free,US,21,9,4.1,5,9,35,0,b205c3d4-3a6a-409b-9000-01dca0af7745
usr_558a859c133e,2024-04-15,free,US,14,8,6.0,1,14,42,0,b205c3d4-3a6a-409b-9000-01dca0af7745
usr_930c9e824ab8,2024-11-24,pro,DE,46,7,17.2,1,28,57,0,b205c3d4-3a6a-409b-9000-01dca0af7745
usr_18c754be5317,2025-06-30,free,DE,28,13,14.6,1,28,60,0,b205c3d4-3a6a-409b-9000-01dca0af7745
usr_c2ee997de605,2024-02-25,free,FR,9,10,5.3,4,5,55,0,b205c3d4-3a6a-409b-9000-01dca0af7745
usr_3c090141eff5,2025-12-11,free,DE,9,14,15.7,1,0,78,1,b205c3d4-3a6a-409b-9000-01dca0af7745
usr_4b72e014ef4f,2025-07-13,free,FR,19,9,19.9,5,23,63,0,b205c3d4-3a6a-409b-9000-01dca0af7745
usr_8edcd37a8dcd,2026-02-25,free,FR,25,1,4.9,4,4,83,0,b205c3d4-3a6a-409b-9000-01dca0af7745
usr_ccc06875e00a,2024-01-09,free,DE,35,12,15.6,3,19,35,0,b205c3d4-3a6a-409b-9000-01dca0af7745
usr_908653d2e661,2025-06-19,free,FR,24,12,11.0,5,4,57,0,b205c3d4-3a6a-409b-9000-01dca0af7745
usr_7d18f8b0e066,2024-10-02,pro,DE,12,1,17.0,2,4,17,0,b205c3d4-3a6a-409b-9000-01dca0af7745
usr_6bf09ddec738,2024-03-01,free,CA,7,1,14.3,3,19,34,0,b205c3d4-3a6a-409b-9000-01dca0af7745
usr_bd6d9d79a8ec,2024-10-24,free,UK,29,3,15.9,0,5,66,1,b205c3d4-3a6a-409b-9000-01dca0af7745
usr_60c831c72b0d,2024-01-05,pro,FR,30,12,6.2,0,18,64,0,b205c3d4-3a6a-409b-9000-01dca0af7745
usr_5f419c9cabb1,2024-08-05,pro,UK,42,11,16.9,2,17,41,0,b205c3d4-3a6a-409b-9000-01dca0af7745
usr_a5f872f29783,2025-02-01,free,US,21,10,2.8,4,9,92,0,b205c3d4-3a6a-409b-9000-01dca0af7745
usr_70a4c3e7570c,2024-06-17,pro,US,40,13,18.6,4,15,90,0,b205c3d4-3a6a-409b-9000-01dca0af7745
usr_c6483c0a8ec8,2025-02-17,free,FR,13,7,17.8,0,21,18,0,b205c3d4-3a6a-409b-9000-01dca0af7745
usr_b18104192eb0,2025-05-19,free,US,45,5,12.4,1,11,21,0,b205c3d4-3a6a-409b-9000-01dca0af7745
usr_72d145821e35,2024-03-28,pro,FR,1,12,14.4,1,7,77,0,b205c3d4-3a6a-409b-9000-01dca0af7745
usr_0c80562baf51,2024-03-12,pro,US,15,11,3.7,3,8,86,0,b205c3d4-3a6a-409b-9000-01dca0af7745
usr_15e49b423413,2026-02-07,free,DE,38,3,13.7,2,28,22,1,b205c3d4-3a6a-409b-9000-01dca0af7745
usr_4e7061f79ded,2026-02-01,free,UK,16,8,8.7,0,15,11,0,b205c3d4-3a6a-409b-9000-01dca0af7745
usr_0bda2e7006ba,2025-06-05,pro,DE,21,7,11.4,3,4,10,0,b205c3d4-3a6a-409b-9000-01dca0af7745
usr_a2221b57001e,2025-12-23,free,FR,35,10,8.5,4,24,54,1,b205c3d4-3a6a-409b-9000-01dca0af7745
usr_4782b5c367ea,2026-03-24,free,US,7,5,9.5,4,18,64,0,b205c3d4-3a6a-409b-9000-01dca0af7745
usr_58d1e8dc567d,2025-07-18,pro,UK,20,13,18.1,5,27,88,0,b205c3d4-3a6a-409b-9000-01dca0af7745
usr_d3fdb769e3d6,2024-10-11,free,US,13,14,11.7,3,9,74,0,b205c3d4-3a6a-409b-9000-01dca0af7745
usr_a3ada126660a,2025-12-17,free,UK,33,5,12.9,0,14,23,0,b205c3d4-3a6a-409b-9000-01dca0af7745
usr_134ea803fa96,2025-11-12,enterprise,CA,31,1,10.1,3,28,94,0,b205c3d4-3a6a-409b-9000-01dca0af7745
usr_0587d6297f94,2025-11-29,free,CA,24,13,5.4,1,15,92,0,b205c3d4-3a6a-409b-9000-01dca0af7745
usr_4358ba6140db,2026-04-14,free,CA,46,11,1.0,5,21,50,1,b205c3d4-3a6a-409b-9000-01dca0af7745
usr_3f76cf1f4e46,2025-02-23,free,UK,13,4,15.0,5,23,70,0,b205c3d4-3a6a-409b-9000-01dca0af7745
